solid OpenSCAD_Model
  facet normal 1 -0 0
    outer loop
      vertex 9.5 16.5 2.5
      vertex 9.5 28.5 0
      vertex 9.5 28.5 2.5
    endloop
  endfacet
  facet normal 1 0 0
    outer loop
      vertex 9.5 28.5 0
      vertex 9.5 16.5 2.5
      vertex 9.5 16.5 0
    endloop
  endfacet
  facet normal -1 0 0
    outer loop
      vertex 31.5 16.5 0
      vertex 31.5 28.5 2.5
      vertex 31.5 28.5 0
    endloop
  endfacet
  facet normal -1 -0 0
    outer loop
      vertex 31.5 28.5 2.5
      vertex 31.5 16.5 0
      vertex 31.5 16.5 2.5
    endloop
  endfacet
  facet normal 0 -1 0
    outer loop
      vertex 9.5 28.5 0
      vertex 31.5 28.5 2.5
      vertex 9.5 28.5 2.5
    endloop
  endfacet
  facet normal 0 -1 -0
    outer loop
      vertex 31.5 28.5 2.5
      vertex 9.5 28.5 0
      vertex 31.5 28.5 0
    endloop
  endfacet
  facet normal 0 0 -1
    outer loop
      vertex 9.6 8 0
      vertex 9.5 16.5 0
      vertex 31.5 16.5 0
    endloop
  endfacet
  facet normal 0 0 -1
    outer loop
      vertex -6 6 0
      vertex 9.5 28.5 0
      vertex 9.5 16.5 0
    endloop
  endfacet
  facet normal -0 0 -1
    outer loop
      vertex 9.5 28.5 0
      vertex -6 6 0
      vertex 9.5 58.5 0
    endloop
  endfacet
  facet normal 0 0 -1
    outer loop
      vertex 7.2 9.38564 0
      vertex 9.5 16.5 0
      vertex 8.8 9.38564 0
    endloop
  endfacet
  facet normal 0 0 -1
    outer loop
      vertex 8.8 9.38564 0
      vertex 9.5 16.5 0
      vertex 9.6 8 0
    endloop
  endfacet
  facet normal 0 0 -1
    outer loop
      vertex 31.5 70.5 0
      vertex 26.1749 76.5518 0
      vertex 26.5 78.5 0
    endloop
  endfacet
  facet normal 0 0 -1
    outer loop
      vertex 31.5 70.5 0
      vertex 25.2348 74.8147 0
      vertex 26.1749 76.5518 0
    endloop
  endfacet
  facet normal 0 0 -1
    outer loop
      vertex 31.5 70.5 0
      vertex 23.7817 73.477 0
      vertex 25.2348 74.8147 0
    endloop
  endfacet
  facet normal 0 0 -1
    outer loop
      vertex 31.5 70.5 0
      vertex 21.9729 72.6836 0
      vertex 23.7817 73.477 0
    endloop
  endfacet
  facet normal 0 0 -1
    outer loop
      vertex 31.5 70.5 0
      vertex 20.0045 72.5205 0
      vertex 21.9729 72.6836 0
    endloop
  endfacet
  facet normal 0 0 -1
    outer loop
      vertex 8.8 79.6144 0
      vertex 14.5818 79.4876 0
      vertex 14.5818 77.5124 0
    endloop
  endfacet
  facet normal 0 0 -1
    outer loop
      vertex 9.5 70.5 0
      vertex 14.5818 77.5124 0
      vertex 15.2232 75.6443 0
    endloop
  endfacet
  facet normal 0 0 -1
    outer loop
      vertex 9.5 70.5 0
      vertex 15.2232 75.6443 0
      vertex 16.4363 74.0857 0
    endloop
  endfacet
  facet normal 0 0 -1
    outer loop
      vertex 9.5 70.5 0
      vertex 20.0045 72.5205 0
      vertex 31.5 70.5 0
    endloop
  endfacet
  facet normal 0 0 -1
    outer loop
      vertex 9.5 70.5 0
      vertex 18.0898 73.0054 0
      vertex 20.0045 72.5205 0
    endloop
  endfacet
  facet normal 0 0 -1
    outer loop
      vertex 9.5 70.5 0
      vertex 16.4363 74.0857 0
      vertex 18.0898 73.0054 0
    endloop
  endfacet
  facet normal -0 0 -1
    outer loop
      vertex 14.5818 77.5124 0
      vertex 9.5 70.5 0
      vertex 8.8 79.6144 0
    endloop
  endfacet
  facet normal 0 0 -1
    outer loop
      vertex -6 6 0
      vertex 9.5 16.5 0
      vertex 7.2 9.38564 0
    endloop
  endfacet
  facet normal 0 0 -1
    outer loop
      vertex 14.5818 79.4876 0
      vertex 8.8 79.6144 0
      vertex 9.6 81 0
    endloop
  endfacet
  facet normal 0 0 -1
    outer loop
      vertex -6 83 0
      vertex 9.5 58.5 0
      vertex -6 6 0
    endloop
  endfacet
  facet normal 0 0 -1
    outer loop
      vertex 9.5 70.5 0
      vertex 7.2 79.6144 0
      vertex 8.8 79.6144 0
    endloop
  endfacet
  facet normal 0 0 -1
    outer loop
      vertex -6 6 0
      vertex 7.2 9.38564 0
      vertex 6.4 8 0
    endloop
  endfacet
  facet normal 0 0 -1
    outer loop
      vertex 9.5 58.5 0
      vertex -6 83 0
      vertex 9.5 70.5 0
    endloop
  endfacet
  facet normal 0 0 -1
    outer loop
      vertex 50.5818 37.4876 0
      vertex 26.1749 38.4482 0
      vertex 51.2232 39.3557 0
    endloop
  endfacet
  facet normal 0 0 -1
    outer loop
      vertex 31.5 28.5 0
      vertex 26.1749 34.5518 0
      vertex 26.5 36.5 0
    endloop
  endfacet
  facet normal 0 0 -1
    outer loop
      vertex 31.5 28.5 0
      vertex 25.2348 32.8147 0
      vertex 26.1749 34.5518 0
    endloop
  endfacet
  facet normal 0 0 -1
    outer loop
      vertex 31.5 28.5 0
      vertex 23.7817 31.477 0
      vertex 25.2348 32.8147 0
    endloop
  endfacet
  facet normal 0 0 -1
    outer loop
      vertex 31.5 28.5 0
      vertex 21.9729 30.6836 0
      vertex 23.7817 31.477 0
    endloop
  endfacet
  facet normal 0 0 -1
    outer loop
      vertex 31.5 28.5 0
      vertex 20.0045 30.5205 0
      vertex 21.9729 30.6836 0
    endloop
  endfacet
  facet normal -0 0 -1
    outer loop
      vertex 14.5818 35.5124 0
      vertex 9.5 28.5 0
      vertex 14.5818 37.4876 0
    endloop
  endfacet
  facet normal -0 0 -1
    outer loop
      vertex 15.2232 33.6443 0
      vertex 9.5 28.5 0
      vertex 14.5818 35.5124 0
    endloop
  endfacet
  facet normal -0 0 -1
    outer loop
      vertex 16.4363 32.0857 0
      vertex 9.5 28.5 0
      vertex 15.2232 33.6443 0
    endloop
  endfacet
  facet normal -0 0 -1
    outer loop
      vertex 18.0898 31.0054 0
      vertex 9.5 28.5 0
      vertex 16.4363 32.0857 0
    endloop
  endfacet
  facet normal -0 0 -1
    outer loop
      vertex 20.0045 30.5205 0
      vertex 9.5 28.5 0
      vertex 18.0898 31.0054 0
    endloop
  endfacet
  facet normal 0 0 -1
    outer loop
      vertex 9.5 28.5 0
      vertex 20.0045 30.5205 0
      vertex 31.5 28.5 0
    endloop
  endfacet
  facet normal -0 0 -1
    outer loop
      vertex 51.2232 39.3557 0
      vertex 26.1749 38.4482 0
      vertex 31.5 58.5 0
    endloop
  endfacet
  facet normal 0 0 -1
    outer loop
      vertex 25.2348 40.1853 0
      vertex 31.5 58.5 0
      vertex 26.1749 38.4482 0
    endloop
  endfacet
  facet normal 0 0 -1
    outer loop
      vertex 23.7817 41.523 0
      vertex 31.5 58.5 0
      vertex 25.2348 40.1853 0
    endloop
  endfacet
  facet normal 0 0 -1
    outer loop
      vertex 21.9729 42.3164 0
      vertex 31.5 58.5 0
      vertex 23.7817 41.523 0
    endloop
  endfacet
  facet normal 0 0 -1
    outer loop
      vertex 20.0045 42.4795 0
      vertex 31.5 58.5 0
      vertex 21.9729 42.3164 0
    endloop
  endfacet
  facet normal 0 0 -1
    outer loop
      vertex 9.5 58.5 0
      vertex 20.0045 42.4795 0
      vertex 18.0898 41.9946 0
    endloop
  endfacet
  facet normal 0 0 -1
    outer loop
      vertex 9.5 58.5 0
      vertex 18.0898 41.9946 0
      vertex 16.4363 40.9143 0
    endloop
  endfacet
  facet normal 0 0 -1
    outer loop
      vertex 9.5 58.5 0
      vertex 14.5818 37.4876 0
      vertex 9.5 28.5 0
    endloop
  endfacet
  facet normal 0 0 -1
    outer loop
      vertex 20.0045 42.4795 0
      vertex 9.5 58.5 0
      vertex 31.5 58.5 0
    endloop
  endfacet
  facet normal 0 0 -1
    outer loop
      vertex 15.2232 39.3557 0
      vertex 9.5 58.5 0
      vertex 16.4363 40.9143 0
    endloop
  endfacet
  facet normal 0 0 -1
    outer loop
      vertex 14.5818 37.4876 0
      vertex 9.5 58.5 0
      vertex 15.2232 39.3557 0
    endloop
  endfacet
  facet normal 0 0 -1
    outer loop
      vertex 67.5 70.5 0
      vertex 62.1749 76.5518 0
      vertex 62.5 78.5 0
    endloop
  endfacet
  facet normal 0 0 -1
    outer loop
      vertex 67.5 70.5 0
      vertex 61.2348 74.8147 0
      vertex 62.1749 76.5518 0
    endloop
  endfacet
  facet normal 0 0 -1
    outer loop
      vertex 67.5 70.5 0
      vertex 59.7817 73.477 0
      vertex 61.2348 74.8147 0
    endloop
  endfacet
  facet normal 0 0 -1
    outer loop
      vertex 67.5 70.5 0
      vertex 57.9729 72.6836 0
      vertex 59.7817 73.477 0
    endloop
  endfacet
  facet normal 0 0 -1
    outer loop
      vertex 67.5 70.5 0
      vertex 56.0045 72.5205 0
      vertex 57.9729 72.6836 0
    endloop
  endfacet
  facet normal -0 0 -1
    outer loop
      vertex 50.5818 77.5124 0
      vertex 45.5 70.5 0
      vertex 50.5818 79.4876 0
    endloop
  endfacet
  facet normal -0 0 -1
    outer loop
      vertex 51.2232 75.6443 0
      vertex 45.5 70.5 0
      vertex 50.5818 77.5124 0
    endloop
  endfacet
  facet normal -0 0 -1
    outer loop
      vertex 52.4363 74.0857 0
      vertex 45.5 70.5 0
      vertex 51.2232 75.6443 0
    endloop
  endfacet
  facet normal -0 0 -1
    outer loop
      vertex 54.0898 73.0054 0
      vertex 45.5 70.5 0
      vertex 52.4363 74.0857 0
    endloop
  endfacet
  facet normal -0 0 -1
    outer loop
      vertex 56.0045 72.5205 0
      vertex 45.5 70.5 0
      vertex 54.0898 73.0054 0
    endloop
  endfacet
  facet normal 0 0 -1
    outer loop
      vertex 45.5 70.5 0
      vertex 56.0045 72.5205 0
      vertex 67.5 70.5 0
    endloop
  endfacet
  facet normal 0 0 -1
    outer loop
      vertex 87.2232 39.3557 0
      vertex 67.5 58.5 0
      vertex 81.5 58.5 0
    endloop
  endfacet
  facet normal 0 0 -1
    outer loop
      vertex 67.5 28.5 0
      vertex 62.1749 34.5518 0
      vertex 62.5 36.5 0
    endloop
  endfacet
  facet normal 0 0 -1
    outer loop
      vertex 67.5 28.5 0
      vertex 61.2348 32.8147 0
      vertex 62.1749 34.5518 0
    endloop
  endfacet
  facet normal 0 0 -1
    outer loop
      vertex 67.5 28.5 0
      vertex 59.7817 31.477 0
      vertex 61.2348 32.8147 0
    endloop
  endfacet
  facet normal 0 0 -1
    outer loop
      vertex 67.5 28.5 0
      vertex 57.9729 30.6836 0
      vertex 59.7817 31.477 0
    endloop
  endfacet
  facet normal 0 0 -1
    outer loop
      vertex 67.5 28.5 0
      vertex 56.0045 30.5205 0
      vertex 57.9729 30.6836 0
    endloop
  endfacet
  facet normal -0 0 -1
    outer loop
      vertex 50.5818 35.5124 0
      vertex 45.5 28.5 0
      vertex 50.5818 37.4876 0
    endloop
  endfacet
  facet normal -0 0 -1
    outer loop
      vertex 51.2232 33.6443 0
      vertex 45.5 28.5 0
      vertex 50.5818 35.5124 0
    endloop
  endfacet
  facet normal -0 0 -1
    outer loop
      vertex 52.4363 32.0857 0
      vertex 45.5 28.5 0
      vertex 51.2232 33.6443 0
    endloop
  endfacet
  facet normal -0 0 -1
    outer loop
      vertex 54.0898 31.0054 0
      vertex 45.5 28.5 0
      vertex 52.4363 32.0857 0
    endloop
  endfacet
  facet normal -0 0 -1
    outer loop
      vertex 56.0045 30.5205 0
      vertex 45.5 28.5 0
      vertex 54.0898 31.0054 0
    endloop
  endfacet
  facet normal 0 0 -1
    outer loop
      vertex 45.5 28.5 0
      vertex 56.0045 30.5205 0
      vertex 67.5 28.5 0
    endloop
  endfacet
  facet normal -0 0 -1
    outer loop
      vertex 87.2232 39.3557 0
      vertex 62.1749 38.4482 0
      vertex 67.5 58.5 0
    endloop
  endfacet
  facet normal 0 0 -1
    outer loop
      vertex 61.2348 40.1853 0
      vertex 67.5 58.5 0
      vertex 62.1749 38.4482 0
    endloop
  endfacet
  facet normal 0 0 -1
    outer loop
      vertex 59.7817 41.523 0
      vertex 67.5 58.5 0
      vertex 61.2348 40.1853 0
    endloop
  endfacet
  facet normal 0 0 -1
    outer loop
      vertex 57.9729 42.3164 0
      vertex 67.5 58.5 0
      vertex 59.7817 41.523 0
    endloop
  endfacet
  facet normal 0 0 -1
    outer loop
      vertex 56.0045 42.4795 0
      vertex 67.5 58.5 0
      vertex 57.9729 42.3164 0
    endloop
  endfacet
  facet normal 0 0 -1
    outer loop
      vertex 45.5 58.5 0
      vertex 56.0045 42.4795 0
      vertex 54.0898 41.9946 0
    endloop
  endfacet
  facet normal 0 0 -1
    outer loop
      vertex 45.5 58.5 0
      vertex 54.0898 41.9946 0
      vertex 52.4363 40.9143 0
    endloop
  endfacet
  facet normal 0 0 -1
    outer loop
      vertex 31.5 28.5 0
      vertex 50.5818 37.4876 0
      vertex 45.5 28.5 0
    endloop
  endfacet
  facet normal 0 0 -1
    outer loop
      vertex 56.0045 42.4795 0
      vertex 45.5 58.5 0
      vertex 67.5 58.5 0
    endloop
  endfacet
  facet normal 0 0 -1
    outer loop
      vertex 51.2232 39.3557 0
      vertex 45.5 58.5 0
      vertex 52.4363 40.9143 0
    endloop
  endfacet
  facet normal 0 0 -1
    outer loop
      vertex 26.5 36.5 0
      vertex 50.5818 37.4876 0
      vertex 31.5 28.5 0
    endloop
  endfacet
  facet normal 0 0 -1
    outer loop
      vertex 98.1749 38.4482 0
      vertex 103.5 28.5 0
      vertex 98.5 36.5 0
    endloop
  endfacet
  facet normal 0 0 -1
    outer loop
      vertex 103.5 28.5 0
      vertex 98.1749 34.5518 0
      vertex 98.5 36.5 0
    endloop
  endfacet
  facet normal 0 0 -1
    outer loop
      vertex 103.5 28.5 0
      vertex 97.2348 32.8147 0
      vertex 98.1749 34.5518 0
    endloop
  endfacet
  facet normal 0 0 -1
    outer loop
      vertex 103.5 28.5 0
      vertex 95.7817 31.477 0
      vertex 97.2348 32.8147 0
    endloop
  endfacet
  facet normal 0 0 -1
    outer loop
      vertex 103.5 28.5 0
      vertex 93.9729 30.6836 0
      vertex 95.7817 31.477 0
    endloop
  endfacet
  facet normal 0 0 -1
    outer loop
      vertex 103.5 28.5 0
      vertex 92.0045 30.5205 0
      vertex 93.9729 30.6836 0
    endloop
  endfacet
  facet normal -0 0 -1
    outer loop
      vertex 86.5818 35.5124 0
      vertex 81.5 28.5 0
      vertex 86.5818 37.4876 0
    endloop
  endfacet
  facet normal -0 0 -1
    outer loop
      vertex 87.2232 33.6443 0
      vertex 81.5 28.5 0
      vertex 86.5818 35.5124 0
    endloop
  endfacet
  facet normal -0 0 -1
    outer loop
      vertex 88.4363 32.0857 0
      vertex 81.5 28.5 0
      vertex 87.2232 33.6443 0
    endloop
  endfacet
  facet normal -0 0 -1
    outer loop
      vertex 90.0898 31.0054 0
      vertex 81.5 28.5 0
      vertex 88.4363 32.0857 0
    endloop
  endfacet
  facet normal -0 0 -1
    outer loop
      vertex 92.0045 30.5205 0
      vertex 81.5 28.5 0
      vertex 90.0898 31.0054 0
    endloop
  endfacet
  facet normal 0 0 -1
    outer loop
      vertex 81.5 28.5 0
      vertex 92.0045 30.5205 0
      vertex 103.5 28.5 0
    endloop
  endfacet
  facet normal 0 0 -1
    outer loop
      vertex 103.5 58.5 0
      vertex 119 6 0
      vertex 103.5 28.5 0
    endloop
  endfacet
  facet normal 0 0 -1
    outer loop
      vertex 103.5 70.5 0
      vertex 119 83 0
      vertex 103.5 58.5 0
    endloop
  endfacet
  facet normal 0 0 -1
    outer loop
      vertex 103.5 16.5 0
      vertex 105.8 9.38564 0
      vertex 104.2 9.38564 0
    endloop
  endfacet
  facet normal 0 0 -1
    outer loop
      vertex 119 6 0
      vertex 103.5 58.5 0
      vertex 119 83 0
    endloop
  endfacet
  facet normal 0 0 -1
    outer loop
      vertex 105.8 9.38564 0
      vertex 103.5 16.5 0
      vertex 103.5 28.5 0
    endloop
  endfacet
  facet normal 0 0 -1
    outer loop
      vertex 103.4 8 0
      vertex 103.5 16.5 0
      vertex 104.2 9.38564 0
    endloop
  endfacet
  facet normal -0 0 -1
    outer loop
      vertex 103.5 16.5 0
      vertex 103.4 8 0
      vertex 81.5 16.5 0
    endloop
  endfacet
  facet normal 0 0 -1
    outer loop
      vertex 106.6 8 0
      vertex 119 6 0
      vertex 118.987 5.60747 0
    endloop
  endfacet
  facet normal 0 0 -1
    outer loop
      vertex 105.8 9.38564 0
      vertex 119 6 0
      vertex 106.6 8 0
    endloop
  endfacet
  facet normal 0 0 -1
    outer loop
      vertex 106.6 8 0
      vertex 118.987 5.60747 0
      vertex 118.936 4.82431 0
    endloop
  endfacet
  facet normal 0 0 -1
    outer loop
      vertex 103.5 28.5 0
      vertex 119 6 0
      vertex 105.8 9.38564 0
    endloop
  endfacet
  facet normal 0 0 -1
    outer loop
      vertex 106.6 8 0
      vertex 118.936 4.82431 0
      vertex 118.833 4.04636 0
    endloop
  endfacet
  facet normal -0 0 -1
    outer loop
      vertex 119 83 0
      vertex 106.6 81 0
      vertex 118.987 83.3925 0
    endloop
  endfacet
  facet normal 0 0 -1
    outer loop
      vertex 106.6 8 0
      vertex 118.833 4.04636 0
      vertex 118.68 3.2766 0
    endloop
  endfacet
  facet normal -0 0 -1
    outer loop
      vertex 118.987 83.3925 0
      vertex 106.6 81 0
      vertex 118.936 84.1757 0
    endloop
  endfacet
  facet normal 0 0 -1
    outer loop
      vertex 106.6 8 0
      vertex 118.68 3.2766 0
      vertex 118.477 2.51849 0
    endloop
  endfacet
  facet normal -0 0 -1
    outer loop
      vertex 118.936 84.1757 0
      vertex 106.6 81 0
      vertex 118.833 84.9536 0
    endloop
  endfacet
  facet normal 0 0 -1
    outer loop
      vertex 106.6 8 0
      vertex 118.477 2.51849 0
      vertex 118.225 1.7753 0
    endloop
  endfacet
  facet normal -0 0 -1
    outer loop
      vertex 118.833 84.9536 0
      vertex 106.6 81 0
      vertex 118.68 85.7234 0
    endloop
  endfacet
  facet normal -0 0 -1
    outer loop
      vertex 118.477 86.4815 0
      vertex 106.6 81 0
      vertex 118.225 87.2247 0
    endloop
  endfacet
  facet normal 0 0 -1
    outer loop
      vertex 106.6 8 0
      vertex 118.225 1.7753 0
      vertex 117.924 1.05014 0
    endloop
  endfacet
  facet normal -0 0 -1
    outer loop
      vertex 118.225 87.2247 0
      vertex 106.6 81 0
      vertex 117.925 87.9498 0
    endloop
  endfacet
  facet normal 0 0 -1
    outer loop
      vertex 105.8 6.61436 0
      vertex 117.924 1.05014 0
      vertex 117.577 0.346252 0
    endloop
  endfacet
  facet normal 0 0 -1
    outer loop
      vertex 105.8 6.61436 0
      vertex 117.577 0.346252 0
      vertex 117.185 -0.33342 0
    endloop
  endfacet
  facet normal -0 0 -1
    outer loop
      vertex 118.68 85.7234 0
      vertex 106.6 81 0
      vertex 118.477 86.4815 0
    endloop
  endfacet
  facet normal 0 0 -1
    outer loop
      vertex 105.8 6.61436 0
      vertex 117.185 -0.33342 0
      vertex 116.749 -0.985992 0
    endloop
  endfacet
  facet normal 0 0 -1
    outer loop
      vertex 105.8 82.3856 0
      vertex 117.925 87.9498 0
      vertex 106.6 81 0
    endloop
  endfacet
  facet normal 0 0 -1
    outer loop
      vertex 105.8 6.61436 0
      vertex 116.749 -0.985992 0
      vertex 116.271 -1.60867 0
    endloop
  endfacet
  facet normal -0 0 -1
    outer loop
      vertex 117.925 87.9498 0
      vertex 105.8 82.3856 0
      vertex 117.577 88.6537 0
    endloop
  endfacet
  facet normal 0 0 -1
    outer loop
      vertex 105.8 6.61436 0
      vertex 116.271 -1.60867 0
      vertex 115.754 -2.19875 0
    endloop
  endfacet
  facet normal -0 0 -1
    outer loop
      vertex 117.577 88.6537 0
      vertex 105.8 82.3856 0
      vertex 117.185 89.3335 0
    endloop
  endfacet
  facet normal 0 0 -1
    outer loop
      vertex 105.8 6.61436 0
      vertex 115.754 -2.19875 0
      vertex 115.199 -2.75366 0
    endloop
  endfacet
  facet normal -0 0 -1
    outer loop
      vertex 117.185 89.3335 0
      vertex 105.8 82.3856 0
      vertex 116.749 89.986 0
    endloop
  endfacet
  facet normal 0 0 -1
    outer loop
      vertex 105.8 6.61436 0
      vertex 115.199 -2.75366 0
      vertex 114.609 -3.27115 0
    endloop
  endfacet
  facet normal -0 0 -1
    outer loop
      vertex 116.749 89.986 0
      vertex 105.8 82.3856 0
      vertex 116.271 90.6087 0
    endloop
  endfacet
  facet normal 0 0 -1
    outer loop
      vertex 105.8 6.61436 0
      vertex 114.609 -3.27115 0
      vertex 113.986 -3.74892 0
    endloop
  endfacet
  facet normal -0 0 -1
    outer loop
      vertex 116.271 90.6087 0
      vertex 105.8 82.3856 0
      vertex 115.754 91.1987 0
    endloop
  endfacet
  facet normal 0 0 -1
    outer loop
      vertex 105.8 6.61436 0
      vertex 113.986 -3.74892 0
      vertex 113.333 -4.18495 0
    endloop
  endfacet
  facet normal -0 0 -1
    outer loop
      vertex 115.754 91.1987 0
      vertex 105.8 82.3856 0
      vertex 115.199 91.7536 0
    endloop
  endfacet
  facet normal 0 0 -1
    outer loop
      vertex 105.8 6.61436 0
      vertex 113.333 -4.18495 0
      vertex 112.654 -4.57742 0
    endloop
  endfacet
  facet normal -0 0 -1
    outer loop
      vertex 115.199 91.7536 0
      vertex 105.8 82.3856 0
      vertex 114.609 92.2711 0
    endloop
  endfacet
  facet normal 0 0 -1
    outer loop
      vertex 105.8 6.61436 0
      vertex 112.654 -4.57742 0
      vertex 111.95 -4.92455 0
    endloop
  endfacet
  facet normal -0 0 -1
    outer loop
      vertex 114.609 92.2711 0
      vertex 105.8 82.3856 0
      vertex 113.986 92.7489 0
    endloop
  endfacet
  facet normal 0 0 -1
    outer loop
      vertex 105.8 6.61436 0
      vertex 111.95 -4.92455 0
      vertex 111.225 -5.22488 0
    endloop
  endfacet
  facet normal -0 0 -1
    outer loop
      vertex 113.986 92.7489 0
      vertex 105.8 82.3856 0
      vertex 113.333 93.1849 0
    endloop
  endfacet
  facet normal 0 0 -1
    outer loop
      vertex 105.8 6.61436 0
      vertex 111.225 -5.22488 0
      vertex 110.481 -5.47716 0
    endloop
  endfacet
  facet normal -0 0 -1
    outer loop
      vertex 113.333 93.1849 0
      vertex 105.8 82.3856 0
      vertex 112.654 93.5774 0
    endloop
  endfacet
  facet normal 0 0 -1
    outer loop
      vertex 105.8 6.61436 0
      vertex 110.481 -5.47716 0
      vertex 109.723 -5.68028 0
    endloop
  endfacet
  facet normal -0 0 -1
    outer loop
      vertex 112.654 93.5774 0
      vertex 105.8 82.3856 0
      vertex 111.95 93.9245 0
    endloop
  endfacet
  facet normal 0 0 -1
    outer loop
      vertex 105.8 6.61436 0
      vertex 109.723 -5.68028 0
      vertex 108.954 -5.83339 0
    endloop
  endfacet
  facet normal -0 0 -1
    outer loop
      vertex 111.95 93.9245 0
      vertex 105.8 82.3856 0
      vertex 111.225 94.2249 0
    endloop
  endfacet
  facet normal -0 0 -1
    outer loop
      vertex 110.481 94.4771 0
      vertex 105.8 82.3856 0
      vertex 109.723 94.6803 0
    endloop
  endfacet
  facet normal 0 0 -1
    outer loop
      vertex 105.8 6.61436 0
      vertex 108.954 -5.83339 0
      vertex 108.176 -5.93582 0
    endloop
  endfacet
  facet normal -0 0 -1
    outer loop
      vertex 109.723 94.6803 0
      vertex 105.8 82.3856 0
      vertex 108.954 94.8334 0
    endloop
  endfacet
  facet normal 0 0 -1
    outer loop
      vertex 105.8 6.61436 0
      vertex 108.176 -5.93582 0
      vertex 107.392 -5.98715 0
    endloop
  endfacet
  facet normal 0 0 -1
    outer loop
      vertex 105.8 6.61436 0
      vertex 107.392 -5.98715 0
      vertex 107 -6 0
    endloop
  endfacet
  facet normal -0 0 -1
    outer loop
      vertex 111.225 94.2249 0
      vertex 105.8 82.3856 0
      vertex 110.481 94.4771 0
    endloop
  endfacet
  facet normal -0 0 -1
    outer loop
      vertex 108.954 94.8334 0
      vertex 105.8 82.3856 0
      vertex 108.176 94.9358 0
    endloop
  endfacet
  facet normal 0 0 -1
    outer loop
      vertex 117.924 1.05014 0
      vertex 105.8 6.61436 0
      vertex 106.6 8 0
    endloop
  endfacet
  facet normal 0 0 -1
    outer loop
      vertex 107 -6 0
      vertex 104.2 6.61436 0
      vertex 105.8 6.61436 0
    endloop
  endfacet
  facet normal 0 0 -1
    outer loop
      vertex 81.5 16.5 0
      vertex 104.2 6.61436 0
      vertex 107 -6 0
    endloop
  endfacet
  facet normal 0 0 -1
    outer loop
      vertex 104.2 6.61436 0
      vertex 81.5 16.5 0
      vertex 103.4 8 0
    endloop
  endfacet
  facet normal 0 0 -1
    outer loop
      vertex 67.5 28.5 0
      vertex 81.5 28.5 0
      vertex 81.5 16.5 0
    endloop
  endfacet
  facet normal 0 0 -1
    outer loop
      vertex 62.5 36.5 0
      vertex 81.5 28.5 0
      vertex 67.5 28.5 0
    endloop
  endfacet
  facet normal 0 0 -1
    outer loop
      vertex 67.5 28.5 0
      vertex 81.5 16.5 0
      vertex 67.5 16.5 0
    endloop
  endfacet
  facet normal 0 0 -1
    outer loop
      vertex 107 -6 0
      vertex 67.5 16.5 0
      vertex 81.5 16.5 0
    endloop
  endfacet
  facet normal 0 0 -1
    outer loop
      vertex 107 -6 0
      vertex 45.5 16.5 0
      vertex 67.5 16.5 0
    endloop
  endfacet
  facet normal 0 0 -1
    outer loop
      vertex 31.5 28.5 0
      vertex 45.5 28.5 0
      vertex 45.5 16.5 0
    endloop
  endfacet
  facet normal 0 0 -1
    outer loop
      vertex 26.1749 38.4482 0
      vertex 50.5818 37.4876 0
      vertex 26.5 36.5 0
    endloop
  endfacet
  facet normal 0 0 -1
    outer loop
      vertex 31.5 28.5 0
      vertex 45.5 16.5 0
      vertex 31.5 16.5 0
    endloop
  endfacet
  facet normal 0 0 -1
    outer loop
      vertex 6 -6 0
      vertex 45.5 16.5 0
      vertex 107 -6 0
    endloop
  endfacet
  facet normal -0 0 -1
    outer loop
      vertex 45.5 16.5 0
      vertex 6 -6 0
      vertex 31.5 16.5 0
    endloop
  endfacet
  facet normal 0 -0 -1
    outer loop
      vertex 8.8 6.61436 0
      vertex 31.5 16.5 0
      vertex 6 -6 0
    endloop
  endfacet
  facet normal 0 0 -1
    outer loop
      vertex 31.5 16.5 0
      vertex 8.8 6.61436 0
      vertex 9.6 8 0
    endloop
  endfacet
  facet normal 0 0 -1
    outer loop
      vertex 4.82443 -5.93582 0
      vertex 7.2 6.61436 0
      vertex 5.60759 -5.98715 0
    endloop
  endfacet
  facet normal 0 0 -1
    outer loop
      vertex 5.60759 -5.98715 0
      vertex 7.2 6.61436 0
      vertex 6 -6 0
    endloop
  endfacet
  facet normal -0 0 -1
    outer loop
      vertex 8.8 6.61436 0
      vertex 6 -6 0
      vertex 7.2 6.61436 0
    endloop
  endfacet
  facet normal -0 0 -1
    outer loop
      vertex 108.176 94.9358 0
      vertex 105.8 82.3856 0
      vertex 107.393 94.9872 0
    endloop
  endfacet
  facet normal -0 0 -1
    outer loop
      vertex 107.393 94.9872 0
      vertex 105.8 82.3856 0
      vertex 107 95 0
    endloop
  endfacet
  facet normal 0 0 -1
    outer loop
      vertex 104.2 82.3856 0
      vertex 107 95 0
      vertex 105.8 82.3856 0
    endloop
  endfacet
  facet normal 0 0 -1
    outer loop
      vertex 97.2348 82.1853 0
      vertex 104.2 82.3856 0
      vertex 103.4 81 0
    endloop
  endfacet
  facet normal 0 0 -1
    outer loop
      vertex 98.1749 80.4482 0
      vertex 103.4 81 0
      vertex 98.5 78.5 0
    endloop
  endfacet
  facet normal 0 0 -1
    outer loop
      vertex 97.2348 82.1853 0
      vertex 103.4 81 0
      vertex 98.1749 80.4482 0
    endloop
  endfacet
  facet normal -0 0 -1
    outer loop
      vertex 104.2 82.3856 0
      vertex 97.2348 82.1853 0
      vertex 95.7817 83.523 0
    endloop
  endfacet
  facet normal 0 0 -1
    outer loop
      vertex 104.2 82.3856 0
      vertex 95.7817 83.523 0
      vertex 107 95 0
    endloop
  endfacet
  facet normal 0 0 -1
    outer loop
      vertex 93.9729 84.3164 0
      vertex 107 95 0
      vertex 95.7817 83.523 0
    endloop
  endfacet
  facet normal 0 0 -1
    outer loop
      vertex 92.0045 84.4795 0
      vertex 107 95 0
      vertex 93.9729 84.3164 0
    endloop
  endfacet
  facet normal 0 0 -1
    outer loop
      vertex 90.0898 83.9946 0
      vertex 107 95 0
      vertex 92.0045 84.4795 0
    endloop
  endfacet
  facet normal 0 0 -1
    outer loop
      vertex 62.5 78.5 0
      vertex 86.5818 79.4876 0
      vertex 81.5 70.5 0
    endloop
  endfacet
  facet normal 0 0 -1
    outer loop
      vertex 86.5818 37.4876 0
      vertex 62.1749 38.4482 0
      vertex 87.2232 39.3557 0
    endloop
  endfacet
  facet normal 0 0 -1
    outer loop
      vertex 81.5 58.5 0
      vertex 67.5 58.5 0
      vertex 81.5 70.5 0
    endloop
  endfacet
  facet normal 0 0 -1
    outer loop
      vertex 67.5 70.5 0
      vertex 81.5 70.5 0
      vertex 67.5 58.5 0
    endloop
  endfacet
  facet normal 0 0 -1
    outer loop
      vertex 62.5 78.5 0
      vertex 81.5 70.5 0
      vertex 67.5 70.5 0
    endloop
  endfacet
  facet normal 0 0 -1
    outer loop
      vertex 62.1749 80.4482 0
      vertex 86.5818 79.4876 0
      vertex 62.5 78.5 0
    endloop
  endfacet
  facet normal 0 0 -1
    outer loop
      vertex 86.5818 79.4876 0
      vertex 62.1749 80.4482 0
      vertex 87.2232 81.3557 0
    endloop
  endfacet
  facet normal 0 0 -1
    outer loop
      vertex 61.2348 82.1853 0
      vertex 87.2232 81.3557 0
      vertex 62.1749 80.4482 0
    endloop
  endfacet
  facet normal 0 0 -1
    outer loop
      vertex 87.2232 81.3557 0
      vertex 61.2348 82.1853 0
      vertex 88.4363 82.9143 0
    endloop
  endfacet
  facet normal 0 0 -1
    outer loop
      vertex 59.7817 83.523 0
      vertex 88.4363 82.9143 0
      vertex 61.2348 82.1853 0
    endloop
  endfacet
  facet normal 0 0 -1
    outer loop
      vertex 88.4363 82.9143 0
      vertex 59.7817 83.523 0
      vertex 90.0898 83.9946 0
    endloop
  endfacet
  facet normal 0 0 -1
    outer loop
      vertex 57.9729 84.3164 0
      vertex 90.0898 83.9946 0
      vertex 59.7817 83.523 0
    endloop
  endfacet
  facet normal 0 0 -1
    outer loop
      vertex 90.0898 83.9946 0
      vertex 57.9729 84.3164 0
      vertex 107 95 0
    endloop
  endfacet
  facet normal 0 0 -1
    outer loop
      vertex 56.0045 84.4795 0
      vertex 107 95 0
      vertex 57.9729 84.3164 0
    endloop
  endfacet
  facet normal 0 0 -1
    outer loop
      vertex 26.5 78.5 0
      vertex 50.5818 79.4876 0
      vertex 45.5 70.5 0
    endloop
  endfacet
  facet normal 0 0 -1
    outer loop
      vertex 51.2232 39.3557 0
      vertex 31.5 58.5 0
      vertex 45.5 58.5 0
    endloop
  endfacet
  facet normal 0 0 -1
    outer loop
      vertex 45.5 58.5 0
      vertex 31.5 58.5 0
      vertex 45.5 70.5 0
    endloop
  endfacet
  facet normal 0 0 -1
    outer loop
      vertex 31.5 70.5 0
      vertex 45.5 70.5 0
      vertex 31.5 58.5 0
    endloop
  endfacet
  facet normal 0 0 -1
    outer loop
      vertex 26.5 78.5 0
      vertex 45.5 70.5 0
      vertex 31.5 70.5 0
    endloop
  endfacet
  facet normal 0 0 -1
    outer loop
      vertex 26.1749 80.4482 0
      vertex 50.5818 79.4876 0
      vertex 26.5 78.5 0
    endloop
  endfacet
  facet normal 0 0 -1
    outer loop
      vertex 50.5818 79.4876 0
      vertex 26.1749 80.4482 0
      vertex 51.2232 81.3557 0
    endloop
  endfacet
  facet normal 0 0 -1
    outer loop
      vertex 25.2348 82.1853 0
      vertex 51.2232 81.3557 0
      vertex 26.1749 80.4482 0
    endloop
  endfacet
  facet normal 0 0 -1
    outer loop
      vertex 51.2232 81.3557 0
      vertex 25.2348 82.1853 0
      vertex 52.4363 82.9143 0
    endloop
  endfacet
  facet normal 0 0 -1
    outer loop
      vertex 23.7817 83.523 0
      vertex 52.4363 82.9143 0
      vertex 25.2348 82.1853 0
    endloop
  endfacet
  facet normal 0 0 -1
    outer loop
      vertex 52.4363 82.9143 0
      vertex 23.7817 83.523 0
      vertex 54.0898 83.9946 0
    endloop
  endfacet
  facet normal 0 0 -1
    outer loop
      vertex 21.9729 84.3164 0
      vertex 54.0898 83.9946 0
      vertex 23.7817 83.523 0
    endloop
  endfacet
  facet normal 0 0 -1
    outer loop
      vertex 6 95 0
      vertex 54.0898 83.9946 0
      vertex 21.9729 84.3164 0
    endloop
  endfacet
  facet normal 0 0 -1
    outer loop
      vertex 54.0898 83.9946 0
      vertex 6 95 0
      vertex 56.0045 84.4795 0
    endloop
  endfacet
  facet normal 0 0 -1
    outer loop
      vertex 6 95 0
      vertex 21.9729 84.3164 0
      vertex 20.0045 84.4795 0
    endloop
  endfacet
  facet normal 0 0 -1
    outer loop
      vertex 9.6 81 0
      vertex 15.2232 81.3557 0
      vertex 14.5818 79.4876 0
    endloop
  endfacet
  facet normal 0 0 -1
    outer loop
      vertex 8.8 82.3856 0
      vertex 15.2232 81.3557 0
      vertex 9.6 81 0
    endloop
  endfacet
  facet normal 0 0 -1
    outer loop
      vertex 15.2232 81.3557 0
      vertex 8.8 82.3856 0
      vertex 16.4363 82.9143 0
    endloop
  endfacet
  facet normal 0 0 -1
    outer loop
      vertex 6 95 0
      vertex 16.4363 82.9143 0
      vertex 8.8 82.3856 0
    endloop
  endfacet
  facet normal 0 0 -1
    outer loop
      vertex 16.4363 82.9143 0
      vertex 6 95 0
      vertex 18.0898 83.9946 0
    endloop
  endfacet
  facet normal 0 0 -1
    outer loop
      vertex 6 95 0
      vertex 8.8 82.3856 0
      vertex 7.2 82.3856 0
    endloop
  endfacet
  facet normal 0 0 -1
    outer loop
      vertex 56.0045 84.4795 0
      vertex 6 95 0
      vertex 107 95 0
    endloop
  endfacet
  facet normal 0 0 -1
    outer loop
      vertex 18.0898 83.9946 0
      vertex 6 95 0
      vertex 20.0045 84.4795 0
    endloop
  endfacet
  facet normal 0 0 -1
    outer loop
      vertex -4.92455 87.9498 0
      vertex 7.2 82.3856 0
      vertex 6.4 81 0
    endloop
  endfacet
  facet normal 0 0 -1
    outer loop
      vertex 9.5 70.5 0
      vertex -6 83 0
      vertex 7.2 79.6144 0
    endloop
  endfacet
  facet normal 0 0 -1
    outer loop
      vertex 4.04636 -5.83339 0
      vertex 7.2 6.61436 0
      vertex 4.82443 -5.93582 0
    endloop
  endfacet
  facet normal 0 0 -1
    outer loop
      vertex 7.2 79.6144 0
      vertex -6 83 0
      vertex 6.4 81 0
    endloop
  endfacet
  facet normal 0 0 -1
    outer loop
      vertex 3.2766 -5.68028 0
      vertex 7.2 6.61436 0
      vertex 4.04636 -5.83339 0
    endloop
  endfacet
  facet normal 0 -0 -1
    outer loop
      vertex -5.98715 83.3924 0
      vertex 6.4 81 0
      vertex -6 83 0
    endloop
  endfacet
  facet normal 0 0 -1
    outer loop
      vertex 2.51849 -5.47716 0
      vertex 7.2 6.61436 0
      vertex 3.2766 -5.68028 0
    endloop
  endfacet
  facet normal 0 0 -1
    outer loop
      vertex 7.2 82.3856 0
      vertex 5.60747 94.9872 0
      vertex 6 95 0
    endloop
  endfacet
  facet normal 0 0 -1
    outer loop
      vertex 1.7753 -5.22488 0
      vertex 7.2 6.61436 0
      vertex 2.51849 -5.47716 0
    endloop
  endfacet
  facet normal 0 -0 -1
    outer loop
      vertex -5.93582 84.1756 0
      vertex 6.4 81 0
      vertex -5.98715 83.3924 0
    endloop
  endfacet
  facet normal 0 0 -1
    outer loop
      vertex 1.05014 -4.92451 0
      vertex 7.2 6.61436 0
      vertex 1.7753 -5.22488 0
    endloop
  endfacet
  facet normal 0 0 -1
    outer loop
      vertex 7.2 82.3856 0
      vertex 4.82431 94.9358 0
      vertex 5.60747 94.9872 0
    endloop
  endfacet
  facet normal 0 0 -1
    outer loop
      vertex 0.346252 -4.57739 0
      vertex 7.2 6.61436 0
      vertex 1.05014 -4.92451 0
    endloop
  endfacet
  facet normal 0 0 -1
    outer loop
      vertex 7.2 82.3856 0
      vertex 4.04636 94.8334 0
      vertex 4.82431 94.9358 0
    endloop
  endfacet
  facet normal 0 0 -1
    outer loop
      vertex -0.33342 -4.18498 0
      vertex 7.2 6.61436 0
      vertex 0.346252 -4.57739 0
    endloop
  endfacet
  facet normal 0 0 -1
    outer loop
      vertex 7.2 82.3856 0
      vertex 3.2766 94.6803 0
      vertex 4.04636 94.8334 0
    endloop
  endfacet
  facet normal 0 0 -1
    outer loop
      vertex -0.985992 -3.74895 0
      vertex 7.2 6.61436 0
      vertex -0.33342 -4.18498 0
    endloop
  endfacet
  facet normal 0 0 -1
    outer loop
      vertex 7.2 82.3856 0
      vertex 2.51849 94.4771 0
      vertex 3.2766 94.6803 0
    endloop
  endfacet
  facet normal 0 0 -1
    outer loop
      vertex -1.60867 -3.27115 0
      vertex 7.2 6.61436 0
      vertex -0.985992 -3.74895 0
    endloop
  endfacet
  facet normal 0 0 -1
    outer loop
      vertex 7.2 82.3856 0
      vertex 1.7753 94.2249 0
      vertex 2.51849 94.4771 0
    endloop
  endfacet
  facet normal 0 0 -1
    outer loop
      vertex -2.19875 -2.75366 0
      vertex 7.2 6.61436 0
      vertex -1.60867 -3.27115 0
    endloop
  endfacet
  facet normal 0 0 -1
    outer loop
      vertex 7.2 82.3856 0
      vertex 1.05014 93.9245 0
      vertex 1.7753 94.2249 0
    endloop
  endfacet
  facet normal 0 0 -1
    outer loop
      vertex -2.75366 -2.19875 0
      vertex 7.2 6.61436 0
      vertex -2.19875 -2.75366 0
    endloop
  endfacet
  facet normal 0 0 -1
    outer loop
      vertex 7.2 82.3856 0
      vertex 0.346252 93.5774 0
      vertex 1.05014 93.9245 0
    endloop
  endfacet
  facet normal 0 0 -1
    outer loop
      vertex -3.27115 -1.60867 0
      vertex 7.2 6.61436 0
      vertex -2.75366 -2.19875 0
    endloop
  endfacet
  facet normal 0 0 -1
    outer loop
      vertex 7.2 82.3856 0
      vertex -0.33342 93.185 0
      vertex 0.346252 93.5774 0
    endloop
  endfacet
  facet normal 0 0 -1
    outer loop
      vertex -3.74895 -0.985992 0
      vertex 7.2 6.61436 0
      vertex -3.27115 -1.60867 0
    endloop
  endfacet
  facet normal 0 0 -1
    outer loop
      vertex 7.2 82.3856 0
      vertex -0.985992 92.7489 0
      vertex -0.33342 93.185 0
    endloop
  endfacet
  facet normal 0 0 -1
    outer loop
      vertex -4.18498 -0.33342 0
      vertex 7.2 6.61436 0
      vertex -3.74895 -0.985992 0
    endloop
  endfacet
  facet normal 0 0 -1
    outer loop
      vertex 7.2 82.3856 0
      vertex -1.60867 92.2711 0
      vertex -0.985992 92.7489 0
    endloop
  endfacet
  facet normal 0 0 -1
    outer loop
      vertex 7.2 82.3856 0
      vertex -2.75366 91.1987 0
      vertex -2.19875 91.7536 0
    endloop
  endfacet
  facet normal 0 0 -1
    outer loop
      vertex -4.57739 0.346252 0
      vertex 7.2 6.61436 0
      vertex -4.18498 -0.33342 0
    endloop
  endfacet
  facet normal 0 0 -1
    outer loop
      vertex 7.2 82.3856 0
      vertex -3.27115 90.6087 0
      vertex -2.75366 91.1987 0
    endloop
  endfacet
  facet normal 0 0 -1
    outer loop
      vertex -4.92451 1.05014 0
      vertex 7.2 6.61436 0
      vertex -4.57739 0.346252 0
    endloop
  endfacet
  facet normal -0 0 -1
    outer loop
      vertex 7.2 6.61436 0
      vertex -4.92451 1.05014 0
      vertex 6.4 8 0
    endloop
  endfacet
  facet normal 0 0 -1
    outer loop
      vertex 7.2 82.3856 0
      vertex -2.19875 91.7536 0
      vertex -1.60867 92.2711 0
    endloop
  endfacet
  facet normal 0 0 -1
    outer loop
      vertex -5.22488 1.7753 0
      vertex 6.4 8 0
      vertex -4.92451 1.05014 0
    endloop
  endfacet
  facet normal 0 0 -1
    outer loop
      vertex 7.2 82.3856 0
      vertex -3.74892 89.986 0
      vertex -3.27115 90.6087 0
    endloop
  endfacet
  facet normal 0 0 -1
    outer loop
      vertex -5.47716 2.51849 0
      vertex 6.4 8 0
      vertex -5.22488 1.7753 0
    endloop
  endfacet
  facet normal 0 0 -1
    outer loop
      vertex 7.2 82.3856 0
      vertex -4.18495 89.3335 0
      vertex -3.74892 89.986 0
    endloop
  endfacet
  facet normal 0 0 -1
    outer loop
      vertex -5.68028 3.2766 0
      vertex 6.4 8 0
      vertex -5.47716 2.51849 0
    endloop
  endfacet
  facet normal 0 0 -1
    outer loop
      vertex 7.2 82.3856 0
      vertex -4.57742 88.6537 0
      vertex -4.18495 89.3335 0
    endloop
  endfacet
  facet normal 0 0 -1
    outer loop
      vertex -5.83339 4.04636 0
      vertex 6.4 8 0
      vertex -5.68028 3.2766 0
    endloop
  endfacet
  facet normal 0 0 -1
    outer loop
      vertex 7.2 82.3856 0
      vertex -4.92455 87.9498 0
      vertex -4.57742 88.6537 0
    endloop
  endfacet
  facet normal 0 0 -1
    outer loop
      vertex -5.93582 4.82443 0
      vertex 6.4 8 0
      vertex -5.83339 4.04636 0
    endloop
  endfacet
  facet normal 0 0 -1
    outer loop
      vertex 6.4 81 0
      vertex -5.22488 87.2247 0
      vertex -4.92455 87.9498 0
    endloop
  endfacet
  facet normal 0 0 -1
    outer loop
      vertex 6.4 8 0
      vertex -5.93582 4.82443 0
      vertex -5.98715 5.60759 0
    endloop
  endfacet
  facet normal 0 0 -1
    outer loop
      vertex 6.4 81 0
      vertex -5.47716 86.4815 0
      vertex -5.22488 87.2247 0
    endloop
  endfacet
  facet normal 0 0 -1
    outer loop
      vertex 6.4 8 0
      vertex -5.98715 5.60759 0
      vertex -6 6 0
    endloop
  endfacet
  facet normal 0 0 -1
    outer loop
      vertex 6.4 81 0
      vertex -5.68028 85.7234 0
      vertex -5.47716 86.4815 0
    endloop
  endfacet
  facet normal 0 0 -1
    outer loop
      vertex 6.4 81 0
      vertex -5.83339 84.9536 0
      vertex -5.68028 85.7234 0
    endloop
  endfacet
  facet normal 0 0 -1
    outer loop
      vertex 6.4 81 0
      vertex -5.93582 84.1756 0
      vertex -5.83339 84.9536 0
    endloop
  endfacet
  facet normal 0 -0 -1
    outer loop
      vertex 105.8 79.6144 0
      vertex 119 83 0
      vertex 103.5 70.5 0
    endloop
  endfacet
  facet normal 0 0 -1
    outer loop
      vertex 119 83 0
      vertex 105.8 79.6144 0
      vertex 106.6 81 0
    endloop
  endfacet
  facet normal -0 0 -1
    outer loop
      vertex 105.8 79.6144 0
      vertex 103.5 70.5 0
      vertex 104.2 79.6144 0
    endloop
  endfacet
  facet normal 0 0 -1
    outer loop
      vertex 98.1749 76.5518 0
      vertex 104.2 79.6144 0
      vertex 103.5 70.5 0
    endloop
  endfacet
  facet normal 0 -0 -1
    outer loop
      vertex 98.5 78.5 0
      vertex 104.2 79.6144 0
      vertex 98.1749 76.5518 0
    endloop
  endfacet
  facet normal -0 0 -1
    outer loop
      vertex 104.2 79.6144 0
      vertex 98.5 78.5 0
      vertex 103.4 81 0
    endloop
  endfacet
  facet normal 0 0 -1
    outer loop
      vertex 103.5 70.5 0
      vertex 97.2348 74.8147 0
      vertex 98.1749 76.5518 0
    endloop
  endfacet
  facet normal 0 0 -1
    outer loop
      vertex 103.5 70.5 0
      vertex 95.7817 73.477 0
      vertex 97.2348 74.8147 0
    endloop
  endfacet
  facet normal 0 0 -1
    outer loop
      vertex 103.5 70.5 0
      vertex 93.9729 72.6836 0
      vertex 95.7817 73.477 0
    endloop
  endfacet
  facet normal 0 0 -1
    outer loop
      vertex 103.5 70.5 0
      vertex 92.0045 72.5205 0
      vertex 93.9729 72.6836 0
    endloop
  endfacet
  facet normal -0 0 -1
    outer loop
      vertex 86.5818 77.5124 0
      vertex 81.5 70.5 0
      vertex 86.5818 79.4876 0
    endloop
  endfacet
  facet normal -0 0 -1
    outer loop
      vertex 87.2232 75.6443 0
      vertex 81.5 70.5 0
      vertex 86.5818 77.5124 0
    endloop
  endfacet
  facet normal -0 0 -1
    outer loop
      vertex 88.4363 74.0857 0
      vertex 81.5 70.5 0
      vertex 87.2232 75.6443 0
    endloop
  endfacet
  facet normal -0 0 -1
    outer loop
      vertex 90.0898 73.0054 0
      vertex 81.5 70.5 0
      vertex 88.4363 74.0857 0
    endloop
  endfacet
  facet normal -0 0 -1
    outer loop
      vertex 92.0045 72.5205 0
      vertex 81.5 70.5 0
      vertex 90.0898 73.0054 0
    endloop
  endfacet
  facet normal 0 0 -1
    outer loop
      vertex 81.5 70.5 0
      vertex 92.0045 72.5205 0
      vertex 103.5 70.5 0
    endloop
  endfacet
  facet normal 0 0 -1
    outer loop
      vertex 103.5 28.5 0
      vertex 98.1749 38.4482 0
      vertex 103.5 58.5 0
    endloop
  endfacet
  facet normal 0 0 -1
    outer loop
      vertex 97.2348 40.1853 0
      vertex 103.5 58.5 0
      vertex 98.1749 38.4482 0
    endloop
  endfacet
  facet normal 0 0 -1
    outer loop
      vertex 95.7817 41.523 0
      vertex 103.5 58.5 0
      vertex 97.2348 40.1853 0
    endloop
  endfacet
  facet normal 0 0 -1
    outer loop
      vertex 93.9729 42.3164 0
      vertex 103.5 58.5 0
      vertex 95.7817 41.523 0
    endloop
  endfacet
  facet normal 0 0 -1
    outer loop
      vertex 92.0045 42.4795 0
      vertex 103.5 58.5 0
      vertex 93.9729 42.3164 0
    endloop
  endfacet
  facet normal 0 0 -1
    outer loop
      vertex 81.5 58.5 0
      vertex 92.0045 42.4795 0
      vertex 90.0898 41.9946 0
    endloop
  endfacet
  facet normal 0 0 -1
    outer loop
      vertex 81.5 58.5 0
      vertex 90.0898 41.9946 0
      vertex 88.4363 40.9143 0
    endloop
  endfacet
  facet normal 0 0 -1
    outer loop
      vertex 62.5 36.5 0
      vertex 86.5818 37.4876 0
      vertex 81.5 28.5 0
    endloop
  endfacet
  facet normal 0 0 -1
    outer loop
      vertex 92.0045 42.4795 0
      vertex 81.5 58.5 0
      vertex 103.5 58.5 0
    endloop
  endfacet
  facet normal 0 0 -1
    outer loop
      vertex 87.2232 39.3557 0
      vertex 81.5 58.5 0
      vertex 88.4363 40.9143 0
    endloop
  endfacet
  facet normal 0 0 -1
    outer loop
      vertex 62.1749 38.4482 0
      vertex 86.5818 37.4876 0
      vertex 62.5 36.5 0
    endloop
  endfacet
  facet normal 0 1 -0
    outer loop
      vertex 31.5 16.5 0
      vertex 9.5 16.5 2.5
      vertex 31.5 16.5 2.5
    endloop
  endfacet
  facet normal 0 1 0
    outer loop
      vertex 9.5 16.5 2.5
      vertex 31.5 16.5 0
      vertex 9.5 16.5 0
    endloop
  endfacet
  facet normal 0 0 1
    outer loop
      vertex 32 9 2.5
      vertex 9.02265 9 2.5
      vertex 9.6 8 2.5
    endloop
  endfacet
  facet normal 0 0 1
    outer loop
      vertex 33.5867 51.7825 2.5
      vertex 43.4133 51.7825 2.5
      vertex 33.732 52 2.5
    endloop
  endfacet
  facet normal 0 0 1
    outer loop
      vertex 43.7825 35.5867 2.5
      vertex 33.9829 34.261 2.5
      vertex 34 34 2.5
    endloop
  endfacet
  facet normal 0 0 1
    outer loop
      vertex 43.4133 51.7825 2.5
      vertex 33.5867 51.7825 2.5
      vertex 43.5858 51.5858 2.5
    endloop
  endfacet
  facet normal 0 0 1
    outer loop
      vertex 43.7825 35.5867 2.5
      vertex 33.9318 34.5176 2.5
      vertex 33.9829 34.261 2.5
    endloop
  endfacet
  facet normal 0 0 1
    outer loop
      vertex 33.4142 51.5858 2.5
      vertex 43.5858 51.5858 2.5
      vertex 33.5867 51.7825 2.5
    endloop
  endfacet
  facet normal 0 0 1
    outer loop
      vertex 43.7825 35.5867 2.5
      vertex 33.8477 34.7654 2.5
      vertex 33.9318 34.5176 2.5
    endloop
  endfacet
  facet normal 0 0 1
    outer loop
      vertex 43.5858 51.5858 2.5
      vertex 33.4142 51.5858 2.5
      vertex 43.7825 51.4133 2.5
    endloop
  endfacet
  facet normal 0 0 1
    outer loop
      vertex 43.7825 35.5867 2.5
      vertex 33.732 35 2.5
      vertex 33.8477 34.7654 2.5
    endloop
  endfacet
  facet normal 0 0 1
    outer loop
      vertex 33.2175 51.4133 2.5
      vertex 43.7825 51.4133 2.5
      vertex 33.4142 51.5858 2.5
    endloop
  endfacet
  facet normal 0 0 1
    outer loop
      vertex 43.7825 35.5867 2.5
      vertex 33.5867 35.2175 2.5
      vertex 33.732 35 2.5
    endloop
  endfacet
  facet normal 0 0 1
    outer loop
      vertex 43.7825 51.4133 2.5
      vertex 33.2175 51.4133 2.5
      vertex 43.7825 35.5867 2.5
    endloop
  endfacet
  facet normal 0 0 1
    outer loop
      vertex 43.7825 35.5867 2.5
      vertex 33.4142 35.4142 2.5
      vertex 33.5867 35.2175 2.5
    endloop
  endfacet
  facet normal 0 0 1
    outer loop
      vertex 33.2175 35.5867 2.5
      vertex 43.7825 35.5867 2.5
      vertex 33.2175 51.4133 2.5
    endloop
  endfacet
  facet normal 0 0 1
    outer loop
      vertex 43.7825 35.5867 2.5
      vertex 33.2175 35.5867 2.5
      vertex 33.4142 35.4142 2.5
    endloop
  endfacet
  facet normal -0 0 1
    outer loop
      vertex 33 51.2679 2.5
      vertex 33.2175 35.5867 2.5
      vertex 33.2175 51.4133 2.5
    endloop
  endfacet
  facet normal 0 0 1
    outer loop
      vertex 33 51.2679 2.5
      vertex 33 35.732 2.5
      vertex 33.2175 35.5867 2.5
    endloop
  endfacet
  facet normal -0 0 1
    outer loop
      vertex 32.7654 51.1522 2.5
      vertex 33 35.732 2.5
      vertex 33 51.2679 2.5
    endloop
  endfacet
  facet normal 0 0 1
    outer loop
      vertex 32.7654 51.1522 2.5
      vertex 32.7654 35.8477 2.5
      vertex 33 35.732 2.5
    endloop
  endfacet
  facet normal -0 0 1
    outer loop
      vertex 32.5176 51.0681 2.5
      vertex 32.7654 35.8477 2.5
      vertex 32.7654 51.1522 2.5
    endloop
  endfacet
  facet normal 0 0 1
    outer loop
      vertex 32.5176 51.0681 2.5
      vertex 32.5176 35.9318 2.5
      vertex 32.7654 35.8477 2.5
    endloop
  endfacet
  facet normal -0 0 1
    outer loop
      vertex 32.261 51.0171 2.5
      vertex 32.5176 35.9318 2.5
      vertex 32.5176 51.0681 2.5
    endloop
  endfacet
  facet normal 0 0 1
    outer loop
      vertex 32.261 51.0171 2.5
      vertex 32.261 35.9829 2.5
      vertex 32.5176 35.9318 2.5
    endloop
  endfacet
  facet normal -0 0 1
    outer loop
      vertex 32 51 2.5
      vertex 32.261 35.9829 2.5
      vertex 32.261 51.0171 2.5
    endloop
  endfacet
  facet normal 0 0 1
    outer loop
      vertex 32 51 2.5
      vertex 32 36 2.5
      vertex 32.261 35.9829 2.5
    endloop
  endfacet
  facet normal -0 0 1
    outer loop
      vertex 25.2348 40.1853 2.5
      vertex 32 36 2.5
      vertex 32 51 2.5
    endloop
  endfacet
  facet normal 0 0 1
    outer loop
      vertex 32 36 2.5
      vertex 26.1749 38.4482 2.5
      vertex 26.5 36.5 2.5
    endloop
  endfacet
  facet normal 0 0 1
    outer loop
      vertex 32 36 2.5
      vertex 25.2348 40.1853 2.5
      vertex 26.1749 38.4482 2.5
    endloop
  endfacet
  facet normal 0 0 1
    outer loop
      vertex 32 51 2.5
      vertex 23.7817 41.523 2.5
      vertex 25.2348 40.1853 2.5
    endloop
  endfacet
  facet normal 0 0 1
    outer loop
      vertex 32 51 2.5
      vertex 21.9729 42.3164 2.5
      vertex 23.7817 41.523 2.5
    endloop
  endfacet
  facet normal 0 0 1
    outer loop
      vertex 32 51 2.5
      vertex 20.0045 42.4795 2.5
      vertex 21.9729 42.3164 2.5
    endloop
  endfacet
  facet normal -0 0 1
    outer loop
      vertex 9 51 2.5
      vertex 20.0045 42.4795 2.5
      vertex 32 51 2.5
    endloop
  endfacet
  facet normal 0 0 1
    outer loop
      vertex 20.0045 42.4795 2.5
      vertex 9 51 2.5
      vertex 18.0898 41.9946 2.5
    endloop
  endfacet
  facet normal 0 0 1
    outer loop
      vertex 9 51 2.5
      vertex 16.4363 40.9143 2.5
      vertex 18.0898 41.9946 2.5
    endloop
  endfacet
  facet normal 0 0 1
    outer loop
      vertex 9 51 2.5
      vertex 15.2232 39.3557 2.5
      vertex 16.4363 40.9143 2.5
    endloop
  endfacet
  facet normal 0 0 1
    outer loop
      vertex 9 36 2.5
      vertex 15.2232 39.3557 2.5
      vertex 9 51 2.5
    endloop
  endfacet
  facet normal 0 0 1
    outer loop
      vertex 15.2232 39.3557 2.5
      vertex 9 36 2.5
      vertex 14.5818 37.4876 2.5
    endloop
  endfacet
  facet normal 0 0 1
    outer loop
      vertex 14.5818 37.4876 2.5
      vertex 9 36 2.5
      vertex 14.5818 36 2.5
    endloop
  endfacet
  facet normal 0 0 1
    outer loop
      vertex 8.73894 51.0171 2.5
      vertex 9 36 2.5
      vertex 9 51 2.5
    endloop
  endfacet
  facet normal 0 0 1
    outer loop
      vertex 8.73894 51.0171 2.5
      vertex 8.73894 35.9829 2.5
      vertex 9 36 2.5
    endloop
  endfacet
  facet normal 0 0 1
    outer loop
      vertex 8.48236 51.0681 2.5
      vertex 8.73894 35.9829 2.5
      vertex 8.73894 51.0171 2.5
    endloop
  endfacet
  facet normal 0 0 1
    outer loop
      vertex 8.48236 51.0681 2.5
      vertex 8.48236 35.9318 2.5
      vertex 8.73894 35.9829 2.5
    endloop
  endfacet
  facet normal 0 0 1
    outer loop
      vertex 8.23462 51.1522 2.5
      vertex 8.48236 35.9318 2.5
      vertex 8.48236 51.0681 2.5
    endloop
  endfacet
  facet normal 0 0 1
    outer loop
      vertex 8.23462 51.1522 2.5
      vertex 8.23462 35.8477 2.5
      vertex 8.48236 35.9318 2.5
    endloop
  endfacet
  facet normal 0 0 1
    outer loop
      vertex 8 51.2679 2.5
      vertex 8.23462 35.8477 2.5
      vertex 8.23462 51.1522 2.5
    endloop
  endfacet
  facet normal 0 0 1
    outer loop
      vertex 8 51.2679 2.5
      vertex 8 35.732 2.5
      vertex 8.23462 35.8477 2.5
    endloop
  endfacet
  facet normal 0 0 1
    outer loop
      vertex 7.78247 51.4133 2.5
      vertex 8 35.732 2.5
      vertex 8 51.2679 2.5
    endloop
  endfacet
  facet normal 0 0 1
    outer loop
      vertex 7.78247 51.4133 2.5
      vertex 7.78247 35.5867 2.5
      vertex 8 35.732 2.5
    endloop
  endfacet
  facet normal 0 0 1
    outer loop
      vertex 7.58578 51.5858 2.5
      vertex 7.78247 35.5867 2.5
      vertex 7.78247 51.4133 2.5
    endloop
  endfacet
  facet normal 0 0 1
    outer loop
      vertex 7.58578 51.5858 2.5
      vertex 7.58578 35.4142 2.5
      vertex 7.78247 35.5867 2.5
    endloop
  endfacet
  facet normal 0 0 1
    outer loop
      vertex 7.41328 51.7825 2.5
      vertex 7.58578 35.4142 2.5
      vertex 7.58578 51.5858 2.5
    endloop
  endfacet
  facet normal 0 0 1
    outer loop
      vertex 7.41328 51.7825 2.5
      vertex 7.41328 35.2175 2.5
      vertex 7.58578 35.4142 2.5
    endloop
  endfacet
  facet normal 0 0 1
    outer loop
      vertex 7.26794 52 2.5
      vertex 7.41328 35.2175 2.5
      vertex 7.41328 51.7825 2.5
    endloop
  endfacet
  facet normal 0 0 1
    outer loop
      vertex 7.26794 52 2.5
      vertex 7.26794 35 2.5
      vertex 7.41328 35.2175 2.5
    endloop
  endfacet
  facet normal 0 0 1
    outer loop
      vertex 7.15224 52.2346 2.5
      vertex 7.26794 35 2.5
      vertex 7.26794 52 2.5
    endloop
  endfacet
  facet normal 0 0 1
    outer loop
      vertex 7.15224 52.2346 2.5
      vertex 7.15224 34.7654 2.5
      vertex 7.26794 35 2.5
    endloop
  endfacet
  facet normal 0 0 1
    outer loop
      vertex 7.06815 52.4824 2.5
      vertex 7.15224 34.7654 2.5
      vertex 7.15224 52.2346 2.5
    endloop
  endfacet
  facet normal 0 0 1
    outer loop
      vertex 7.06815 52.4824 2.5
      vertex 7.06815 34.5176 2.5
      vertex 7.15224 34.7654 2.5
    endloop
  endfacet
  facet normal 0 0 1
    outer loop
      vertex 7.01711 52.7389 2.5
      vertex 7.06815 34.5176 2.5
      vertex 7.06815 52.4824 2.5
    endloop
  endfacet
  facet normal 0 0 1
    outer loop
      vertex 7.01711 52.7389 2.5
      vertex 7.01711 34.261 2.5
      vertex 7.06815 34.5176 2.5
    endloop
  endfacet
  facet normal 0 0 1
    outer loop
      vertex 7 53 2.5
      vertex 7.01711 34.261 2.5
      vertex 7.01711 52.7389 2.5
    endloop
  endfacet
  facet normal 0 0 1
    outer loop
      vertex 7.01711 34.261 2.5
      vertex 7 53 2.5
      vertex 7 34 2.5
    endloop
  endfacet
  facet normal 0 0 1
    outer loop
      vertex 69.5867 51.7825 2.5
      vertex 79.4133 51.7825 2.5
      vertex 69.732 52 2.5
    endloop
  endfacet
  facet normal 0 0 1
    outer loop
      vertex 79.7825 35.5867 2.5
      vertex 69.9829 34.261 2.5
      vertex 70 34 2.5
    endloop
  endfacet
  facet normal 0 0 1
    outer loop
      vertex 79.4133 51.7825 2.5
      vertex 69.5867 51.7825 2.5
      vertex 79.5858 51.5858 2.5
    endloop
  endfacet
  facet normal 0 0 1
    outer loop
      vertex 79.7825 35.5867 2.5
      vertex 69.9318 34.5176 2.5
      vertex 69.9829 34.261 2.5
    endloop
  endfacet
  facet normal 0 0 1
    outer loop
      vertex 69.4142 51.5858 2.5
      vertex 79.5858 51.5858 2.5
      vertex 69.5867 51.7825 2.5
    endloop
  endfacet
  facet normal 0 0 1
    outer loop
      vertex 79.7825 35.5867 2.5
      vertex 69.8477 34.7654 2.5
      vertex 69.9318 34.5176 2.5
    endloop
  endfacet
  facet normal 0 0 1
    outer loop
      vertex 79.5858 51.5858 2.5
      vertex 69.4142 51.5858 2.5
      vertex 79.7825 51.4133 2.5
    endloop
  endfacet
  facet normal 0 0 1
    outer loop
      vertex 79.7825 35.5867 2.5
      vertex 69.732 35 2.5
      vertex 69.8477 34.7654 2.5
    endloop
  endfacet
  facet normal 0 0 1
    outer loop
      vertex 69.2175 51.4133 2.5
      vertex 79.7825 51.4133 2.5
      vertex 69.4142 51.5858 2.5
    endloop
  endfacet
  facet normal 0 0 1
    outer loop
      vertex 79.7825 35.5867 2.5
      vertex 69.5867 35.2175 2.5
      vertex 69.732 35 2.5
    endloop
  endfacet
  facet normal 0 0 1
    outer loop
      vertex 79.7825 51.4133 2.5
      vertex 69.2175 51.4133 2.5
      vertex 79.7825 35.5867 2.5
    endloop
  endfacet
  facet normal 0 0 1
    outer loop
      vertex 79.7825 35.5867 2.5
      vertex 69.4142 35.4142 2.5
      vertex 69.5867 35.2175 2.5
    endloop
  endfacet
  facet normal 0 0 1
    outer loop
      vertex 69.2175 35.5867 2.5
      vertex 79.7825 35.5867 2.5
      vertex 69.2175 51.4133 2.5
    endloop
  endfacet
  facet normal 0 0 1
    outer loop
      vertex 79.7825 35.5867 2.5
      vertex 69.2175 35.5867 2.5
      vertex 69.4142 35.4142 2.5
    endloop
  endfacet
  facet normal -0 0 1
    outer loop
      vertex 69 51.2679 2.5
      vertex 69.2175 35.5867 2.5
      vertex 69.2175 51.4133 2.5
    endloop
  endfacet
  facet normal 0 0 1
    outer loop
      vertex 69 51.2679 2.5
      vertex 69 35.732 2.5
      vertex 69.2175 35.5867 2.5
    endloop
  endfacet
  facet normal -0 0 1
    outer loop
      vertex 68.7654 51.1522 2.5
      vertex 69 35.732 2.5
      vertex 69 51.2679 2.5
    endloop
  endfacet
  facet normal 0 0 1
    outer loop
      vertex 68.7654 51.1522 2.5
      vertex 68.7654 35.8477 2.5
      vertex 69 35.732 2.5
    endloop
  endfacet
  facet normal -0 0 1
    outer loop
      vertex 68.5176 51.0681 2.5
      vertex 68.7654 35.8477 2.5
      vertex 68.7654 51.1522 2.5
    endloop
  endfacet
  facet normal 0 0 1
    outer loop
      vertex 68.5176 51.0681 2.5
      vertex 68.5176 35.9318 2.5
      vertex 68.7654 35.8477 2.5
    endloop
  endfacet
  facet normal -0 0 1
    outer loop
      vertex 68.261 51.0171 2.5
      vertex 68.5176 35.9318 2.5
      vertex 68.5176 51.0681 2.5
    endloop
  endfacet
  facet normal 0 0 1
    outer loop
      vertex 68.261 51.0171 2.5
      vertex 68.261 35.9829 2.5
      vertex 68.5176 35.9318 2.5
    endloop
  endfacet
  facet normal -0 0 1
    outer loop
      vertex 68 51 2.5
      vertex 68.261 35.9829 2.5
      vertex 68.261 51.0171 2.5
    endloop
  endfacet
  facet normal 0 0 1
    outer loop
      vertex 68 51 2.5
      vertex 68 36 2.5
      vertex 68.261 35.9829 2.5
    endloop
  endfacet
  facet normal -0 0 1
    outer loop
      vertex 61.2348 40.1853 2.5
      vertex 68 36 2.5
      vertex 68 51 2.5
    endloop
  endfacet
  facet normal 0 0 1
    outer loop
      vertex 68 36 2.5
      vertex 62.1749 38.4482 2.5
      vertex 62.5 36.5 2.5
    endloop
  endfacet
  facet normal 0 0 1
    outer loop
      vertex 68 36 2.5
      vertex 61.2348 40.1853 2.5
      vertex 62.1749 38.4482 2.5
    endloop
  endfacet
  facet normal 0 0 1
    outer loop
      vertex 68 51 2.5
      vertex 59.7817 41.523 2.5
      vertex 61.2348 40.1853 2.5
    endloop
  endfacet
  facet normal 0 0 1
    outer loop
      vertex 68 51 2.5
      vertex 57.9729 42.3164 2.5
      vertex 59.7817 41.523 2.5
    endloop
  endfacet
  facet normal 0 0 1
    outer loop
      vertex 68 51 2.5
      vertex 56.0045 42.4795 2.5
      vertex 57.9729 42.3164 2.5
    endloop
  endfacet
  facet normal -0 0 1
    outer loop
      vertex 45 51 2.5
      vertex 56.0045 42.4795 2.5
      vertex 68 51 2.5
    endloop
  endfacet
  facet normal 0 0 1
    outer loop
      vertex 56.0045 42.4795 2.5
      vertex 45 51 2.5
      vertex 54.0898 41.9946 2.5
    endloop
  endfacet
  facet normal 0 0 1
    outer loop
      vertex 45 51 2.5
      vertex 52.4363 40.9143 2.5
      vertex 54.0898 41.9946 2.5
    endloop
  endfacet
  facet normal 0 0 1
    outer loop
      vertex 45 51 2.5
      vertex 51.2232 39.3557 2.5
      vertex 52.4363 40.9143 2.5
    endloop
  endfacet
  facet normal 0 0 1
    outer loop
      vertex 45 36 2.5
      vertex 51.2232 39.3557 2.5
      vertex 45 51 2.5
    endloop
  endfacet
  facet normal 0 0 1
    outer loop
      vertex 51.2232 39.3557 2.5
      vertex 45 36 2.5
      vertex 50.5818 37.4876 2.5
    endloop
  endfacet
  facet normal 0 0 1
    outer loop
      vertex 50.5818 37.4876 2.5
      vertex 45 36 2.5
      vertex 50.5818 36 2.5
    endloop
  endfacet
  facet normal 0 0 1
    outer loop
      vertex 44.7389 51.0171 2.5
      vertex 45 36 2.5
      vertex 45 51 2.5
    endloop
  endfacet
  facet normal 0 0 1
    outer loop
      vertex 44.7389 51.0171 2.5
      vertex 44.7389 35.9829 2.5
      vertex 45 36 2.5
    endloop
  endfacet
  facet normal 0 0 1
    outer loop
      vertex 44.4824 51.0681 2.5
      vertex 44.7389 35.9829 2.5
      vertex 44.7389 51.0171 2.5
    endloop
  endfacet
  facet normal 0 0 1
    outer loop
      vertex 44.4824 51.0681 2.5
      vertex 44.4824 35.9318 2.5
      vertex 44.7389 35.9829 2.5
    endloop
  endfacet
  facet normal 0 0 1
    outer loop
      vertex 44.2346 51.1522 2.5
      vertex 44.4824 35.9318 2.5
      vertex 44.4824 51.0681 2.5
    endloop
  endfacet
  facet normal 0 0 1
    outer loop
      vertex 44.2346 51.1522 2.5
      vertex 44.2346 35.8477 2.5
      vertex 44.4824 35.9318 2.5
    endloop
  endfacet
  facet normal 0 0 1
    outer loop
      vertex 44 51.2679 2.5
      vertex 44.2346 35.8477 2.5
      vertex 44.2346 51.1522 2.5
    endloop
  endfacet
  facet normal 0 0 1
    outer loop
      vertex 44 51.2679 2.5
      vertex 44 35.732 2.5
      vertex 44.2346 35.8477 2.5
    endloop
  endfacet
  facet normal 0 0 1
    outer loop
      vertex 43.7825 51.4133 2.5
      vertex 44 35.732 2.5
      vertex 44 51.2679 2.5
    endloop
  endfacet
  facet normal 0 0 1
    outer loop
      vertex 43.7825 51.4133 2.5
      vertex 43.7825 35.5867 2.5
      vertex 44 35.732 2.5
    endloop
  endfacet
  facet normal 0 0 1
    outer loop
      vertex 43.1522 52.2346 2.5
      vertex 33.8477 52.2346 2.5
      vertex 43.2679 52 2.5
    endloop
  endfacet
  facet normal 0 0 1
    outer loop
      vertex 33.732 52 2.5
      vertex 43.2679 52 2.5
      vertex 33.8477 52.2346 2.5
    endloop
  endfacet
  facet normal 0 0 1
    outer loop
      vertex 33.8477 52.2346 2.5
      vertex 43.1522 52.2346 2.5
      vertex 33.9318 52.4824 2.5
    endloop
  endfacet
  facet normal 0 0 1
    outer loop
      vertex 43.2679 52 2.5
      vertex 33.732 52 2.5
      vertex 43.4133 51.7825 2.5
    endloop
  endfacet
  facet normal 0 0 1
    outer loop
      vertex 43.0681 52.4824 2.5
      vertex 33.9318 52.4824 2.5
      vertex 43.1522 52.2346 2.5
    endloop
  endfacet
  facet normal 0 0 1
    outer loop
      vertex 43.7825 35.5867 2.5
      vertex 34 34 2.5
      vertex 43.5858 35.4142 2.5
    endloop
  endfacet
  facet normal 0 0 1
    outer loop
      vertex 33.9318 52.4824 2.5
      vertex 43.0681 52.4824 2.5
      vertex 33.9829 52.7389 2.5
    endloop
  endfacet
  facet normal 0 0 1
    outer loop
      vertex 43.5858 35.4142 2.5
      vertex 34 34 2.5
      vertex 43.4133 35.2175 2.5
    endloop
  endfacet
  facet normal 0 0 1
    outer loop
      vertex 43.0171 52.7389 2.5
      vertex 33.9829 52.7389 2.5
      vertex 43.0681 52.4824 2.5
    endloop
  endfacet
  facet normal 0 0 1
    outer loop
      vertex 43.4133 35.2175 2.5
      vertex 34 34 2.5
      vertex 43.2679 35 2.5
    endloop
  endfacet
  facet normal 0 0 1
    outer loop
      vertex 33.9829 52.7389 2.5
      vertex 43.0171 52.7389 2.5
      vertex 34 53 2.5
    endloop
  endfacet
  facet normal 0 0 1
    outer loop
      vertex 43.2679 35 2.5
      vertex 34 34 2.5
      vertex 43.1522 34.7654 2.5
    endloop
  endfacet
  facet normal -0 0 1
    outer loop
      vertex 34 53 2.5
      vertex 43.0171 52.7389 2.5
      vertex 43 53 2.5
    endloop
  endfacet
  facet normal 0 0 1
    outer loop
      vertex 43.1522 34.7654 2.5
      vertex 34 34 2.5
      vertex 43.0681 34.5176 2.5
    endloop
  endfacet
  facet normal 0 0 1
    outer loop
      vertex 104 36 2.5
      vertex 98.5 36.5 2.5
      vertex 98.4166 36 2.5
    endloop
  endfacet
  facet normal 0 0 1
    outer loop
      vertex 103.977 9 2.5
      vertex 81 9 2.5
      vertex 103.4 8 2.5
    endloop
  endfacet
  facet normal -0 0 1
    outer loop
      vertex 105.983 34.261 2.5
      vertex 119 6 2.5
      vertex 105.983 52.7389 2.5
    endloop
  endfacet
  facet normal 0 0 1
    outer loop
      vertex 119 6 2.5
      vertex 105.983 34.261 2.5
      vertex 106 34 2.5
    endloop
  endfacet
  facet normal -0 0 1
    outer loop
      vertex 105.932 52.4824 2.5
      vertex 105.983 34.261 2.5
      vertex 105.983 52.7389 2.5
    endloop
  endfacet
  facet normal 0 0 1
    outer loop
      vertex 105.932 52.4824 2.5
      vertex 105.932 34.5176 2.5
      vertex 105.983 34.261 2.5
    endloop
  endfacet
  facet normal -0 0 1
    outer loop
      vertex 105.848 52.2346 2.5
      vertex 105.932 34.5176 2.5
      vertex 105.932 52.4824 2.5
    endloop
  endfacet
  facet normal 0 0 1
    outer loop
      vertex 105.848 52.2346 2.5
      vertex 105.848 34.7654 2.5
      vertex 105.932 34.5176 2.5
    endloop
  endfacet
  facet normal -0 0 1
    outer loop
      vertex 105.732 52 2.5
      vertex 105.848 34.7654 2.5
      vertex 105.848 52.2346 2.5
    endloop
  endfacet
  facet normal 0 0 1
    outer loop
      vertex 105.732 52 2.5
      vertex 105.732 35 2.5
      vertex 105.848 34.7654 2.5
    endloop
  endfacet
  facet normal -0 0 1
    outer loop
      vertex 105.587 51.7825 2.5
      vertex 105.732 35 2.5
      vertex 105.732 52 2.5
    endloop
  endfacet
  facet normal 0 0 1
    outer loop
      vertex 105.587 51.7825 2.5
      vertex 105.587 35.2175 2.5
      vertex 105.732 35 2.5
    endloop
  endfacet
  facet normal -0 0 1
    outer loop
      vertex 105.414 51.5858 2.5
      vertex 105.587 35.2175 2.5
      vertex 105.587 51.7825 2.5
    endloop
  endfacet
  facet normal 0 0 1
    outer loop
      vertex 105.414 51.5858 2.5
      vertex 105.414 35.4142 2.5
      vertex 105.587 35.2175 2.5
    endloop
  endfacet
  facet normal -0 0 1
    outer loop
      vertex 105.218 51.4133 2.5
      vertex 105.414 35.4142 2.5
      vertex 105.414 51.5858 2.5
    endloop
  endfacet
  facet normal 0 0 1
    outer loop
      vertex 105.218 51.4133 2.5
      vertex 105.218 35.5867 2.5
      vertex 105.414 35.4142 2.5
    endloop
  endfacet
  facet normal -0 0 1
    outer loop
      vertex 105 51.2679 2.5
      vertex 105.218 35.5867 2.5
      vertex 105.218 51.4133 2.5
    endloop
  endfacet
  facet normal 0 0 1
    outer loop
      vertex 105 51.2679 2.5
      vertex 105 35.732 2.5
      vertex 105.218 35.5867 2.5
    endloop
  endfacet
  facet normal -0 0 1
    outer loop
      vertex 104.765 51.1522 2.5
      vertex 105 35.732 2.5
      vertex 105 51.2679 2.5
    endloop
  endfacet
  facet normal 0 0 1
    outer loop
      vertex 104.765 51.1522 2.5
      vertex 104.765 35.8477 2.5
      vertex 105 35.732 2.5
    endloop
  endfacet
  facet normal -0 0 1
    outer loop
      vertex 104.518 51.0681 2.5
      vertex 104.765 35.8477 2.5
      vertex 104.765 51.1522 2.5
    endloop
  endfacet
  facet normal 0 0 1
    outer loop
      vertex 104.518 51.0681 2.5
      vertex 104.518 35.9318 2.5
      vertex 104.765 35.8477 2.5
    endloop
  endfacet
  facet normal -0 0 1
    outer loop
      vertex 104.261 51.0171 2.5
      vertex 104.518 35.9318 2.5
      vertex 104.518 51.0681 2.5
    endloop
  endfacet
  facet normal 0 0 1
    outer loop
      vertex 104.261 51.0171 2.5
      vertex 104.261 35.9829 2.5
      vertex 104.518 35.9318 2.5
    endloop
  endfacet
  facet normal -0 0 1
    outer loop
      vertex 104 51 2.5
      vertex 104.261 35.9829 2.5
      vertex 104.261 51.0171 2.5
    endloop
  endfacet
  facet normal 0 0 1
    outer loop
      vertex 104 51 2.5
      vertex 104 36 2.5
      vertex 104.261 35.9829 2.5
    endloop
  endfacet
  facet normal -0 0 1
    outer loop
      vertex 97.2348 40.1853 2.5
      vertex 104 36 2.5
      vertex 104 51 2.5
    endloop
  endfacet
  facet normal 0 0 1
    outer loop
      vertex 104 36 2.5
      vertex 98.1749 38.4482 2.5
      vertex 98.5 36.5 2.5
    endloop
  endfacet
  facet normal 0 0 1
    outer loop
      vertex 104 36 2.5
      vertex 97.2348 40.1853 2.5
      vertex 98.1749 38.4482 2.5
    endloop
  endfacet
  facet normal 0 0 1
    outer loop
      vertex 104 51 2.5
      vertex 95.7817 41.523 2.5
      vertex 97.2348 40.1853 2.5
    endloop
  endfacet
  facet normal 0 0 1
    outer loop
      vertex 104 51 2.5
      vertex 93.9729 42.3164 2.5
      vertex 95.7817 41.523 2.5
    endloop
  endfacet
  facet normal 0 0 1
    outer loop
      vertex 104 51 2.5
      vertex 92.0045 42.4795 2.5
      vertex 93.9729 42.3164 2.5
    endloop
  endfacet
  facet normal -0 0 1
    outer loop
      vertex 81 51 2.5
      vertex 92.0045 42.4795 2.5
      vertex 104 51 2.5
    endloop
  endfacet
  facet normal 0 0 1
    outer loop
      vertex 92.0045 42.4795 2.5
      vertex 81 51 2.5
      vertex 90.0898 41.9946 2.5
    endloop
  endfacet
  facet normal 0 0 1
    outer loop
      vertex 81 51 2.5
      vertex 88.4363 40.9143 2.5
      vertex 90.0898 41.9946 2.5
    endloop
  endfacet
  facet normal 0 0 1
    outer loop
      vertex 81 51 2.5
      vertex 87.2232 39.3557 2.5
      vertex 88.4363 40.9143 2.5
    endloop
  endfacet
  facet normal 0 0 1
    outer loop
      vertex 81 36 2.5
      vertex 87.2232 39.3557 2.5
      vertex 81 51 2.5
    endloop
  endfacet
  facet normal 0 0 1
    outer loop
      vertex 87.2232 39.3557 2.5
      vertex 81 36 2.5
      vertex 86.5818 37.4876 2.5
    endloop
  endfacet
  facet normal 0 0 1
    outer loop
      vertex 86.5818 37.4876 2.5
      vertex 81 36 2.5
      vertex 86.5818 36 2.5
    endloop
  endfacet
  facet normal 0 0 1
    outer loop
      vertex 80.7389 51.0171 2.5
      vertex 81 36 2.5
      vertex 81 51 2.5
    endloop
  endfacet
  facet normal 0 0 1
    outer loop
      vertex 80.7389 51.0171 2.5
      vertex 80.7389 35.9829 2.5
      vertex 81 36 2.5
    endloop
  endfacet
  facet normal 0 0 1
    outer loop
      vertex 80.4824 51.0681 2.5
      vertex 80.7389 35.9829 2.5
      vertex 80.7389 51.0171 2.5
    endloop
  endfacet
  facet normal 0 0 1
    outer loop
      vertex 80.4824 51.0681 2.5
      vertex 80.4824 35.9318 2.5
      vertex 80.7389 35.9829 2.5
    endloop
  endfacet
  facet normal 0 0 1
    outer loop
      vertex 80.2346 51.1522 2.5
      vertex 80.4824 35.9318 2.5
      vertex 80.4824 51.0681 2.5
    endloop
  endfacet
  facet normal 0 0 1
    outer loop
      vertex 80.2346 51.1522 2.5
      vertex 80.2346 35.8477 2.5
      vertex 80.4824 35.9318 2.5
    endloop
  endfacet
  facet normal 0 0 1
    outer loop
      vertex 80 51.2679 2.5
      vertex 80.2346 35.8477 2.5
      vertex 80.2346 51.1522 2.5
    endloop
  endfacet
  facet normal 0 0 1
    outer loop
      vertex 80 51.2679 2.5
      vertex 80 35.732 2.5
      vertex 80.2346 35.8477 2.5
    endloop
  endfacet
  facet normal 0 0 1
    outer loop
      vertex 79.7825 51.4133 2.5
      vertex 80 35.732 2.5
      vertex 80 51.2679 2.5
    endloop
  endfacet
  facet normal 0 0 1
    outer loop
      vertex 79.7825 51.4133 2.5
      vertex 79.7825 35.5867 2.5
      vertex 80 35.732 2.5
    endloop
  endfacet
  facet normal 0 0 1
    outer loop
      vertex 79.1522 52.2346 2.5
      vertex 69.8477 52.2346 2.5
      vertex 79.2679 52 2.5
    endloop
  endfacet
  facet normal 0 0 1
    outer loop
      vertex 69.732 52 2.5
      vertex 79.2679 52 2.5
      vertex 69.8477 52.2346 2.5
    endloop
  endfacet
  facet normal 0 0 1
    outer loop
      vertex 69.8477 52.2346 2.5
      vertex 79.1522 52.2346 2.5
      vertex 69.9318 52.4824 2.5
    endloop
  endfacet
  facet normal 0 0 1
    outer loop
      vertex 79.2679 52 2.5
      vertex 69.732 52 2.5
      vertex 79.4133 51.7825 2.5
    endloop
  endfacet
  facet normal 0 0 1
    outer loop
      vertex 79.0681 52.4824 2.5
      vertex 69.9318 52.4824 2.5
      vertex 79.1522 52.2346 2.5
    endloop
  endfacet
  facet normal 0 0 1
    outer loop
      vertex 79.7825 35.5867 2.5
      vertex 70 34 2.5
      vertex 79.5858 35.4142 2.5
    endloop
  endfacet
  facet normal 0 0 1
    outer loop
      vertex 69.9318 52.4824 2.5
      vertex 79.0681 52.4824 2.5
      vertex 69.9829 52.7389 2.5
    endloop
  endfacet
  facet normal 0 0 1
    outer loop
      vertex 79.5858 35.4142 2.5
      vertex 70 34 2.5
      vertex 79.4133 35.2175 2.5
    endloop
  endfacet
  facet normal 0 0 1
    outer loop
      vertex 79.0171 52.7389 2.5
      vertex 69.9829 52.7389 2.5
      vertex 79.0681 52.4824 2.5
    endloop
  endfacet
  facet normal 0 0 1
    outer loop
      vertex 79.4133 35.2175 2.5
      vertex 70 34 2.5
      vertex 79.2679 35 2.5
    endloop
  endfacet
  facet normal 0 0 1
    outer loop
      vertex 69.9829 52.7389 2.5
      vertex 79.0171 52.7389 2.5
      vertex 70 53 2.5
    endloop
  endfacet
  facet normal 0 0 1
    outer loop
      vertex 79.2679 35 2.5
      vertex 70 34 2.5
      vertex 79.1522 34.7654 2.5
    endloop
  endfacet
  facet normal -0 0 1
    outer loop
      vertex 70 53 2.5
      vertex 79.0171 52.7389 2.5
      vertex 79 53 2.5
    endloop
  endfacet
  facet normal 0 0 1
    outer loop
      vertex 79.1522 34.7654 2.5
      vertex 70 34 2.5
      vertex 79.0681 34.5176 2.5
    endloop
  endfacet
  facet normal 0 0 1
    outer loop
      vertex 105.983 52.7389 2.5
      vertex 119 83 2.5
      vertex 106 53 2.5
    endloop
  endfacet
  facet normal 0 0 1
    outer loop
      vertex 119 83 2.5
      vertex 105.983 76.261 2.5
      vertex 106 76 2.5
    endloop
  endfacet
  facet normal 0 0 1
    outer loop
      vertex 106.6 81 2.5
      vertex 105.932 76.5176 2.5
      vertex 105.983 76.261 2.5
    endloop
  endfacet
  facet normal 0 0 1
    outer loop
      vertex 106.6 81 2.5
      vertex 105.848 76.7654 2.5
      vertex 105.932 76.5176 2.5
    endloop
  endfacet
  facet normal -0 0 1
    outer loop
      vertex 105.8 79.6144 2.5
      vertex 105.848 76.7654 2.5
      vertex 106.6 81 2.5
    endloop
  endfacet
  facet normal 0 0 1
    outer loop
      vertex 105.8 79.6144 2.5
      vertex 105.732 77 2.5
      vertex 105.848 76.7654 2.5
    endloop
  endfacet
  facet normal 0 0 1
    outer loop
      vertex 105.8 79.6144 2.5
      vertex 105.587 77.2175 2.5
      vertex 105.732 77 2.5
    endloop
  endfacet
  facet normal 0 0 1
    outer loop
      vertex 105.8 79.6144 2.5
      vertex 105.414 77.4142 2.5
      vertex 105.587 77.2175 2.5
    endloop
  endfacet
  facet normal 0 0 1
    outer loop
      vertex 105.8 79.6144 2.5
      vertex 105.218 77.5867 2.5
      vertex 105.414 77.4142 2.5
    endloop
  endfacet
  facet normal 0 0 1
    outer loop
      vertex 105.8 79.6144 2.5
      vertex 105 77.732 2.5
      vertex 105.218 77.5867 2.5
    endloop
  endfacet
  facet normal 0 0 1
    outer loop
      vertex 105.8 79.6144 2.5
      vertex 104.765 77.8477 2.5
      vertex 105 77.732 2.5
    endloop
  endfacet
  facet normal -0 0 1
    outer loop
      vertex 104.2 79.6144 2.5
      vertex 104.765 77.8477 2.5
      vertex 105.8 79.6144 2.5
    endloop
  endfacet
  facet normal 0 0 1
    outer loop
      vertex 104.765 77.8477 2.5
      vertex 104.2 79.6144 2.5
      vertex 104.518 77.9318 2.5
    endloop
  endfacet
  facet normal 0 0 1
    outer loop
      vertex 104.518 77.9318 2.5
      vertex 104.2 79.6144 2.5
      vertex 104.261 77.9829 2.5
    endloop
  endfacet
  facet normal 0 0 1
    outer loop
      vertex 104.2 79.6144 2.5
      vertex 104 78 2.5
      vertex 104.261 77.9829 2.5
    endloop
  endfacet
  facet normal 0 0 1
    outer loop
      vertex 103.4 81 2.5
      vertex 104 78 2.5
      vertex 104.2 79.6144 2.5
    endloop
  endfacet
  facet normal -0 0 1
    outer loop
      vertex 98.5 78.5 2.5
      vertex 104 78 2.5
      vertex 103.4 81 2.5
    endloop
  endfacet
  facet normal 0 0 1
    outer loop
      vertex 104 78 2.5
      vertex 98.5 78.5 2.5
      vertex 98.4166 78 2.5
    endloop
  endfacet
  facet normal 0 0 1
    outer loop
      vertex 106.6 81 2.5
      vertex 119 83 2.5
      vertex 118.987 83.3925 2.5
    endloop
  endfacet
  facet normal 0 0 1
    outer loop
      vertex 105.983 76.261 2.5
      vertex 119 83 2.5
      vertex 106.6 81 2.5
    endloop
  endfacet
  facet normal 0 0 1
    outer loop
      vertex 106.6 81 2.5
      vertex 118.987 83.3925 2.5
      vertex 118.936 84.1757 2.5
    endloop
  endfacet
  facet normal 0 0 1
    outer loop
      vertex 106 53 2.5
      vertex 119 83 2.5
      vertex 106 76 2.5
    endloop
  endfacet
  facet normal 0 0 1
    outer loop
      vertex 106.6 81 2.5
      vertex 118.936 84.1757 2.5
      vertex 118.833 84.9536 2.5
    endloop
  endfacet
  facet normal 0 0 1
    outer loop
      vertex 119 6 2.5
      vertex 106.6 8 2.5
      vertex 118.987 5.60747 2.5
    endloop
  endfacet
  facet normal 0 0 1
    outer loop
      vertex 106.6 81 2.5
      vertex 118.833 84.9536 2.5
      vertex 118.68 85.7234 2.5
    endloop
  endfacet
  facet normal 0 0 1
    outer loop
      vertex 118.987 5.60747 2.5
      vertex 106.6 8 2.5
      vertex 118.936 4.82431 2.5
    endloop
  endfacet
  facet normal 0 0 1
    outer loop
      vertex 106.6 81 2.5
      vertex 118.68 85.7234 2.5
      vertex 118.477 86.4815 2.5
    endloop
  endfacet
  facet normal 0 0 1
    outer loop
      vertex 118.936 4.82431 2.5
      vertex 106.6 8 2.5
      vertex 118.833 4.04636 2.5
    endloop
  endfacet
  facet normal 0 0 1
    outer loop
      vertex 106.6 81 2.5
      vertex 118.477 86.4815 2.5
      vertex 118.225 87.2247 2.5
    endloop
  endfacet
  facet normal 0 0 1
    outer loop
      vertex 118.833 4.04636 2.5
      vertex 106.6 8 2.5
      vertex 118.68 3.2766 2.5
    endloop
  endfacet
  facet normal 0 0 1
    outer loop
      vertex 106.6 81 2.5
      vertex 118.225 87.2247 2.5
      vertex 117.925 87.9498 2.5
    endloop
  endfacet
  facet normal 0 0 1
    outer loop
      vertex 118.68 3.2766 2.5
      vertex 106.6 8 2.5
      vertex 118.477 2.51849 2.5
    endloop
  endfacet
  facet normal 0 0 1
    outer loop
      vertex 105.8 82.3856 2.5
      vertex 117.925 87.9498 2.5
      vertex 117.577 88.6537 2.5
    endloop
  endfacet
  facet normal 0 0 1
    outer loop
      vertex 118.477 2.51849 2.5
      vertex 106.6 8 2.5
      vertex 118.225 1.7753 2.5
    endloop
  endfacet
  facet normal -0 0 1
    outer loop
      vertex 105.8 6.61436 2.5
      vertex 117.924 1.05014 2.5
      vertex 106.6 8 2.5
    endloop
  endfacet
  facet normal 0 0 1
    outer loop
      vertex 105.8 82.3856 2.5
      vertex 117.577 88.6537 2.5
      vertex 117.185 89.3335 2.5
    endloop
  endfacet
  facet normal 0 0 1
    outer loop
      vertex 117.924 1.05014 2.5
      vertex 105.8 6.61436 2.5
      vertex 117.577 0.346252 2.5
    endloop
  endfacet
  facet normal 0 0 1
    outer loop
      vertex 105.8 82.3856 2.5
      vertex 117.185 89.3335 2.5
      vertex 116.749 89.986 2.5
    endloop
  endfacet
  facet normal 0 0 1
    outer loop
      vertex 105.8 82.3856 2.5
      vertex 116.749 89.986 2.5
      vertex 116.271 90.6087 2.5
    endloop
  endfacet
  facet normal 0 0 1
    outer loop
      vertex 118.225 1.7753 2.5
      vertex 106.6 8 2.5
      vertex 117.924 1.05014 2.5
    endloop
  endfacet
  facet normal 0 0 1
    outer loop
      vertex 105.8 82.3856 2.5
      vertex 116.271 90.6087 2.5
      vertex 115.754 91.1987 2.5
    endloop
  endfacet
  facet normal 0 0 1
    outer loop
      vertex 117.577 0.346252 2.5
      vertex 105.8 6.61436 2.5
      vertex 117.185 -0.33342 2.5
    endloop
  endfacet
  facet normal 0 0 1
    outer loop
      vertex 105.8 82.3856 2.5
      vertex 115.754 91.1987 2.5
      vertex 115.199 91.7536 2.5
    endloop
  endfacet
  facet normal 0 0 1
    outer loop
      vertex 117.185 -0.33342 2.5
      vertex 105.8 6.61436 2.5
      vertex 116.749 -0.985992 2.5
    endloop
  endfacet
  facet normal 0 0 1
    outer loop
      vertex 105.8 82.3856 2.5
      vertex 115.199 91.7536 2.5
      vertex 114.609 92.2711 2.5
    endloop
  endfacet
  facet normal 0 0 1
    outer loop
      vertex 116.749 -0.985992 2.5
      vertex 105.8 6.61436 2.5
      vertex 116.271 -1.60867 2.5
    endloop
  endfacet
  facet normal 0 0 1
    outer loop
      vertex 105.8 82.3856 2.5
      vertex 114.609 92.2711 2.5
      vertex 113.986 92.7489 2.5
    endloop
  endfacet
  facet normal 0 0 1
    outer loop
      vertex 116.271 -1.60867 2.5
      vertex 105.8 6.61436 2.5
      vertex 115.754 -2.19875 2.5
    endloop
  endfacet
  facet normal 0 0 1
    outer loop
      vertex 105.8 82.3856 2.5
      vertex 113.986 92.7489 2.5
      vertex 113.333 93.1849 2.5
    endloop
  endfacet
  facet normal 0 0 1
    outer loop
      vertex 115.754 -2.19875 2.5
      vertex 105.8 6.61436 2.5
      vertex 115.199 -2.75366 2.5
    endloop
  endfacet
  facet normal 0 0 1
    outer loop
      vertex 105.8 82.3856 2.5
      vertex 113.333 93.1849 2.5
      vertex 112.654 93.5774 2.5
    endloop
  endfacet
  facet normal 0 0 1
    outer loop
      vertex 115.199 -2.75366 2.5
      vertex 105.8 6.61436 2.5
      vertex 114.609 -3.27115 2.5
    endloop
  endfacet
  facet normal 0 0 1
    outer loop
      vertex 105.8 82.3856 2.5
      vertex 112.654 93.5774 2.5
      vertex 111.95 93.9245 2.5
    endloop
  endfacet
  facet normal 0 0 1
    outer loop
      vertex 114.609 -3.27115 2.5
      vertex 105.8 6.61436 2.5
      vertex 113.986 -3.74892 2.5
    endloop
  endfacet
  facet normal 0 0 1
    outer loop
      vertex 105.8 82.3856 2.5
      vertex 111.95 93.9245 2.5
      vertex 111.225 94.2249 2.5
    endloop
  endfacet
  facet normal 0 0 1
    outer loop
      vertex 113.986 -3.74892 2.5
      vertex 105.8 6.61436 2.5
      vertex 113.333 -4.18495 2.5
    endloop
  endfacet
  facet normal 0 0 1
    outer loop
      vertex 105.8 82.3856 2.5
      vertex 111.225 94.2249 2.5
      vertex 110.481 94.4771 2.5
    endloop
  endfacet
  facet normal 0 0 1
    outer loop
      vertex 113.333 -4.18495 2.5
      vertex 105.8 6.61436 2.5
      vertex 112.654 -4.57742 2.5
    endloop
  endfacet
  facet normal 0 0 1
    outer loop
      vertex 105.8 82.3856 2.5
      vertex 110.481 94.4771 2.5
      vertex 109.723 94.6803 2.5
    endloop
  endfacet
  facet normal 0 0 1
    outer loop
      vertex 112.654 -4.57742 2.5
      vertex 105.8 6.61436 2.5
      vertex 111.95 -4.92455 2.5
    endloop
  endfacet
  facet normal 0 0 1
    outer loop
      vertex 105.8 82.3856 2.5
      vertex 109.723 94.6803 2.5
      vertex 108.954 94.8334 2.5
    endloop
  endfacet
  facet normal 0 0 1
    outer loop
      vertex 111.95 -4.92455 2.5
      vertex 105.8 6.61436 2.5
      vertex 111.225 -5.22488 2.5
    endloop
  endfacet
  facet normal 0 0 1
    outer loop
      vertex 105.8 82.3856 2.5
      vertex 108.954 94.8334 2.5
      vertex 108.176 94.9358 2.5
    endloop
  endfacet
  facet normal 0 0 1
    outer loop
      vertex 111.225 -5.22488 2.5
      vertex 105.8 6.61436 2.5
      vertex 110.481 -5.47716 2.5
    endloop
  endfacet
  facet normal 0 0 1
    outer loop
      vertex 105.8 82.3856 2.5
      vertex 108.176 94.9358 2.5
      vertex 107.393 94.9872 2.5
    endloop
  endfacet
  facet normal 0 0 1
    outer loop
      vertex 110.481 -5.47716 2.5
      vertex 105.8 6.61436 2.5
      vertex 109.723 -5.68028 2.5
    endloop
  endfacet
  facet normal 0 0 1
    outer loop
      vertex 105.8 82.3856 2.5
      vertex 107.393 94.9872 2.5
      vertex 107 95 2.5
    endloop
  endfacet
  facet normal 0 0 1
    outer loop
      vertex 109.723 -5.68028 2.5
      vertex 105.8 6.61436 2.5
      vertex 108.954 -5.83339 2.5
    endloop
  endfacet
  facet normal 0 0 1
    outer loop
      vertex 108.954 -5.83339 2.5
      vertex 105.8 6.61436 2.5
      vertex 108.176 -5.93582 2.5
    endloop
  endfacet
  facet normal 0 0 1
    outer loop
      vertex 117.925 87.9498 2.5
      vertex 105.8 82.3856 2.5
      vertex 106.6 81 2.5
    endloop
  endfacet
  facet normal 0 0 1
    outer loop
      vertex 107 95 2.5
      vertex 104.2 82.3856 2.5
      vertex 105.8 82.3856 2.5
    endloop
  endfacet
  facet normal -0 0 1
    outer loop
      vertex 95.7817 83.523 2.5
      vertex 104.2 82.3856 2.5
      vertex 107 95 2.5
    endloop
  endfacet
  facet normal 0 -0 1
    outer loop
      vertex 97.2348 82.1853 2.5
      vertex 104.2 82.3856 2.5
      vertex 95.7817 83.523 2.5
    endloop
  endfacet
  facet normal 0 0 1
    outer loop
      vertex 103.4 81 2.5
      vertex 98.1749 80.4482 2.5
      vertex 98.5 78.5 2.5
    endloop
  endfacet
  facet normal 0 0 1
    outer loop
      vertex 103.4 81 2.5
      vertex 97.2348 82.1853 2.5
      vertex 98.1749 80.4482 2.5
    endloop
  endfacet
  facet normal 0 0 1
    outer loop
      vertex 104.2 82.3856 2.5
      vertex 97.2348 82.1853 2.5
      vertex 103.4 81 2.5
    endloop
  endfacet
  facet normal 0 0 1
    outer loop
      vertex 107 95 2.5
      vertex 93.9729 84.3164 2.5
      vertex 95.7817 83.523 2.5
    endloop
  endfacet
  facet normal 0 0 1
    outer loop
      vertex 107 95 2.5
      vertex 92.0045 84.4795 2.5
      vertex 93.9729 84.3164 2.5
    endloop
  endfacet
  facet normal 0 0 1
    outer loop
      vertex 107 95 2.5
      vertex 90.0898 83.9946 2.5
      vertex 92.0045 84.4795 2.5
    endloop
  endfacet
  facet normal 0 0 1
    outer loop
      vertex 86.5818 79.4876 2.5
      vertex 81 78 2.5
      vertex 86.5818 78 2.5
    endloop
  endfacet
  facet normal 0 0 1
    outer loop
      vertex 87.2232 81.3557 2.5
      vertex 81 78 2.5
      vertex 86.5818 79.4876 2.5
    endloop
  endfacet
  facet normal 0 0 1
    outer loop
      vertex 80.7389 77.9829 2.5
      vertex 87.2232 81.3557 2.5
      vertex 88.4363 82.9143 2.5
    endloop
  endfacet
  facet normal 0 0 1
    outer loop
      vertex 87.2232 81.3557 2.5
      vertex 80.7389 77.9829 2.5
      vertex 81 78 2.5
    endloop
  endfacet
  facet normal -0 0 1
    outer loop
      vertex 59.7817 83.523 2.5
      vertex 88.4363 82.9143 2.5
      vertex 90.0898 83.9946 2.5
    endloop
  endfacet
  facet normal -0 0 1
    outer loop
      vertex 57.9729 84.3164 2.5
      vertex 90.0898 83.9946 2.5
      vertex 107 95 2.5
    endloop
  endfacet
  facet normal 0 0 1
    outer loop
      vertex 88.4363 82.9143 2.5
      vertex 59.7817 83.523 2.5
      vertex 61.2348 82.1853 2.5
    endloop
  endfacet
  facet normal 0 0 1
    outer loop
      vertex 88.4363 82.9143 2.5
      vertex 80.4824 77.9318 2.5
      vertex 80.7389 77.9829 2.5
    endloop
  endfacet
  facet normal 0 0 1
    outer loop
      vertex 88.4363 82.9143 2.5
      vertex 61.2348 82.1853 2.5
      vertex 80.4824 77.9318 2.5
    endloop
  endfacet
  facet normal 0 0 1
    outer loop
      vertex 70 53 2.5
      vertex 79 53 2.5
      vertex 79 76 2.5
    endloop
  endfacet
  facet normal 0 0 1
    outer loop
      vertex 79.0681 34.5176 2.5
      vertex 70 34 2.5
      vertex 79.0171 34.261 2.5
    endloop
  endfacet
  facet normal 0 0 1
    outer loop
      vertex 70 53 2.5
      vertex 79 76 2.5
      vertex 70 76 2.5
    endloop
  endfacet
  facet normal 0 0 1
    outer loop
      vertex 79.0171 76.261 2.5
      vertex 70 76 2.5
      vertex 79 76 2.5
    endloop
  endfacet
  facet normal 0 0 1
    outer loop
      vertex 69.9829 76.261 2.5
      vertex 79.0171 76.261 2.5
      vertex 79.0681 76.5176 2.5
    endloop
  endfacet
  facet normal 0 0 1
    outer loop
      vertex 69.9318 76.5176 2.5
      vertex 79.0681 76.5176 2.5
      vertex 79.1522 76.7654 2.5
    endloop
  endfacet
  facet normal 0 0 1
    outer loop
      vertex 69.8477 76.7654 2.5
      vertex 79.1522 76.7654 2.5
      vertex 79.2679 77 2.5
    endloop
  endfacet
  facet normal 0 0 1
    outer loop
      vertex 69.732 77 2.5
      vertex 79.2679 77 2.5
      vertex 79.4133 77.2175 2.5
    endloop
  endfacet
  facet normal 0 0 1
    outer loop
      vertex 69.5867 77.2175 2.5
      vertex 79.4133 77.2175 2.5
      vertex 79.5858 77.4142 2.5
    endloop
  endfacet
  facet normal 0 0 1
    outer loop
      vertex 69.4142 77.4142 2.5
      vertex 79.5858 77.4142 2.5
      vertex 79.7825 77.5867 2.5
    endloop
  endfacet
  facet normal 0 0 1
    outer loop
      vertex 69.2175 77.5867 2.5
      vertex 79.7825 77.5867 2.5
      vertex 80 77.732 2.5
    endloop
  endfacet
  facet normal 0 -0 1
    outer loop
      vertex 68.5176 77.9318 2.5
      vertex 80.4824 77.9318 2.5
      vertex 61.2348 82.1853 2.5
    endloop
  endfacet
  facet normal 0 0 1
    outer loop
      vertex 79.0171 76.261 2.5
      vertex 69.9829 76.261 2.5
      vertex 70 76 2.5
    endloop
  endfacet
  facet normal 0 0 1
    outer loop
      vertex 79.0681 76.5176 2.5
      vertex 69.9318 76.5176 2.5
      vertex 69.9829 76.261 2.5
    endloop
  endfacet
  facet normal 0 0 1
    outer loop
      vertex 79.1522 76.7654 2.5
      vertex 69.8477 76.7654 2.5
      vertex 69.9318 76.5176 2.5
    endloop
  endfacet
  facet normal 0 0 1
    outer loop
      vertex 79.2679 77 2.5
      vertex 69.732 77 2.5
      vertex 69.8477 76.7654 2.5
    endloop
  endfacet
  facet normal 0 0 1
    outer loop
      vertex 79.4133 77.2175 2.5
      vertex 69.5867 77.2175 2.5
      vertex 69.732 77 2.5
    endloop
  endfacet
  facet normal 0 0 1
    outer loop
      vertex 79.5858 77.4142 2.5
      vertex 69.4142 77.4142 2.5
      vertex 69.5867 77.2175 2.5
    endloop
  endfacet
  facet normal 0 0 1
    outer loop
      vertex 79.7825 77.5867 2.5
      vertex 69.2175 77.5867 2.5
      vertex 69.4142 77.4142 2.5
    endloop
  endfacet
  facet normal 0 0 1
    outer loop
      vertex 80 77.732 2.5
      vertex 69 77.732 2.5
      vertex 69.2175 77.5867 2.5
    endloop
  endfacet
  facet normal 0 0 1
    outer loop
      vertex 80 77.732 2.5
      vertex 68.7654 77.8477 2.5
      vertex 69 77.732 2.5
    endloop
  endfacet
  facet normal 0 0 1
    outer loop
      vertex 80.4824 77.9318 2.5
      vertex 68.5176 77.9318 2.5
      vertex 80.2346 77.8477 2.5
    endloop
  endfacet
  facet normal 0 -0 1
    outer loop
      vertex 68.7654 77.8477 2.5
      vertex 80.2346 77.8477 2.5
      vertex 68.5176 77.9318 2.5
    endloop
  endfacet
  facet normal 0 0 1
    outer loop
      vertex 80.2346 77.8477 2.5
      vertex 68.7654 77.8477 2.5
      vertex 80 77.732 2.5
    endloop
  endfacet
  facet normal 0 0 1
    outer loop
      vertex 68.5176 77.9318 2.5
      vertex 61.2348 82.1853 2.5
      vertex 68.261 77.9829 2.5
    endloop
  endfacet
  facet normal 0 0 1
    outer loop
      vertex 68 78 2.5
      vertex 62.1749 80.4482 2.5
      vertex 62.5 78.5 2.5
    endloop
  endfacet
  facet normal 0 0 1
    outer loop
      vertex 68 78 2.5
      vertex 61.2348 82.1853 2.5
      vertex 62.1749 80.4482 2.5
    endloop
  endfacet
  facet normal 0 0 1
    outer loop
      vertex 68.261 77.9829 2.5
      vertex 61.2348 82.1853 2.5
      vertex 68 78 2.5
    endloop
  endfacet
  facet normal 0 0 1
    outer loop
      vertex 90.0898 83.9946 2.5
      vertex 57.9729 84.3164 2.5
      vertex 59.7817 83.523 2.5
    endloop
  endfacet
  facet normal 0 0 1
    outer loop
      vertex 107 95 2.5
      vertex 56.0045 84.4795 2.5
      vertex 57.9729 84.3164 2.5
    endloop
  endfacet
  facet normal 0 0 1
    outer loop
      vertex 50.5818 79.4876 2.5
      vertex 45 78 2.5
      vertex 50.5818 78 2.5
    endloop
  endfacet
  facet normal 0 0 1
    outer loop
      vertex 51.2232 81.3557 2.5
      vertex 45 78 2.5
      vertex 50.5818 79.4876 2.5
    endloop
  endfacet
  facet normal 0 0 1
    outer loop
      vertex 44.7389 77.9829 2.5
      vertex 51.2232 81.3557 2.5
      vertex 52.4363 82.9143 2.5
    endloop
  endfacet
  facet normal 0 0 1
    outer loop
      vertex 51.2232 81.3557 2.5
      vertex 44.7389 77.9829 2.5
      vertex 45 78 2.5
    endloop
  endfacet
  facet normal -0 0 1
    outer loop
      vertex 23.7817 83.523 2.5
      vertex 52.4363 82.9143 2.5
      vertex 54.0898 83.9946 2.5
    endloop
  endfacet
  facet normal 0 0 1
    outer loop
      vertex 52.4363 82.9143 2.5
      vertex 44.4824 77.9318 2.5
      vertex 44.7389 77.9829 2.5
    endloop
  endfacet
  facet normal 0 0 1
    outer loop
      vertex 52.4363 82.9143 2.5
      vertex 25.2348 82.1853 2.5
      vertex 44.4824 77.9318 2.5
    endloop
  endfacet
  facet normal 0 -0 1
    outer loop
      vertex 32.5176 77.9318 2.5
      vertex 44.4824 77.9318 2.5
      vertex 25.2348 82.1853 2.5
    endloop
  endfacet
  facet normal 0 0 1
    outer loop
      vertex 34 53 2.5
      vertex 43 53 2.5
      vertex 43 76 2.5
    endloop
  endfacet
  facet normal 0 0 1
    outer loop
      vertex 43.0681 34.5176 2.5
      vertex 34 34 2.5
      vertex 43.0171 34.261 2.5
    endloop
  endfacet
  facet normal 0 0 1
    outer loop
      vertex 34 53 2.5
      vertex 43 76 2.5
      vertex 34 76 2.5
    endloop
  endfacet
  facet normal 0 0 1
    outer loop
      vertex 43.0171 76.261 2.5
      vertex 34 76 2.5
      vertex 43 76 2.5
    endloop
  endfacet
  facet normal 0 0 1
    outer loop
      vertex 33.9829 76.261 2.5
      vertex 43.0171 76.261 2.5
      vertex 43.0681 76.5176 2.5
    endloop
  endfacet
  facet normal 0 0 1
    outer loop
      vertex 33.9318 76.5176 2.5
      vertex 43.0681 76.5176 2.5
      vertex 43.1522 76.7654 2.5
    endloop
  endfacet
  facet normal 0 0 1
    outer loop
      vertex 33.8477 76.7654 2.5
      vertex 43.1522 76.7654 2.5
      vertex 43.2679 77 2.5
    endloop
  endfacet
  facet normal 0 0 1
    outer loop
      vertex 33.732 77 2.5
      vertex 43.2679 77 2.5
      vertex 43.4133 77.2175 2.5
    endloop
  endfacet
  facet normal 0 0 1
    outer loop
      vertex 33.5867 77.2175 2.5
      vertex 43.4133 77.2175 2.5
      vertex 43.5858 77.4142 2.5
    endloop
  endfacet
  facet normal 0 0 1
    outer loop
      vertex 33.4142 77.4142 2.5
      vertex 43.5858 77.4142 2.5
      vertex 43.7825 77.5867 2.5
    endloop
  endfacet
  facet normal 0 0 1
    outer loop
      vertex 33.2175 77.5867 2.5
      vertex 43.7825 77.5867 2.5
      vertex 44 77.732 2.5
    endloop
  endfacet
  facet normal 0 0 1
    outer loop
      vertex 44.4824 77.9318 2.5
      vertex 32.5176 77.9318 2.5
      vertex 44.2346 77.8477 2.5
    endloop
  endfacet
  facet normal 0 0 1
    outer loop
      vertex 43.0171 76.261 2.5
      vertex 33.9829 76.261 2.5
      vertex 34 76 2.5
    endloop
  endfacet
  facet normal 0 0 1
    outer loop
      vertex 43.0681 76.5176 2.5
      vertex 33.9318 76.5176 2.5
      vertex 33.9829 76.261 2.5
    endloop
  endfacet
  facet normal 0 0 1
    outer loop
      vertex 43.1522 76.7654 2.5
      vertex 33.8477 76.7654 2.5
      vertex 33.9318 76.5176 2.5
    endloop
  endfacet
  facet normal 0 0 1
    outer loop
      vertex 43.2679 77 2.5
      vertex 33.732 77 2.5
      vertex 33.8477 76.7654 2.5
    endloop
  endfacet
  facet normal 0 0 1
    outer loop
      vertex 43.4133 77.2175 2.5
      vertex 33.5867 77.2175 2.5
      vertex 33.732 77 2.5
    endloop
  endfacet
  facet normal 0 0 1
    outer loop
      vertex 43.5858 77.4142 2.5
      vertex 33.4142 77.4142 2.5
      vertex 33.5867 77.2175 2.5
    endloop
  endfacet
  facet normal 0 0 1
    outer loop
      vertex 43.7825 77.5867 2.5
      vertex 33.2175 77.5867 2.5
      vertex 33.4142 77.4142 2.5
    endloop
  endfacet
  facet normal 0 0 1
    outer loop
      vertex 44 77.732 2.5
      vertex 33 77.732 2.5
      vertex 33.2175 77.5867 2.5
    endloop
  endfacet
  facet normal 0 0 1
    outer loop
      vertex 44 77.732 2.5
      vertex 32.7654 77.8477 2.5
      vertex 33 77.732 2.5
    endloop
  endfacet
  facet normal 0 0 1
    outer loop
      vertex 44.2346 77.8477 2.5
      vertex 32.7654 77.8477 2.5
      vertex 44 77.732 2.5
    endloop
  endfacet
  facet normal 0 -0 1
    outer loop
      vertex 32.7654 77.8477 2.5
      vertex 44.2346 77.8477 2.5
      vertex 32.5176 77.9318 2.5
    endloop
  endfacet
  facet normal 0 0 1
    outer loop
      vertex 32.5176 77.9318 2.5
      vertex 25.2348 82.1853 2.5
      vertex 32.261 77.9829 2.5
    endloop
  endfacet
  facet normal 0 0 1
    outer loop
      vertex 32.261 77.9829 2.5
      vertex 25.2348 82.1853 2.5
      vertex 32 78 2.5
    endloop
  endfacet
  facet normal 0 0 1
    outer loop
      vertex 6 95 2.5
      vertex 54.0898 83.9946 2.5
      vertex 56.0045 84.4795 2.5
    endloop
  endfacet
  facet normal -0 0 1
    outer loop
      vertex 6 95 2.5
      vertex 56.0045 84.4795 2.5
      vertex 107 95 2.5
    endloop
  endfacet
  facet normal 0 0 1
    outer loop
      vertex 32 78 2.5
      vertex 26.1749 80.4482 2.5
      vertex 26.5 78.5 2.5
    endloop
  endfacet
  facet normal 0 0 1
    outer loop
      vertex 32 78 2.5
      vertex 25.2348 82.1853 2.5
      vertex 26.1749 80.4482 2.5
    endloop
  endfacet
  facet normal 0 0 1
    outer loop
      vertex 52.4363 82.9143 2.5
      vertex 23.7817 83.523 2.5
      vertex 25.2348 82.1853 2.5
    endloop
  endfacet
  facet normal 0 0 1
    outer loop
      vertex 54.0898 83.9946 2.5
      vertex 6 95 2.5
      vertex 21.9729 84.3164 2.5
    endloop
  endfacet
  facet normal 0 0 1
    outer loop
      vertex 54.0898 83.9946 2.5
      vertex 21.9729 84.3164 2.5
      vertex 23.7817 83.523 2.5
    endloop
  endfacet
  facet normal 0 0 1
    outer loop
      vertex 9 78 2.5
      vertex 14.5818 79.4876 2.5
      vertex 9.6 81 2.5
    endloop
  endfacet
  facet normal 0 0 1
    outer loop
      vertex 15.2232 81.3557 2.5
      vertex 9.6 81 2.5
      vertex 14.5818 79.4876 2.5
    endloop
  endfacet
  facet normal -0 0 1
    outer loop
      vertex 8.8 82.3856 2.5
      vertex 15.2232 81.3557 2.5
      vertex 16.4363 82.9143 2.5
    endloop
  endfacet
  facet normal 0 0 1
    outer loop
      vertex 6 95 2.5
      vertex 16.4363 82.9143 2.5
      vertex 18.0898 83.9946 2.5
    endloop
  endfacet
  facet normal 0 0 1
    outer loop
      vertex 15.2232 81.3557 2.5
      vertex 8.8 82.3856 2.5
      vertex 9.6 81 2.5
    endloop
  endfacet
  facet normal 0 0 1
    outer loop
      vertex 6 95 2.5
      vertex 18.0898 83.9946 2.5
      vertex 20.0045 84.4795 2.5
    endloop
  endfacet
  facet normal 0 0 1
    outer loop
      vertex 16.4363 82.9143 2.5
      vertex 6 95 2.5
      vertex 8.8 82.3856 2.5
    endloop
  endfacet
  facet normal -0 0 1
    outer loop
      vertex 4.82431 94.9358 2.5
      vertex 7.2 82.3856 2.5
      vertex 5.60747 94.9872 2.5
    endloop
  endfacet
  facet normal -0 0 1
    outer loop
      vertex 5.60747 94.9872 2.5
      vertex 7.2 82.3856 2.5
      vertex 6 95 2.5
    endloop
  endfacet
  facet normal 0 0 1
    outer loop
      vertex 8.8 82.3856 2.5
      vertex 6 95 2.5
      vertex 7.2 82.3856 2.5
    endloop
  endfacet
  facet normal 0 0 1
    outer loop
      vertex 21.9729 84.3164 2.5
      vertex 6 95 2.5
      vertex 20.0045 84.4795 2.5
    endloop
  endfacet
  facet normal 0 0 1
    outer loop
      vertex 108.176 -5.93582 2.5
      vertex 105.8 6.61436 2.5
      vertex 107.392 -5.98715 2.5
    endloop
  endfacet
  facet normal 0 0 1
    outer loop
      vertex 107.392 -5.98715 2.5
      vertex 105.8 6.61436 2.5
      vertex 107 -6 2.5
    endloop
  endfacet
  facet normal -0 0 1
    outer loop
      vertex 104.2 6.61436 2.5
      vertex 107 -6 2.5
      vertex 105.8 6.61436 2.5
    endloop
  endfacet
  facet normal 0 0 1
    outer loop
      vertex 81 9 2.5
      vertex 104.2 6.61436 2.5
      vertex 103.4 8 2.5
    endloop
  endfacet
  facet normal 0 0 1
    outer loop
      vertex 104.2 6.61436 2.5
      vertex 81 9 2.5
      vertex 107 -6 2.5
    endloop
  endfacet
  facet normal 0 0 1
    outer loop
      vertex 80.7389 9.01711 2.5
      vertex 107 -6 2.5
      vertex 81 9 2.5
    endloop
  endfacet
  facet normal 0 0 1
    outer loop
      vertex 68.261 9.01711 2.5
      vertex 80.7389 9.01711 2.5
      vertex 80.4824 9.06815 2.5
    endloop
  endfacet
  facet normal 0 0 1
    outer loop
      vertex 68.5176 9.06815 2.5
      vertex 80.4824 9.06815 2.5
      vertex 80.2346 9.15224 2.5
    endloop
  endfacet
  facet normal 0 0 1
    outer loop
      vertex 68.7654 9.15224 2.5
      vertex 80.2346 9.15224 2.5
      vertex 80 9.26794 2.5
    endloop
  endfacet
  facet normal 0 0 1
    outer loop
      vertex 79.0171 34.261 2.5
      vertex 70 34 2.5
      vertex 79 34 2.5
    endloop
  endfacet
  facet normal 0 0 1
    outer loop
      vertex 79 34 2.5
      vertex 70 34 2.5
      vertex 79 11 2.5
    endloop
  endfacet
  facet normal 0 0 1
    outer loop
      vertex 70 11 2.5
      vertex 79 11 2.5
      vertex 70 34 2.5
    endloop
  endfacet
  facet normal 0 0 1
    outer loop
      vertex 79 11 2.5
      vertex 70 11 2.5
      vertex 79.0171 10.7389 2.5
    endloop
  endfacet
  facet normal 0 0 1
    outer loop
      vertex 69.9829 10.7389 2.5
      vertex 79.0171 10.7389 2.5
      vertex 70 11 2.5
    endloop
  endfacet
  facet normal 0 0 1
    outer loop
      vertex 79.0171 10.7389 2.5
      vertex 69.9829 10.7389 2.5
      vertex 79.0681 10.4824 2.5
    endloop
  endfacet
  facet normal 0 0 1
    outer loop
      vertex 69.9318 10.4824 2.5
      vertex 79.0681 10.4824 2.5
      vertex 69.9829 10.7389 2.5
    endloop
  endfacet
  facet normal 0 0 1
    outer loop
      vertex 79.0681 10.4824 2.5
      vertex 69.9318 10.4824 2.5
      vertex 79.1522 10.2346 2.5
    endloop
  endfacet
  facet normal 0 0 1
    outer loop
      vertex 69.8477 10.2346 2.5
      vertex 79.1522 10.2346 2.5
      vertex 69.9318 10.4824 2.5
    endloop
  endfacet
  facet normal 0 0 1
    outer loop
      vertex 79.1522 10.2346 2.5
      vertex 69.8477 10.2346 2.5
      vertex 79.2679 10 2.5
    endloop
  endfacet
  facet normal 0 0 1
    outer loop
      vertex 69.732 10 2.5
      vertex 79.2679 10 2.5
      vertex 69.8477 10.2346 2.5
    endloop
  endfacet
  facet normal 0 0 1
    outer loop
      vertex 79.2679 10 2.5
      vertex 69.732 10 2.5
      vertex 79.4133 9.78247 2.5
    endloop
  endfacet
  facet normal 0 0 1
    outer loop
      vertex 69.5867 9.78247 2.5
      vertex 79.4133 9.78247 2.5
      vertex 69.732 10 2.5
    endloop
  endfacet
  facet normal 0 0 1
    outer loop
      vertex 79.4133 9.78247 2.5
      vertex 69.5867 9.78247 2.5
      vertex 79.5858 9.58578 2.5
    endloop
  endfacet
  facet normal 0 0 1
    outer loop
      vertex 69.4142 9.58578 2.5
      vertex 79.5858 9.58578 2.5
      vertex 69.5867 9.78247 2.5
    endloop
  endfacet
  facet normal 0 0 1
    outer loop
      vertex 79.5858 9.58578 2.5
      vertex 69.4142 9.58578 2.5
      vertex 79.7825 9.41328 2.5
    endloop
  endfacet
  facet normal 0 0 1
    outer loop
      vertex 69.2175 9.41328 2.5
      vertex 79.7825 9.41328 2.5
      vertex 69.4142 9.58578 2.5
    endloop
  endfacet
  facet normal 0 0 1
    outer loop
      vertex 79.7825 9.41328 2.5
      vertex 69.2175 9.41328 2.5
      vertex 80 9.26794 2.5
    endloop
  endfacet
  facet normal 0 0 1
    outer loop
      vertex 69 9.26794 2.5
      vertex 80 9.26794 2.5
      vertex 69.2175 9.41328 2.5
    endloop
  endfacet
  facet normal 0 0 1
    outer loop
      vertex 68.7654 9.15224 2.5
      vertex 80 9.26794 2.5
      vertex 69 9.26794 2.5
    endloop
  endfacet
  facet normal 0 0 1
    outer loop
      vertex 80.2346 9.15224 2.5
      vertex 68.7654 9.15224 2.5
      vertex 68.5176 9.06815 2.5
    endloop
  endfacet
  facet normal 0 0 1
    outer loop
      vertex 80.4824 9.06815 2.5
      vertex 68.5176 9.06815 2.5
      vertex 68.261 9.01711 2.5
    endloop
  endfacet
  facet normal 0 0 1
    outer loop
      vertex 80.7389 9.01711 2.5
      vertex 68.261 9.01711 2.5
      vertex 107 -6 2.5
    endloop
  endfacet
  facet normal -0 0 1
    outer loop
      vertex 68 9 2.5
      vertex 107 -6 2.5
      vertex 68.261 9.01711 2.5
    endloop
  endfacet
  facet normal -0 0 1
    outer loop
      vertex 45 9 2.5
      vertex 107 -6 2.5
      vertex 68 9 2.5
    endloop
  endfacet
  facet normal 0 0 1
    outer loop
      vertex 6 -6 2.5
      vertex 45 9 2.5
      vertex 44.7389 9.01711 2.5
    endloop
  endfacet
  facet normal 0 0 1
    outer loop
      vertex 32.261 9.01711 2.5
      vertex 44.7389 9.01711 2.5
      vertex 44.4824 9.06815 2.5
    endloop
  endfacet
  facet normal 0 0 1
    outer loop
      vertex 43.0171 34.261 2.5
      vertex 34 34 2.5
      vertex 43 34 2.5
    endloop
  endfacet
  facet normal 0 0 1
    outer loop
      vertex 43 34 2.5
      vertex 34 34 2.5
      vertex 43 11 2.5
    endloop
  endfacet
  facet normal 0 0 1
    outer loop
      vertex 34 11 2.5
      vertex 43 11 2.5
      vertex 34 34 2.5
    endloop
  endfacet
  facet normal 0 0 1
    outer loop
      vertex 43 11 2.5
      vertex 34 11 2.5
      vertex 43.0171 10.7389 2.5
    endloop
  endfacet
  facet normal 0 0 1
    outer loop
      vertex 33.9829 10.7389 2.5
      vertex 43.0171 10.7389 2.5
      vertex 34 11 2.5
    endloop
  endfacet
  facet normal 0 0 1
    outer loop
      vertex 43.0171 10.7389 2.5
      vertex 33.9829 10.7389 2.5
      vertex 43.0681 10.4824 2.5
    endloop
  endfacet
  facet normal 0 0 1
    outer loop
      vertex 33.9318 10.4824 2.5
      vertex 43.0681 10.4824 2.5
      vertex 33.9829 10.7389 2.5
    endloop
  endfacet
  facet normal 0 0 1
    outer loop
      vertex 43.0681 10.4824 2.5
      vertex 33.9318 10.4824 2.5
      vertex 43.1522 10.2346 2.5
    endloop
  endfacet
  facet normal 0 0 1
    outer loop
      vertex 33.8477 10.2346 2.5
      vertex 43.1522 10.2346 2.5
      vertex 33.9318 10.4824 2.5
    endloop
  endfacet
  facet normal 0 0 1
    outer loop
      vertex 43.1522 10.2346 2.5
      vertex 33.8477 10.2346 2.5
      vertex 43.2679 10 2.5
    endloop
  endfacet
  facet normal 0 0 1
    outer loop
      vertex 33.732 10 2.5
      vertex 43.2679 10 2.5
      vertex 33.8477 10.2346 2.5
    endloop
  endfacet
  facet normal 0 0 1
    outer loop
      vertex 43.2679 10 2.5
      vertex 33.732 10 2.5
      vertex 43.4133 9.78247 2.5
    endloop
  endfacet
  facet normal 0 0 1
    outer loop
      vertex 33.5867 9.78247 2.5
      vertex 43.4133 9.78247 2.5
      vertex 33.732 10 2.5
    endloop
  endfacet
  facet normal 0 0 1
    outer loop
      vertex 43.4133 9.78247 2.5
      vertex 33.5867 9.78247 2.5
      vertex 43.5858 9.58578 2.5
    endloop
  endfacet
  facet normal 0 0 1
    outer loop
      vertex 33.4142 9.58578 2.5
      vertex 43.5858 9.58578 2.5
      vertex 33.5867 9.78247 2.5
    endloop
  endfacet
  facet normal 0 0 1
    outer loop
      vertex 43.5858 9.58578 2.5
      vertex 33.4142 9.58578 2.5
      vertex 43.7825 9.41328 2.5
    endloop
  endfacet
  facet normal 0 0 1
    outer loop
      vertex 33.2175 9.41328 2.5
      vertex 43.7825 9.41328 2.5
      vertex 33.4142 9.58578 2.5
    endloop
  endfacet
  facet normal 0 0 1
    outer loop
      vertex 43.7825 9.41328 2.5
      vertex 33.2175 9.41328 2.5
      vertex 44 9.26794 2.5
    endloop
  endfacet
  facet normal 0 0 1
    outer loop
      vertex 33 9.26794 2.5
      vertex 44 9.26794 2.5
      vertex 33.2175 9.41328 2.5
    endloop
  endfacet
  facet normal 0 0 1
    outer loop
      vertex 44 9.26794 2.5
      vertex 33 9.26794 2.5
      vertex 44.2346 9.15224 2.5
    endloop
  endfacet
  facet normal 0 0 1
    outer loop
      vertex 32.7654 9.15224 2.5
      vertex 44.2346 9.15224 2.5
      vertex 33 9.26794 2.5
    endloop
  endfacet
  facet normal 0 0 1
    outer loop
      vertex 44.2346 9.15224 2.5
      vertex 32.7654 9.15224 2.5
      vertex 44.4824 9.06815 2.5
    endloop
  endfacet
  facet normal 0 0 1
    outer loop
      vertex 32.5176 9.06815 2.5
      vertex 44.4824 9.06815 2.5
      vertex 32.7654 9.15224 2.5
    endloop
  endfacet
  facet normal 0 0 1
    outer loop
      vertex 32.261 9.01711 2.5
      vertex 44.4824 9.06815 2.5
      vertex 32.5176 9.06815 2.5
    endloop
  endfacet
  facet normal 0 0 1
    outer loop
      vertex 44.7389 9.01711 2.5
      vertex 32.261 9.01711 2.5
      vertex 6 -6 2.5
    endloop
  endfacet
  facet normal 0 0 1
    outer loop
      vertex 6 -6 2.5
      vertex 32.261 9.01711 2.5
      vertex 32 9 2.5
    endloop
  endfacet
  facet normal 0 0 1
    outer loop
      vertex 8.8 6.61436 2.5
      vertex 32 9 2.5
      vertex 9.6 8 2.5
    endloop
  endfacet
  facet normal 0 0 1
    outer loop
      vertex 32 9 2.5
      vertex 8.8 6.61436 2.5
      vertex 6 -6 2.5
    endloop
  endfacet
  facet normal 0 0 1
    outer loop
      vertex 6 -6 2.5
      vertex 8.8 6.61436 2.5
      vertex 7.2 6.61436 2.5
    endloop
  endfacet
  facet normal 0 0 1
    outer loop
      vertex 45 9 2.5
      vertex 6 -6 2.5
      vertex 107 -6 2.5
    endloop
  endfacet
  facet normal 0 0 1
    outer loop
      vertex -4.92451 1.05014 2.5
      vertex 7.2 6.61436 2.5
      vertex 6.4 8 2.5
    endloop
  endfacet
  facet normal 0 0 1
    outer loop
      vertex 6.4 81 2.5
      vertex -6 83 2.5
      vertex 6.4 8 2.5
    endloop
  endfacet
  facet normal 0 -0 1
    outer loop
      vertex -5.98715 5.60759 2.5
      vertex 6.4 8 2.5
      vertex -6 6 2.5
    endloop
  endfacet
  facet normal -0 0 1
    outer loop
      vertex 4.04636 94.8334 2.5
      vertex 7.2 82.3856 2.5
      vertex 4.82431 94.9358 2.5
    endloop
  endfacet
  facet normal 0 0 1
    outer loop
      vertex 7.2 6.61436 2.5
      vertex 5.60759 -5.98715 2.5
      vertex 6 -6 2.5
    endloop
  endfacet
  facet normal -0 0 1
    outer loop
      vertex 3.2766 94.6803 2.5
      vertex 7.2 82.3856 2.5
      vertex 4.04636 94.8334 2.5
    endloop
  endfacet
  facet normal -0 0 1
    outer loop
      vertex 2.51849 94.4771 2.5
      vertex 7.2 82.3856 2.5
      vertex 3.2766 94.6803 2.5
    endloop
  endfacet
  facet normal 0 0 1
    outer loop
      vertex 6.4 8 2.5
      vertex -6 83 2.5
      vertex -6 6 2.5
    endloop
  endfacet
  facet normal -0 0 1
    outer loop
      vertex 1.7753 94.2249 2.5
      vertex 7.2 82.3856 2.5
      vertex 2.51849 94.4771 2.5
    endloop
  endfacet
  facet normal 0 -0 1
    outer loop
      vertex -5.93582 4.82443 2.5
      vertex 6.4 8 2.5
      vertex -5.98715 5.60759 2.5
    endloop
  endfacet
  facet normal -0 0 1
    outer loop
      vertex 1.05014 93.9245 2.5
      vertex 7.2 82.3856 2.5
      vertex 1.7753 94.2249 2.5
    endloop
  endfacet
  facet normal 0 0 1
    outer loop
      vertex 7.2 6.61436 2.5
      vertex 4.82443 -5.93582 2.5
      vertex 5.60759 -5.98715 2.5
    endloop
  endfacet
  facet normal -0 0 1
    outer loop
      vertex 0.346252 93.5774 2.5
      vertex 7.2 82.3856 2.5
      vertex 1.05014 93.9245 2.5
    endloop
  endfacet
  facet normal 0 0 1
    outer loop
      vertex 7.2 6.61436 2.5
      vertex 4.04636 -5.83339 2.5
      vertex 4.82443 -5.93582 2.5
    endloop
  endfacet
  facet normal -0 0 1
    outer loop
      vertex -0.33342 93.185 2.5
      vertex 7.2 82.3856 2.5
      vertex 0.346252 93.5774 2.5
    endloop
  endfacet
  facet normal 0 0 1
    outer loop
      vertex 7.2 6.61436 2.5
      vertex 3.2766 -5.68028 2.5
      vertex 4.04636 -5.83339 2.5
    endloop
  endfacet
  facet normal -0 0 1
    outer loop
      vertex -0.985992 92.7489 2.5
      vertex 7.2 82.3856 2.5
      vertex -0.33342 93.185 2.5
    endloop
  endfacet
  facet normal 0 0 1
    outer loop
      vertex 7.2 6.61436 2.5
      vertex 2.51849 -5.47716 2.5
      vertex 3.2766 -5.68028 2.5
    endloop
  endfacet
  facet normal -0 0 1
    outer loop
      vertex -1.60867 92.2711 2.5
      vertex 7.2 82.3856 2.5
      vertex -0.985992 92.7489 2.5
    endloop
  endfacet
  facet normal 0 0 1
    outer loop
      vertex 7.2 6.61436 2.5
      vertex 1.7753 -5.22488 2.5
      vertex 2.51849 -5.47716 2.5
    endloop
  endfacet
  facet normal -0 0 1
    outer loop
      vertex -2.19875 91.7536 2.5
      vertex 7.2 82.3856 2.5
      vertex -1.60867 92.2711 2.5
    endloop
  endfacet
  facet normal 0 0 1
    outer loop
      vertex 7.2 6.61436 2.5
      vertex 1.05014 -4.92451 2.5
      vertex 1.7753 -5.22488 2.5
    endloop
  endfacet
  facet normal -0 0 1
    outer loop
      vertex -2.75366 91.1987 2.5
      vertex 7.2 82.3856 2.5
      vertex -2.19875 91.7536 2.5
    endloop
  endfacet
  facet normal 0 0 1
    outer loop
      vertex 7.2 6.61436 2.5
      vertex 0.346252 -4.57739 2.5
      vertex 1.05014 -4.92451 2.5
    endloop
  endfacet
  facet normal -0 0 1
    outer loop
      vertex -3.27115 90.6087 2.5
      vertex 7.2 82.3856 2.5
      vertex -2.75366 91.1987 2.5
    endloop
  endfacet
  facet normal 0 0 1
    outer loop
      vertex 7.2 6.61436 2.5
      vertex -0.33342 -4.18498 2.5
      vertex 0.346252 -4.57739 2.5
    endloop
  endfacet
  facet normal -0 0 1
    outer loop
      vertex -3.74892 89.986 2.5
      vertex 7.2 82.3856 2.5
      vertex -3.27115 90.6087 2.5
    endloop
  endfacet
  facet normal 0 0 1
    outer loop
      vertex 7.2 6.61436 2.5
      vertex -0.985992 -3.74895 2.5
      vertex -0.33342 -4.18498 2.5
    endloop
  endfacet
  facet normal -0 0 1
    outer loop
      vertex -4.18495 89.3335 2.5
      vertex 7.2 82.3856 2.5
      vertex -3.74892 89.986 2.5
    endloop
  endfacet
  facet normal 0 0 1
    outer loop
      vertex 7.2 6.61436 2.5
      vertex -1.60867 -3.27115 2.5
      vertex -0.985992 -3.74895 2.5
    endloop
  endfacet
  facet normal -0 0 1
    outer loop
      vertex -4.57742 88.6537 2.5
      vertex 7.2 82.3856 2.5
      vertex -4.18495 89.3335 2.5
    endloop
  endfacet
  facet normal 0 0 1
    outer loop
      vertex 7.2 6.61436 2.5
      vertex -2.19875 -2.75366 2.5
      vertex -1.60867 -3.27115 2.5
    endloop
  endfacet
  facet normal -0 0 1
    outer loop
      vertex -4.92455 87.9498 2.5
      vertex 7.2 82.3856 2.5
      vertex -4.57742 88.6537 2.5
    endloop
  endfacet
  facet normal 0 0 1
    outer loop
      vertex 7.2 6.61436 2.5
      vertex -2.75366 -2.19875 2.5
      vertex -2.19875 -2.75366 2.5
    endloop
  endfacet
  facet normal 0 0 1
    outer loop
      vertex 7.2 6.61436 2.5
      vertex -3.74895 -0.985992 2.5
      vertex -3.27115 -1.60867 2.5
    endloop
  endfacet
  facet normal 0 0 1
    outer loop
      vertex 7.2 82.3856 2.5
      vertex -4.92455 87.9498 2.5
      vertex 6.4 81 2.5
    endloop
  endfacet
  facet normal 0 0 1
    outer loop
      vertex 7.2 6.61436 2.5
      vertex -4.18498 -0.33342 2.5
      vertex -3.74895 -0.985992 2.5
    endloop
  endfacet
  facet normal -0 0 1
    outer loop
      vertex -5.22488 87.2247 2.5
      vertex 6.4 81 2.5
      vertex -4.92455 87.9498 2.5
    endloop
  endfacet
  facet normal -0 0 1
    outer loop
      vertex -5.47716 86.4815 2.5
      vertex 6.4 81 2.5
      vertex -5.22488 87.2247 2.5
    endloop
  endfacet
  facet normal 0 0 1
    outer loop
      vertex 7.2 6.61436 2.5
      vertex -3.27115 -1.60867 2.5
      vertex -2.75366 -2.19875 2.5
    endloop
  endfacet
  facet normal -0 0 1
    outer loop
      vertex -5.68028 85.7234 2.5
      vertex 6.4 81 2.5
      vertex -5.47716 86.4815 2.5
    endloop
  endfacet
  facet normal 0 0 1
    outer loop
      vertex 7.2 6.61436 2.5
      vertex -4.57739 0.346252 2.5
      vertex -4.18498 -0.33342 2.5
    endloop
  endfacet
  facet normal -0 0 1
    outer loop
      vertex -5.83339 84.9536 2.5
      vertex 6.4 81 2.5
      vertex -5.68028 85.7234 2.5
    endloop
  endfacet
  facet normal 0 0 1
    outer loop
      vertex 7.2 6.61436 2.5
      vertex -4.92451 1.05014 2.5
      vertex -4.57739 0.346252 2.5
    endloop
  endfacet
  facet normal -0 0 1
    outer loop
      vertex -5.93582 84.1756 2.5
      vertex 6.4 81 2.5
      vertex -5.83339 84.9536 2.5
    endloop
  endfacet
  facet normal 0 0 1
    outer loop
      vertex 6.4 8 2.5
      vertex -5.22488 1.7753 2.5
      vertex -4.92451 1.05014 2.5
    endloop
  endfacet
  facet normal 0 0 1
    outer loop
      vertex 6.4 81 2.5
      vertex -5.93582 84.1756 2.5
      vertex -5.98715 83.3924 2.5
    endloop
  endfacet
  facet normal 0 0 1
    outer loop
      vertex 6.4 8 2.5
      vertex -5.47716 2.51849 2.5
      vertex -5.22488 1.7753 2.5
    endloop
  endfacet
  facet normal 0 0 1
    outer loop
      vertex 6.4 81 2.5
      vertex -5.98715 83.3924 2.5
      vertex -6 83 2.5
    endloop
  endfacet
  facet normal 0 0 1
    outer loop
      vertex 6.4 8 2.5
      vertex -5.68028 3.2766 2.5
      vertex -5.47716 2.51849 2.5
    endloop
  endfacet
  facet normal 0 0 1
    outer loop
      vertex 6.4 8 2.5
      vertex -5.83339 4.04636 2.5
      vertex -5.68028 3.2766 2.5
    endloop
  endfacet
  facet normal 0 0 1
    outer loop
      vertex 6.4 8 2.5
      vertex -5.93582 4.82443 2.5
      vertex -5.83339 4.04636 2.5
    endloop
  endfacet
  facet normal 0 0 1
    outer loop
      vertex 119 83 2.5
      vertex 105.983 52.7389 2.5
      vertex 119 6 2.5
    endloop
  endfacet
  facet normal -0 0 1
    outer loop
      vertex 106 11 2.5
      vertex 119 6 2.5
      vertex 106 34 2.5
    endloop
  endfacet
  facet normal 0 0 1
    outer loop
      vertex 119 6 2.5
      vertex 106 11 2.5
      vertex 106.6 8 2.5
    endloop
  endfacet
  facet normal -0 0 1
    outer loop
      vertex 105.983 10.7389 2.5
      vertex 106.6 8 2.5
      vertex 106 11 2.5
    endloop
  endfacet
  facet normal -0 0 1
    outer loop
      vertex 105.932 10.4824 2.5
      vertex 106.6 8 2.5
      vertex 105.983 10.7389 2.5
    endloop
  endfacet
  facet normal 0 0 1
    outer loop
      vertex 105.8 9.38564 2.5
      vertex 105.932 10.4824 2.5
      vertex 105.848 10.2346 2.5
    endloop
  endfacet
  facet normal 0 0 1
    outer loop
      vertex 105.932 10.4824 2.5
      vertex 105.8 9.38564 2.5
      vertex 106.6 8 2.5
    endloop
  endfacet
  facet normal -0 0 1
    outer loop
      vertex 105.732 10 2.5
      vertex 105.8 9.38564 2.5
      vertex 105.848 10.2346 2.5
    endloop
  endfacet
  facet normal -0 0 1
    outer loop
      vertex 105.587 9.78247 2.5
      vertex 105.8 9.38564 2.5
      vertex 105.732 10 2.5
    endloop
  endfacet
  facet normal -0 0 1
    outer loop
      vertex 105.414 9.58578 2.5
      vertex 105.8 9.38564 2.5
      vertex 105.587 9.78247 2.5
    endloop
  endfacet
  facet normal -0 0 1
    outer loop
      vertex 105.218 9.41328 2.5
      vertex 105.8 9.38564 2.5
      vertex 105.414 9.58578 2.5
    endloop
  endfacet
  facet normal 0 0 1
    outer loop
      vertex 105.8 9.38564 2.5
      vertex 105.218 9.41328 2.5
      vertex 105.176 9.38564 2.5
    endloop
  endfacet
  facet normal 0 0 1
    outer loop
      vertex 68 78 2.5
      vertex 62.5 78.5 2.5
      vertex 62.4166 78 2.5
    endloop
  endfacet
  facet normal 0 0 1
    outer loop
      vertex 68 36 2.5
      vertex 62.5 36.5 2.5
      vertex 62.4166 36 2.5
    endloop
  endfacet
  facet normal 0 0 1
    outer loop
      vertex 32 78 2.5
      vertex 26.5 78.5 2.5
      vertex 26.4166 78 2.5
    endloop
  endfacet
  facet normal 0 0 1
    outer loop
      vertex 32 36 2.5
      vertex 26.5 36.5 2.5
      vertex 26.4166 36 2.5
    endloop
  endfacet
  facet normal 0 0 1
    outer loop
      vertex 14.5818 79.4876 2.5
      vertex 9 78 2.5
      vertex 14.5818 78 2.5
    endloop
  endfacet
  facet normal -0 0 1
    outer loop
      vertex 8.8 79.6144 2.5
      vertex 9 78 2.5
      vertex 9.6 81 2.5
    endloop
  endfacet
  facet normal 0 0 1
    outer loop
      vertex 8.8 79.6144 2.5
      vertex 8.73894 77.9829 2.5
      vertex 9 78 2.5
    endloop
  endfacet
  facet normal 0 0 1
    outer loop
      vertex 8.8 79.6144 2.5
      vertex 8.48236 77.9318 2.5
      vertex 8.73894 77.9829 2.5
    endloop
  endfacet
  facet normal 0 0 1
    outer loop
      vertex 8.8 79.6144 2.5
      vertex 8.23462 77.8477 2.5
      vertex 8.48236 77.9318 2.5
    endloop
  endfacet
  facet normal -0 0 1
    outer loop
      vertex 7.2 79.6144 2.5
      vertex 8.23462 77.8477 2.5
      vertex 8.8 79.6144 2.5
    endloop
  endfacet
  facet normal 0 0 1
    outer loop
      vertex 8.23462 77.8477 2.5
      vertex 7.2 79.6144 2.5
      vertex 8 77.732 2.5
    endloop
  endfacet
  facet normal 0 0 1
    outer loop
      vertex 8 77.732 2.5
      vertex 7.2 79.6144 2.5
      vertex 7.78247 77.5867 2.5
    endloop
  endfacet
  facet normal 0 0 1
    outer loop
      vertex 7.78247 77.5867 2.5
      vertex 7.2 79.6144 2.5
      vertex 7.58578 77.4142 2.5
    endloop
  endfacet
  facet normal 0 0 1
    outer loop
      vertex 7.58578 77.4142 2.5
      vertex 7.2 79.6144 2.5
      vertex 7.41328 77.2175 2.5
    endloop
  endfacet
  facet normal 0 0 1
    outer loop
      vertex 7.41328 77.2175 2.5
      vertex 7.2 79.6144 2.5
      vertex 7.26794 77 2.5
    endloop
  endfacet
  facet normal 0 0 1
    outer loop
      vertex 7.2 79.6144 2.5
      vertex 7.15224 76.7654 2.5
      vertex 7.26794 77 2.5
    endloop
  endfacet
  facet normal 0 0 1
    outer loop
      vertex 6.4 81 2.5
      vertex 7.15224 76.7654 2.5
      vertex 7.2 79.6144 2.5
    endloop
  endfacet
  facet normal 0 0 1
    outer loop
      vertex 7.15224 76.7654 2.5
      vertex 6.4 81 2.5
      vertex 7.06815 76.5176 2.5
    endloop
  endfacet
  facet normal 0 0 1
    outer loop
      vertex 7.06815 76.5176 2.5
      vertex 6.4 81 2.5
      vertex 7.01711 76.261 2.5
    endloop
  endfacet
  facet normal 0 0 1
    outer loop
      vertex 6.4 81 2.5
      vertex 7 53 2.5
      vertex 7 76 2.5
    endloop
  endfacet
  facet normal 0 0 1
    outer loop
      vertex 7 53 2.5
      vertex 6.4 81 2.5
      vertex 7 34 2.5
    endloop
  endfacet
  facet normal 0 0 1
    outer loop
      vertex 7 34 2.5
      vertex 6.4 81 2.5
      vertex 6.4 8 2.5
    endloop
  endfacet
  facet normal 0 0 1
    outer loop
      vertex 7.01711 76.261 2.5
      vertex 6.4 81 2.5
      vertex 7 76 2.5
    endloop
  endfacet
  facet normal 0 0 1
    outer loop
      vertex 7.78247 9.41328 2.5
      vertex 7.2 9.38564 2.5
      vertex 7.82385 9.38564 2.5
    endloop
  endfacet
  facet normal 0 0 1
    outer loop
      vertex 7.58578 9.58578 2.5
      vertex 7.2 9.38564 2.5
      vertex 7.78247 9.41328 2.5
    endloop
  endfacet
  facet normal 0 0 1
    outer loop
      vertex 7.41328 9.78247 2.5
      vertex 7.2 9.38564 2.5
      vertex 7.58578 9.58578 2.5
    endloop
  endfacet
  facet normal 0 0 1
    outer loop
      vertex 7.26794 10 2.5
      vertex 7.2 9.38564 2.5
      vertex 7.41328 9.78247 2.5
    endloop
  endfacet
  facet normal 0 0 1
    outer loop
      vertex 7.15224 10.2346 2.5
      vertex 7.2 9.38564 2.5
      vertex 7.26794 10 2.5
    endloop
  endfacet
  facet normal 0 0 1
    outer loop
      vertex 7.06815 10.4824 2.5
      vertex 7.2 9.38564 2.5
      vertex 7.15224 10.2346 2.5
    endloop
  endfacet
  facet normal 0 0 1
    outer loop
      vertex 6.4 8 2.5
      vertex 7.06815 10.4824 2.5
      vertex 7.01711 10.7389 2.5
    endloop
  endfacet
  facet normal 0 0 1
    outer loop
      vertex 7.06815 10.4824 2.5
      vertex 6.4 8 2.5
      vertex 7.2 9.38564 2.5
    endloop
  endfacet
  facet normal 0 0 1
    outer loop
      vertex 7 11 2.5
      vertex 6.4 8 2.5
      vertex 7.01711 10.7389 2.5
    endloop
  endfacet
  facet normal 0 0 1
    outer loop
      vertex 7 34 2.5
      vertex 6.4 8 2.5
      vertex 7 11 2.5
    endloop
  endfacet
  facet normal -0 0 1
    outer loop
      vertex 81 36 2.5
      vertex 86.5818 35.5124 2.5
      vertex 86.5818 36 2.5
    endloop
  endfacet
  facet normal -0 0 1
    outer loop
      vertex 79 34 2.5
      vertex 81.5 28.5 2.5
      vertex 81 36 2.5
    endloop
  endfacet
  facet normal 0 0 1
    outer loop
      vertex 86.5818 35.5124 2.5
      vertex 81 36 2.5
      vertex 81.5 28.5 2.5
    endloop
  endfacet
  facet normal 0 0 1
    outer loop
      vertex 104 36 2.5
      vertex 106 34 2.5
      vertex 105.983 34.261 2.5
    endloop
  endfacet
  facet normal 0 0 1
    outer loop
      vertex 106 34 2.5
      vertex 103.5 28.5 2.5
      vertex 106 11 2.5
    endloop
  endfacet
  facet normal 0 0 1
    outer loop
      vertex 104 36 2.5
      vertex 105.983 34.261 2.5
      vertex 105.932 34.5176 2.5
    endloop
  endfacet
  facet normal -0 0 1
    outer loop
      vertex 103.5 16.5 2.5
      vertex 106 11 2.5
      vertex 103.5 28.5 2.5
    endloop
  endfacet
  facet normal 0 0 1
    outer loop
      vertex 104 36 2.5
      vertex 105.932 34.5176 2.5
      vertex 105.848 34.7654 2.5
    endloop
  endfacet
  facet normal 0 -0 1
    outer loop
      vertex 104.2 9.38564 2.5
      vertex 106 11 2.5
      vertex 103.5 16.5 2.5
    endloop
  endfacet
  facet normal 0 0 1
    outer loop
      vertex 104 36 2.5
      vertex 105.848 34.7654 2.5
      vertex 105.732 35 2.5
    endloop
  endfacet
  facet normal 0 0 1
    outer loop
      vertex 106 11 2.5
      vertex 104.2 9.38564 2.5
      vertex 105.983 10.7389 2.5
    endloop
  endfacet
  facet normal 0 0 1
    outer loop
      vertex 104 36 2.5
      vertex 105.732 35 2.5
      vertex 105.587 35.2175 2.5
    endloop
  endfacet
  facet normal 0 0 1
    outer loop
      vertex 105.983 10.7389 2.5
      vertex 104.2 9.38564 2.5
      vertex 105.932 10.4824 2.5
    endloop
  endfacet
  facet normal 0 0 1
    outer loop
      vertex 104 36 2.5
      vertex 105.587 35.2175 2.5
      vertex 105.414 35.4142 2.5
    endloop
  endfacet
  facet normal 0 0 1
    outer loop
      vertex 105.932 10.4824 2.5
      vertex 104.2 9.38564 2.5
      vertex 105.848 10.2346 2.5
    endloop
  endfacet
  facet normal 0 0 1
    outer loop
      vertex 104 36 2.5
      vertex 105.414 35.4142 2.5
      vertex 105.218 35.5867 2.5
    endloop
  endfacet
  facet normal 0 0 1
    outer loop
      vertex 105.848 10.2346 2.5
      vertex 104.2 9.38564 2.5
      vertex 105.732 10 2.5
    endloop
  endfacet
  facet normal 0 0 1
    outer loop
      vertex 105.732 10 2.5
      vertex 104.2 9.38564 2.5
      vertex 105.587 9.78247 2.5
    endloop
  endfacet
  facet normal 0 0 1
    outer loop
      vertex 104 36 2.5
      vertex 105.218 35.5867 2.5
      vertex 105 35.732 2.5
    endloop
  endfacet
  facet normal 0 0 1
    outer loop
      vertex 104 36 2.5
      vertex 105 35.732 2.5
      vertex 104.765 35.8477 2.5
    endloop
  endfacet
  facet normal 0 0 1
    outer loop
      vertex 104 36 2.5
      vertex 104.765 35.8477 2.5
      vertex 104.518 35.9318 2.5
    endloop
  endfacet
  facet normal 0 0 1
    outer loop
      vertex 104 36 2.5
      vertex 104.518 35.9318 2.5
      vertex 104.261 35.9829 2.5
    endloop
  endfacet
  facet normal 0 0 1
    outer loop
      vertex 105.587 9.78247 2.5
      vertex 104.2 9.38564 2.5
      vertex 105.414 9.58578 2.5
    endloop
  endfacet
  facet normal 0 0 1
    outer loop
      vertex 106 34 2.5
      vertex 104 36 2.5
      vertex 103.5 28.5 2.5
    endloop
  endfacet
  facet normal 0 0 1
    outer loop
      vertex 105.414 9.58578 2.5
      vertex 104.2 9.38564 2.5
      vertex 105.218 9.41328 2.5
    endloop
  endfacet
  facet normal 0 0 1
    outer loop
      vertex 105.218 9.41328 2.5
      vertex 104.2 9.38564 2.5
      vertex 105.176 9.38564 2.5
    endloop
  endfacet
  facet normal 0 0 1
    outer loop
      vertex 98.1749 34.5518 2.5
      vertex 104 36 2.5
      vertex 98.4166 36 2.5
    endloop
  endfacet
  facet normal 0 0 1
    outer loop
      vertex 104 36 2.5
      vertex 98.1749 34.5518 2.5
      vertex 103.5 28.5 2.5
    endloop
  endfacet
  facet normal -0 0 1
    outer loop
      vertex 97.2348 32.8147 2.5
      vertex 103.5 28.5 2.5
      vertex 98.1749 34.5518 2.5
    endloop
  endfacet
  facet normal -0 0 1
    outer loop
      vertex 95.7817 31.477 2.5
      vertex 103.5 28.5 2.5
      vertex 97.2348 32.8147 2.5
    endloop
  endfacet
  facet normal -0 0 1
    outer loop
      vertex 93.9729 30.6836 2.5
      vertex 103.5 28.5 2.5
      vertex 95.7817 31.477 2.5
    endloop
  endfacet
  facet normal -0 0 1
    outer loop
      vertex 92.0045 30.5205 2.5
      vertex 103.5 28.5 2.5
      vertex 93.9729 30.6836 2.5
    endloop
  endfacet
  facet normal 0 0 1
    outer loop
      vertex 92.0045 30.5205 2.5
      vertex 81.5 28.5 2.5
      vertex 103.5 28.5 2.5
    endloop
  endfacet
  facet normal 0 0 1
    outer loop
      vertex 90.0898 31.0054 2.5
      vertex 81.5 28.5 2.5
      vertex 92.0045 30.5205 2.5
    endloop
  endfacet
  facet normal 0 0 1
    outer loop
      vertex 88.4363 32.0857 2.5
      vertex 81.5 28.5 2.5
      vertex 90.0898 31.0054 2.5
    endloop
  endfacet
  facet normal 0 0 1
    outer loop
      vertex 87.2232 33.6443 2.5
      vertex 81.5 28.5 2.5
      vertex 88.4363 32.0857 2.5
    endloop
  endfacet
  facet normal 0 0 1
    outer loop
      vertex 81.5 28.5 2.5
      vertex 87.2232 33.6443 2.5
      vertex 86.5818 35.5124 2.5
    endloop
  endfacet
  facet normal 0 0 1
    outer loop
      vertex 104.2 9.38564 2.5
      vertex 103.5 16.5 2.5
      vertex 103.977 9 2.5
    endloop
  endfacet
  facet normal -0 0 1
    outer loop
      vertex 81.5 16.5 2.5
      vertex 103.977 9 2.5
      vertex 103.5 16.5 2.5
    endloop
  endfacet
  facet normal 0 0 1
    outer loop
      vertex 81.5 16.5 2.5
      vertex 81 9 2.5
      vertex 103.977 9 2.5
    endloop
  endfacet
  facet normal 0 0 1
    outer loop
      vertex 81.5 28.5 2.5
      vertex 79 34 2.5
      vertex 81.5 16.5 2.5
    endloop
  endfacet
  facet normal 0 0 1
    outer loop
      vertex 79 34 2.5
      vertex 81 36 2.5
      vertex 80.7389 35.9829 2.5
    endloop
  endfacet
  facet normal 0 0 1
    outer loop
      vertex 79 11 2.5
      vertex 81.5 16.5 2.5
      vertex 79 34 2.5
    endloop
  endfacet
  facet normal 0 0 1
    outer loop
      vertex 79 34 2.5
      vertex 80.7389 35.9829 2.5
      vertex 80.4824 35.9318 2.5
    endloop
  endfacet
  facet normal 0 0 1
    outer loop
      vertex 81.5 16.5 2.5
      vertex 79 11 2.5
      vertex 81 9 2.5
    endloop
  endfacet
  facet normal 0 0 1
    outer loop
      vertex 79 34 2.5
      vertex 80.4824 35.9318 2.5
      vertex 80.2346 35.8477 2.5
    endloop
  endfacet
  facet normal 0 0 1
    outer loop
      vertex 81 9 2.5
      vertex 79 11 2.5
      vertex 80.7389 9.01711 2.5
    endloop
  endfacet
  facet normal 0 0 1
    outer loop
      vertex 79 34 2.5
      vertex 80.2346 35.8477 2.5
      vertex 80 35.732 2.5
    endloop
  endfacet
  facet normal 0 0 1
    outer loop
      vertex 80.7389 9.01711 2.5
      vertex 79 11 2.5
      vertex 80.4824 9.06815 2.5
    endloop
  endfacet
  facet normal 0 0 1
    outer loop
      vertex 79 34 2.5
      vertex 80 35.732 2.5
      vertex 79.7825 35.5867 2.5
    endloop
  endfacet
  facet normal 0 0 1
    outer loop
      vertex 80.4824 9.06815 2.5
      vertex 79 11 2.5
      vertex 80.2346 9.15224 2.5
    endloop
  endfacet
  facet normal 0 0 1
    outer loop
      vertex 79 34 2.5
      vertex 79.7825 35.5867 2.5
      vertex 79.5858 35.4142 2.5
    endloop
  endfacet
  facet normal 0 0 1
    outer loop
      vertex 80.2346 9.15224 2.5
      vertex 79 11 2.5
      vertex 80 9.26794 2.5
    endloop
  endfacet
  facet normal 0 0 1
    outer loop
      vertex 79 34 2.5
      vertex 79.5858 35.4142 2.5
      vertex 79.4133 35.2175 2.5
    endloop
  endfacet
  facet normal 0 0 1
    outer loop
      vertex 80 9.26794 2.5
      vertex 79 11 2.5
      vertex 79.7825 9.41328 2.5
    endloop
  endfacet
  facet normal 0 0 1
    outer loop
      vertex 79 34 2.5
      vertex 79.4133 35.2175 2.5
      vertex 79.2679 35 2.5
    endloop
  endfacet
  facet normal 0 0 1
    outer loop
      vertex 79.7825 9.41328 2.5
      vertex 79 11 2.5
      vertex 79.5858 9.58578 2.5
    endloop
  endfacet
  facet normal 0 0 1
    outer loop
      vertex 79 34 2.5
      vertex 79.2679 35 2.5
      vertex 79.1522 34.7654 2.5
    endloop
  endfacet
  facet normal 0 0 1
    outer loop
      vertex 79.5858 9.58578 2.5
      vertex 79 11 2.5
      vertex 79.4133 9.78247 2.5
    endloop
  endfacet
  facet normal 0 0 1
    outer loop
      vertex 79 34 2.5
      vertex 79.1522 34.7654 2.5
      vertex 79.0681 34.5176 2.5
    endloop
  endfacet
  facet normal 0 0 1
    outer loop
      vertex 79.4133 9.78247 2.5
      vertex 79 11 2.5
      vertex 79.2679 10 2.5
    endloop
  endfacet
  facet normal 0 0 1
    outer loop
      vertex 79 34 2.5
      vertex 79.0681 34.5176 2.5
      vertex 79.0171 34.261 2.5
    endloop
  endfacet
  facet normal 0 0 1
    outer loop
      vertex 79.2679 10 2.5
      vertex 79 11 2.5
      vertex 79.1522 10.2346 2.5
    endloop
  endfacet
  facet normal 0 0 1
    outer loop
      vertex 79.1522 10.2346 2.5
      vertex 79 11 2.5
      vertex 79.0681 10.4824 2.5
    endloop
  endfacet
  facet normal 0 0 1
    outer loop
      vertex 79.0681 10.4824 2.5
      vertex 79 11 2.5
      vertex 79.0171 10.7389 2.5
    endloop
  endfacet
  facet normal -0 0 1
    outer loop
      vertex 81 78 2.5
      vertex 86.5818 77.5124 2.5
      vertex 86.5818 78 2.5
    endloop
  endfacet
  facet normal -0 0 1
    outer loop
      vertex 79 76 2.5
      vertex 81.5 70.5 2.5
      vertex 81 78 2.5
    endloop
  endfacet
  facet normal 0 0 1
    outer loop
      vertex 86.5818 77.5124 2.5
      vertex 81 78 2.5
      vertex 81.5 70.5 2.5
    endloop
  endfacet
  facet normal 0 0 1
    outer loop
      vertex 104 78 2.5
      vertex 106 76 2.5
      vertex 105.983 76.261 2.5
    endloop
  endfacet
  facet normal 0 0 1
    outer loop
      vertex 106 76 2.5
      vertex 103.5 70.5 2.5
      vertex 106 53 2.5
    endloop
  endfacet
  facet normal 0 0 1
    outer loop
      vertex 104 78 2.5
      vertex 105.983 76.261 2.5
      vertex 105.932 76.5176 2.5
    endloop
  endfacet
  facet normal -0 0 1
    outer loop
      vertex 103.5 58.5 2.5
      vertex 106 53 2.5
      vertex 103.5 70.5 2.5
    endloop
  endfacet
  facet normal 0 0 1
    outer loop
      vertex 104 78 2.5
      vertex 105.932 76.5176 2.5
      vertex 105.848 76.7654 2.5
    endloop
  endfacet
  facet normal 0 -0 1
    outer loop
      vertex 104 51 2.5
      vertex 106 53 2.5
      vertex 103.5 58.5 2.5
    endloop
  endfacet
  facet normal 0 0 1
    outer loop
      vertex 104 78 2.5
      vertex 105.848 76.7654 2.5
      vertex 105.732 77 2.5
    endloop
  endfacet
  facet normal 0 0 1
    outer loop
      vertex 106 53 2.5
      vertex 104 51 2.5
      vertex 105.983 52.7389 2.5
    endloop
  endfacet
  facet normal 0 0 1
    outer loop
      vertex 104 78 2.5
      vertex 105.732 77 2.5
      vertex 105.587 77.2175 2.5
    endloop
  endfacet
  facet normal 0 0 1
    outer loop
      vertex 105.983 52.7389 2.5
      vertex 104 51 2.5
      vertex 105.932 52.4824 2.5
    endloop
  endfacet
  facet normal 0 0 1
    outer loop
      vertex 104 78 2.5
      vertex 105.587 77.2175 2.5
      vertex 105.414 77.4142 2.5
    endloop
  endfacet
  facet normal 0 0 1
    outer loop
      vertex 105.932 52.4824 2.5
      vertex 104 51 2.5
      vertex 105.848 52.2346 2.5
    endloop
  endfacet
  facet normal 0 0 1
    outer loop
      vertex 104 78 2.5
      vertex 105.414 77.4142 2.5
      vertex 105.218 77.5867 2.5
    endloop
  endfacet
  facet normal 0 0 1
    outer loop
      vertex 105.848 52.2346 2.5
      vertex 104 51 2.5
      vertex 105.732 52 2.5
    endloop
  endfacet
  facet normal 0 0 1
    outer loop
      vertex 104 78 2.5
      vertex 105.218 77.5867 2.5
      vertex 105 77.732 2.5
    endloop
  endfacet
  facet normal 0 0 1
    outer loop
      vertex 105.732 52 2.5
      vertex 104 51 2.5
      vertex 105.587 51.7825 2.5
    endloop
  endfacet
  facet normal 0 0 1
    outer loop
      vertex 104 78 2.5
      vertex 105 77.732 2.5
      vertex 104.765 77.8477 2.5
    endloop
  endfacet
  facet normal 0 0 1
    outer loop
      vertex 105.587 51.7825 2.5
      vertex 104 51 2.5
      vertex 105.414 51.5858 2.5
    endloop
  endfacet
  facet normal 0 0 1
    outer loop
      vertex 104 78 2.5
      vertex 104.765 77.8477 2.5
      vertex 104.518 77.9318 2.5
    endloop
  endfacet
  facet normal 0 0 1
    outer loop
      vertex 105.414 51.5858 2.5
      vertex 104 51 2.5
      vertex 105.218 51.4133 2.5
    endloop
  endfacet
  facet normal 0 0 1
    outer loop
      vertex 104 78 2.5
      vertex 104.518 77.9318 2.5
      vertex 104.261 77.9829 2.5
    endloop
  endfacet
  facet normal 0 0 1
    outer loop
      vertex 105.218 51.4133 2.5
      vertex 104 51 2.5
      vertex 105 51.2679 2.5
    endloop
  endfacet
  facet normal 0 0 1
    outer loop
      vertex 106 76 2.5
      vertex 104 78 2.5
      vertex 103.5 70.5 2.5
    endloop
  endfacet
  facet normal 0 0 1
    outer loop
      vertex 105 51.2679 2.5
      vertex 104 51 2.5
      vertex 104.765 51.1522 2.5
    endloop
  endfacet
  facet normal 0 0 1
    outer loop
      vertex 104.765 51.1522 2.5
      vertex 104 51 2.5
      vertex 104.518 51.0681 2.5
    endloop
  endfacet
  facet normal 0 0 1
    outer loop
      vertex 98.1749 76.5518 2.5
      vertex 104 78 2.5
      vertex 98.4166 78 2.5
    endloop
  endfacet
  facet normal 0 0 1
    outer loop
      vertex 104 78 2.5
      vertex 98.1749 76.5518 2.5
      vertex 103.5 70.5 2.5
    endloop
  endfacet
  facet normal -0 0 1
    outer loop
      vertex 97.2348 74.8147 2.5
      vertex 103.5 70.5 2.5
      vertex 98.1749 76.5518 2.5
    endloop
  endfacet
  facet normal -0 0 1
    outer loop
      vertex 95.7817 73.477 2.5
      vertex 103.5 70.5 2.5
      vertex 97.2348 74.8147 2.5
    endloop
  endfacet
  facet normal -0 0 1
    outer loop
      vertex 93.9729 72.6836 2.5
      vertex 103.5 70.5 2.5
      vertex 95.7817 73.477 2.5
    endloop
  endfacet
  facet normal -0 0 1
    outer loop
      vertex 92.0045 72.5205 2.5
      vertex 103.5 70.5 2.5
      vertex 93.9729 72.6836 2.5
    endloop
  endfacet
  facet normal 0 0 1
    outer loop
      vertex 92.0045 72.5205 2.5
      vertex 81.5 70.5 2.5
      vertex 103.5 70.5 2.5
    endloop
  endfacet
  facet normal 0 0 1
    outer loop
      vertex 90.0898 73.0054 2.5
      vertex 81.5 70.5 2.5
      vertex 92.0045 72.5205 2.5
    endloop
  endfacet
  facet normal 0 0 1
    outer loop
      vertex 88.4363 74.0857 2.5
      vertex 81.5 70.5 2.5
      vertex 90.0898 73.0054 2.5
    endloop
  endfacet
  facet normal 0 0 1
    outer loop
      vertex 87.2232 75.6443 2.5
      vertex 81.5 70.5 2.5
      vertex 88.4363 74.0857 2.5
    endloop
  endfacet
  facet normal 0 0 1
    outer loop
      vertex 81.5 70.5 2.5
      vertex 87.2232 75.6443 2.5
      vertex 86.5818 77.5124 2.5
    endloop
  endfacet
  facet normal 0 0 1
    outer loop
      vertex 104.518 51.0681 2.5
      vertex 104 51 2.5
      vertex 104.261 51.0171 2.5
    endloop
  endfacet
  facet normal -0 0 1
    outer loop
      vertex 81.5 58.5 2.5
      vertex 104 51 2.5
      vertex 103.5 58.5 2.5
    endloop
  endfacet
  facet normal 0 0 1
    outer loop
      vertex 81.5 58.5 2.5
      vertex 81 51 2.5
      vertex 104 51 2.5
    endloop
  endfacet
  facet normal 0 0 1
    outer loop
      vertex 81.5 70.5 2.5
      vertex 79 76 2.5
      vertex 81.5 58.5 2.5
    endloop
  endfacet
  facet normal 0 0 1
    outer loop
      vertex 79 76 2.5
      vertex 81 78 2.5
      vertex 80.7389 77.9829 2.5
    endloop
  endfacet
  facet normal 0 0 1
    outer loop
      vertex 79 53 2.5
      vertex 81.5 58.5 2.5
      vertex 79 76 2.5
    endloop
  endfacet
  facet normal 0 0 1
    outer loop
      vertex 79 76 2.5
      vertex 80.7389 77.9829 2.5
      vertex 80.4824 77.9318 2.5
    endloop
  endfacet
  facet normal 0 0 1
    outer loop
      vertex 81.5 58.5 2.5
      vertex 79 53 2.5
      vertex 81 51 2.5
    endloop
  endfacet
  facet normal 0 0 1
    outer loop
      vertex 79 76 2.5
      vertex 80.4824 77.9318 2.5
      vertex 80.2346 77.8477 2.5
    endloop
  endfacet
  facet normal 0 0 1
    outer loop
      vertex 81 51 2.5
      vertex 79 53 2.5
      vertex 80.7389 51.0171 2.5
    endloop
  endfacet
  facet normal 0 0 1
    outer loop
      vertex 79 76 2.5
      vertex 80.2346 77.8477 2.5
      vertex 80 77.732 2.5
    endloop
  endfacet
  facet normal 0 0 1
    outer loop
      vertex 80.7389 51.0171 2.5
      vertex 79 53 2.5
      vertex 80.4824 51.0681 2.5
    endloop
  endfacet
  facet normal 0 0 1
    outer loop
      vertex 79 76 2.5
      vertex 80 77.732 2.5
      vertex 79.7825 77.5867 2.5
    endloop
  endfacet
  facet normal 0 0 1
    outer loop
      vertex 80.4824 51.0681 2.5
      vertex 79 53 2.5
      vertex 80.2346 51.1522 2.5
    endloop
  endfacet
  facet normal 0 0 1
    outer loop
      vertex 79 76 2.5
      vertex 79.7825 77.5867 2.5
      vertex 79.5858 77.4142 2.5
    endloop
  endfacet
  facet normal 0 0 1
    outer loop
      vertex 80.2346 51.1522 2.5
      vertex 79 53 2.5
      vertex 80 51.2679 2.5
    endloop
  endfacet
  facet normal 0 0 1
    outer loop
      vertex 79 76 2.5
      vertex 79.5858 77.4142 2.5
      vertex 79.4133 77.2175 2.5
    endloop
  endfacet
  facet normal 0 0 1
    outer loop
      vertex 80 51.2679 2.5
      vertex 79 53 2.5
      vertex 79.7825 51.4133 2.5
    endloop
  endfacet
  facet normal 0 0 1
    outer loop
      vertex 79 76 2.5
      vertex 79.4133 77.2175 2.5
      vertex 79.2679 77 2.5
    endloop
  endfacet
  facet normal 0 0 1
    outer loop
      vertex 79.7825 51.4133 2.5
      vertex 79 53 2.5
      vertex 79.5858 51.5858 2.5
    endloop
  endfacet
  facet normal 0 0 1
    outer loop
      vertex 79 76 2.5
      vertex 79.2679 77 2.5
      vertex 79.1522 76.7654 2.5
    endloop
  endfacet
  facet normal 0 0 1
    outer loop
      vertex 79.5858 51.5858 2.5
      vertex 79 53 2.5
      vertex 79.4133 51.7825 2.5
    endloop
  endfacet
  facet normal 0 0 1
    outer loop
      vertex 79 76 2.5
      vertex 79.1522 76.7654 2.5
      vertex 79.0681 76.5176 2.5
    endloop
  endfacet
  facet normal 0 0 1
    outer loop
      vertex 79.4133 51.7825 2.5
      vertex 79 53 2.5
      vertex 79.2679 52 2.5
    endloop
  endfacet
  facet normal 0 0 1
    outer loop
      vertex 79 76 2.5
      vertex 79.0681 76.5176 2.5
      vertex 79.0171 76.261 2.5
    endloop
  endfacet
  facet normal 0 0 1
    outer loop
      vertex 79.2679 52 2.5
      vertex 79 53 2.5
      vertex 79.1522 52.2346 2.5
    endloop
  endfacet
  facet normal 0 0 1
    outer loop
      vertex 79.1522 52.2346 2.5
      vertex 79 53 2.5
      vertex 79.0681 52.4824 2.5
    endloop
  endfacet
  facet normal 0 0 1
    outer loop
      vertex 79.0681 52.4824 2.5
      vertex 79 53 2.5
      vertex 79.0171 52.7389 2.5
    endloop
  endfacet
  facet normal -0 0 1
    outer loop
      vertex 9 36 2.5
      vertex 14.5818 35.5124 2.5
      vertex 14.5818 36 2.5
    endloop
  endfacet
  facet normal 0 0 1
    outer loop
      vertex 7 11 2.5
      vertex 9.5 16.5 2.5
      vertex 9.5 28.5 2.5
    endloop
  endfacet
  facet normal 0 0 1
    outer loop
      vertex 14.5818 35.5124 2.5
      vertex 9 36 2.5
      vertex 9.5 28.5 2.5
    endloop
  endfacet
  facet normal -0 0 1
    outer loop
      vertex 7 34 2.5
      vertex 9.5 28.5 2.5
      vertex 9 36 2.5
    endloop
  endfacet
  facet normal 0 0 1
    outer loop
      vertex 9.5 16.5 2.5
      vertex 8.8 9.38564 2.5
      vertex 9.02265 9 2.5
    endloop
  endfacet
  facet normal 0 0 1
    outer loop
      vertex 7 34 2.5
      vertex 9 36 2.5
      vertex 8.73894 35.9829 2.5
    endloop
  endfacet
  facet normal 0 0 1
    outer loop
      vertex 7 34 2.5
      vertex 8.73894 35.9829 2.5
      vertex 8.48236 35.9318 2.5
    endloop
  endfacet
  facet normal 0 0 1
    outer loop
      vertex 7 34 2.5
      vertex 8.48236 35.9318 2.5
      vertex 8.23462 35.8477 2.5
    endloop
  endfacet
  facet normal 0 0 1
    outer loop
      vertex 7 34 2.5
      vertex 8.23462 35.8477 2.5
      vertex 8 35.732 2.5
    endloop
  endfacet
  facet normal 0 0 1
    outer loop
      vertex 7 11 2.5
      vertex 9.5 28.5 2.5
      vertex 7 34 2.5
    endloop
  endfacet
  facet normal 0 0 1
    outer loop
      vertex 7 34 2.5
      vertex 8 35.732 2.5
      vertex 7.78247 35.5867 2.5
    endloop
  endfacet
  facet normal 0 0 1
    outer loop
      vertex 9.5 16.5 2.5
      vertex 7 11 2.5
      vertex 8.8 9.38564 2.5
    endloop
  endfacet
  facet normal 0 0 1
    outer loop
      vertex 7 34 2.5
      vertex 7.78247 35.5867 2.5
      vertex 7.58578 35.4142 2.5
    endloop
  endfacet
  facet normal -0 -0 1
    outer loop
      vertex 7.01711 10.7389 2.5
      vertex 8.8 9.38564 2.5
      vertex 7 11 2.5
    endloop
  endfacet
  facet normal 0 0 1
    outer loop
      vertex 7 34 2.5
      vertex 7.58578 35.4142 2.5
      vertex 7.41328 35.2175 2.5
    endloop
  endfacet
  facet normal -0 -0 1
    outer loop
      vertex 7.78247 9.41328 2.5
      vertex 8.8 9.38564 2.5
      vertex 7.58578 9.58578 2.5
    endloop
  endfacet
  facet normal 0 0 1
    outer loop
      vertex 7 34 2.5
      vertex 7.41328 35.2175 2.5
      vertex 7.26794 35 2.5
    endloop
  endfacet
  facet normal 0 0 1
    outer loop
      vertex 8.8 9.38564 2.5
      vertex 7.78247 9.41328 2.5
      vertex 7.82385 9.38564 2.5
    endloop
  endfacet
  facet normal 0 0 1
    outer loop
      vertex 7 34 2.5
      vertex 7.26794 35 2.5
      vertex 7.15224 34.7654 2.5
    endloop
  endfacet
  facet normal 0 0 1
    outer loop
      vertex 8.8 9.38564 2.5
      vertex 7.41328 9.78247 2.5
      vertex 7.58578 9.58578 2.5
    endloop
  endfacet
  facet normal 0 0 1
    outer loop
      vertex 7 34 2.5
      vertex 7.15224 34.7654 2.5
      vertex 7.06815 34.5176 2.5
    endloop
  endfacet
  facet normal 0 0 1
    outer loop
      vertex 8.8 9.38564 2.5
      vertex 7.26794 10 2.5
      vertex 7.41328 9.78247 2.5
    endloop
  endfacet
  facet normal 0 0 1
    outer loop
      vertex 7 34 2.5
      vertex 7.06815 34.5176 2.5
      vertex 7.01711 34.261 2.5
    endloop
  endfacet
  facet normal 0 0 1
    outer loop
      vertex 8.8 9.38564 2.5
      vertex 7.15224 10.2346 2.5
      vertex 7.26794 10 2.5
    endloop
  endfacet
  facet normal 0 0 1
    outer loop
      vertex 8.8 9.38564 2.5
      vertex 7.06815 10.4824 2.5
      vertex 7.15224 10.2346 2.5
    endloop
  endfacet
  facet normal 0 0 1
    outer loop
      vertex 8.8 9.38564 2.5
      vertex 7.01711 10.7389 2.5
      vertex 7.06815 10.4824 2.5
    endloop
  endfacet
  facet normal 0 0 1
    outer loop
      vertex 32 36 2.5
      vertex 34 34 2.5
      vertex 33.9829 34.261 2.5
    endloop
  endfacet
  facet normal 0 0 1
    outer loop
      vertex 34 34 2.5
      vertex 31.5 28.5 2.5
      vertex 34 11 2.5
    endloop
  endfacet
  facet normal 0 0 1
    outer loop
      vertex 32 36 2.5
      vertex 33.9829 34.261 2.5
      vertex 33.9318 34.5176 2.5
    endloop
  endfacet
  facet normal -0 0 1
    outer loop
      vertex 31.5 16.5 2.5
      vertex 34 11 2.5
      vertex 31.5 28.5 2.5
    endloop
  endfacet
  facet normal 0 0 1
    outer loop
      vertex 32 36 2.5
      vertex 33.9318 34.5176 2.5
      vertex 33.8477 34.7654 2.5
    endloop
  endfacet
  facet normal 0 -0 1
    outer loop
      vertex 32 9 2.5
      vertex 34 11 2.5
      vertex 31.5 16.5 2.5
    endloop
  endfacet
  facet normal 0 0 1
    outer loop
      vertex 32 36 2.5
      vertex 33.8477 34.7654 2.5
      vertex 33.732 35 2.5
    endloop
  endfacet
  facet normal 0 0 1
    outer loop
      vertex 34 11 2.5
      vertex 32 9 2.5
      vertex 33.9829 10.7389 2.5
    endloop
  endfacet
  facet normal 0 0 1
    outer loop
      vertex 32 36 2.5
      vertex 33.732 35 2.5
      vertex 33.5867 35.2175 2.5
    endloop
  endfacet
  facet normal 0 0 1
    outer loop
      vertex 33.9829 10.7389 2.5
      vertex 32 9 2.5
      vertex 33.9318 10.4824 2.5
    endloop
  endfacet
  facet normal 0 0 1
    outer loop
      vertex 32 36 2.5
      vertex 33.5867 35.2175 2.5
      vertex 33.4142 35.4142 2.5
    endloop
  endfacet
  facet normal 0 0 1
    outer loop
      vertex 33.9318 10.4824 2.5
      vertex 32 9 2.5
      vertex 33.8477 10.2346 2.5
    endloop
  endfacet
  facet normal 0 0 1
    outer loop
      vertex 32 36 2.5
      vertex 33.4142 35.4142 2.5
      vertex 33.2175 35.5867 2.5
    endloop
  endfacet
  facet normal 0 0 1
    outer loop
      vertex 33.8477 10.2346 2.5
      vertex 32 9 2.5
      vertex 33.732 10 2.5
    endloop
  endfacet
  facet normal 0 0 1
    outer loop
      vertex 32 36 2.5
      vertex 33.2175 35.5867 2.5
      vertex 33 35.732 2.5
    endloop
  endfacet
  facet normal 0 0 1
    outer loop
      vertex 33.732 10 2.5
      vertex 32 9 2.5
      vertex 33.5867 9.78247 2.5
    endloop
  endfacet
  facet normal 0 0 1
    outer loop
      vertex 32 36 2.5
      vertex 33 35.732 2.5
      vertex 32.7654 35.8477 2.5
    endloop
  endfacet
  facet normal 0 0 1
    outer loop
      vertex 33.5867 9.78247 2.5
      vertex 32 9 2.5
      vertex 33.4142 9.58578 2.5
    endloop
  endfacet
  facet normal 0 0 1
    outer loop
      vertex 32 36 2.5
      vertex 32.7654 35.8477 2.5
      vertex 32.5176 35.9318 2.5
    endloop
  endfacet
  facet normal 0 0 1
    outer loop
      vertex 33.4142 9.58578 2.5
      vertex 32 9 2.5
      vertex 33.2175 9.41328 2.5
    endloop
  endfacet
  facet normal 0 0 1
    outer loop
      vertex 32 36 2.5
      vertex 32.5176 35.9318 2.5
      vertex 32.261 35.9829 2.5
    endloop
  endfacet
  facet normal 0 0 1
    outer loop
      vertex 33.2175 9.41328 2.5
      vertex 32 9 2.5
      vertex 33 9.26794 2.5
    endloop
  endfacet
  facet normal 0 0 1
    outer loop
      vertex 34 34 2.5
      vertex 32 36 2.5
      vertex 31.5 28.5 2.5
    endloop
  endfacet
  facet normal 0 0 1
    outer loop
      vertex 33 9.26794 2.5
      vertex 32 9 2.5
      vertex 32.7654 9.15224 2.5
    endloop
  endfacet
  facet normal 0 0 1
    outer loop
      vertex 32.7654 9.15224 2.5
      vertex 32 9 2.5
      vertex 32.5176 9.06815 2.5
    endloop
  endfacet
  facet normal 0 0 1
    outer loop
      vertex 26.1749 34.5518 2.5
      vertex 32 36 2.5
      vertex 26.4166 36 2.5
    endloop
  endfacet
  facet normal 0 0 1
    outer loop
      vertex 32 36 2.5
      vertex 26.1749 34.5518 2.5
      vertex 31.5 28.5 2.5
    endloop
  endfacet
  facet normal -0 0 1
    outer loop
      vertex 25.2348 32.8147 2.5
      vertex 31.5 28.5 2.5
      vertex 26.1749 34.5518 2.5
    endloop
  endfacet
  facet normal -0 0 1
    outer loop
      vertex 23.7817 31.477 2.5
      vertex 31.5 28.5 2.5
      vertex 25.2348 32.8147 2.5
    endloop
  endfacet
  facet normal -0 0 1
    outer loop
      vertex 21.9729 30.6836 2.5
      vertex 31.5 28.5 2.5
      vertex 23.7817 31.477 2.5
    endloop
  endfacet
  facet normal -0 0 1
    outer loop
      vertex 20.0045 30.5205 2.5
      vertex 31.5 28.5 2.5
      vertex 21.9729 30.6836 2.5
    endloop
  endfacet
  facet normal 0 0 1
    outer loop
      vertex 20.0045 30.5205 2.5
      vertex 9.5 28.5 2.5
      vertex 31.5 28.5 2.5
    endloop
  endfacet
  facet normal 0 0 1
    outer loop
      vertex 18.0898 31.0054 2.5
      vertex 9.5 28.5 2.5
      vertex 20.0045 30.5205 2.5
    endloop
  endfacet
  facet normal 0 0 1
    outer loop
      vertex 16.4363 32.0857 2.5
      vertex 9.5 28.5 2.5
      vertex 18.0898 31.0054 2.5
    endloop
  endfacet
  facet normal 0 0 1
    outer loop
      vertex 15.2232 33.6443 2.5
      vertex 9.5 28.5 2.5
      vertex 16.4363 32.0857 2.5
    endloop
  endfacet
  facet normal 0 0 1
    outer loop
      vertex 9.5 28.5 2.5
      vertex 15.2232 33.6443 2.5
      vertex 14.5818 35.5124 2.5
    endloop
  endfacet
  facet normal 0 0 1
    outer loop
      vertex 32.5176 9.06815 2.5
      vertex 32 9 2.5
      vertex 32.261 9.01711 2.5
    endloop
  endfacet
  facet normal -0 0 1
    outer loop
      vertex 9.5 16.5 2.5
      vertex 32 9 2.5
      vertex 31.5 16.5 2.5
    endloop
  endfacet
  facet normal 0 0 1
    outer loop
      vertex 32 9 2.5
      vertex 9.5 16.5 2.5
      vertex 9.02265 9 2.5
    endloop
  endfacet
  facet normal -0 0 1
    outer loop
      vertex 9 78 2.5
      vertex 14.5818 77.5124 2.5
      vertex 14.5818 78 2.5
    endloop
  endfacet
  facet normal -0 0 1
    outer loop
      vertex 7 76 2.5
      vertex 9.5 70.5 2.5
      vertex 9 78 2.5
    endloop
  endfacet
  facet normal 0 0 1
    outer loop
      vertex 14.5818 77.5124 2.5
      vertex 9 78 2.5
      vertex 9.5 70.5 2.5
    endloop
  endfacet
  facet normal 0 0 1
    outer loop
      vertex 32 78 2.5
      vertex 34 76 2.5
      vertex 33.9829 76.261 2.5
    endloop
  endfacet
  facet normal 0 0 1
    outer loop
      vertex 34 76 2.5
      vertex 31.5 70.5 2.5
      vertex 34 53 2.5
    endloop
  endfacet
  facet normal 0 0 1
    outer loop
      vertex 32 78 2.5
      vertex 33.9829 76.261 2.5
      vertex 33.9318 76.5176 2.5
    endloop
  endfacet
  facet normal -0 0 1
    outer loop
      vertex 31.5 58.5 2.5
      vertex 34 53 2.5
      vertex 31.5 70.5 2.5
    endloop
  endfacet
  facet normal 0 0 1
    outer loop
      vertex 32 78 2.5
      vertex 33.9318 76.5176 2.5
      vertex 33.8477 76.7654 2.5
    endloop
  endfacet
  facet normal 0 -0 1
    outer loop
      vertex 32 51 2.5
      vertex 34 53 2.5
      vertex 31.5 58.5 2.5
    endloop
  endfacet
  facet normal 0 0 1
    outer loop
      vertex 32 78 2.5
      vertex 33.8477 76.7654 2.5
      vertex 33.732 77 2.5
    endloop
  endfacet
  facet normal 0 0 1
    outer loop
      vertex 34 53 2.5
      vertex 32 51 2.5
      vertex 33.9829 52.7389 2.5
    endloop
  endfacet
  facet normal 0 0 1
    outer loop
      vertex 32 78 2.5
      vertex 33.732 77 2.5
      vertex 33.5867 77.2175 2.5
    endloop
  endfacet
  facet normal 0 0 1
    outer loop
      vertex 33.9829 52.7389 2.5
      vertex 32 51 2.5
      vertex 33.9318 52.4824 2.5
    endloop
  endfacet
  facet normal 0 0 1
    outer loop
      vertex 32 78 2.5
      vertex 33.5867 77.2175 2.5
      vertex 33.4142 77.4142 2.5
    endloop
  endfacet
  facet normal 0 0 1
    outer loop
      vertex 33.9318 52.4824 2.5
      vertex 32 51 2.5
      vertex 33.8477 52.2346 2.5
    endloop
  endfacet
  facet normal 0 0 1
    outer loop
      vertex 32 78 2.5
      vertex 33.4142 77.4142 2.5
      vertex 33.2175 77.5867 2.5
    endloop
  endfacet
  facet normal 0 0 1
    outer loop
      vertex 33.8477 52.2346 2.5
      vertex 32 51 2.5
      vertex 33.732 52 2.5
    endloop
  endfacet
  facet normal 0 0 1
    outer loop
      vertex 32 78 2.5
      vertex 33.2175 77.5867 2.5
      vertex 33 77.732 2.5
    endloop
  endfacet
  facet normal 0 0 1
    outer loop
      vertex 33.732 52 2.5
      vertex 32 51 2.5
      vertex 33.5867 51.7825 2.5
    endloop
  endfacet
  facet normal 0 0 1
    outer loop
      vertex 32 78 2.5
      vertex 33 77.732 2.5
      vertex 32.7654 77.8477 2.5
    endloop
  endfacet
  facet normal 0 0 1
    outer loop
      vertex 33.5867 51.7825 2.5
      vertex 32 51 2.5
      vertex 33.4142 51.5858 2.5
    endloop
  endfacet
  facet normal 0 0 1
    outer loop
      vertex 32 78 2.5
      vertex 32.7654 77.8477 2.5
      vertex 32.5176 77.9318 2.5
    endloop
  endfacet
  facet normal 0 0 1
    outer loop
      vertex 33.4142 51.5858 2.5
      vertex 32 51 2.5
      vertex 33.2175 51.4133 2.5
    endloop
  endfacet
  facet normal 0 0 1
    outer loop
      vertex 32 78 2.5
      vertex 32.5176 77.9318 2.5
      vertex 32.261 77.9829 2.5
    endloop
  endfacet
  facet normal 0 0 1
    outer loop
      vertex 33.2175 51.4133 2.5
      vertex 32 51 2.5
      vertex 33 51.2679 2.5
    endloop
  endfacet
  facet normal 0 0 1
    outer loop
      vertex 34 76 2.5
      vertex 32 78 2.5
      vertex 31.5 70.5 2.5
    endloop
  endfacet
  facet normal 0 0 1
    outer loop
      vertex 33 51.2679 2.5
      vertex 32 51 2.5
      vertex 32.7654 51.1522 2.5
    endloop
  endfacet
  facet normal 0 0 1
    outer loop
      vertex 32.7654 51.1522 2.5
      vertex 32 51 2.5
      vertex 32.5176 51.0681 2.5
    endloop
  endfacet
  facet normal 0 0 1
    outer loop
      vertex 26.1749 76.5518 2.5
      vertex 32 78 2.5
      vertex 26.4166 78 2.5
    endloop
  endfacet
  facet normal 0 0 1
    outer loop
      vertex 32 78 2.5
      vertex 26.1749 76.5518 2.5
      vertex 31.5 70.5 2.5
    endloop
  endfacet
  facet normal -0 0 1
    outer loop
      vertex 25.2348 74.8147 2.5
      vertex 31.5 70.5 2.5
      vertex 26.1749 76.5518 2.5
    endloop
  endfacet
  facet normal -0 0 1
    outer loop
      vertex 23.7817 73.477 2.5
      vertex 31.5 70.5 2.5
      vertex 25.2348 74.8147 2.5
    endloop
  endfacet
  facet normal -0 0 1
    outer loop
      vertex 21.9729 72.6836 2.5
      vertex 31.5 70.5 2.5
      vertex 23.7817 73.477 2.5
    endloop
  endfacet
  facet normal -0 0 1
    outer loop
      vertex 20.0045 72.5205 2.5
      vertex 31.5 70.5 2.5
      vertex 21.9729 72.6836 2.5
    endloop
  endfacet
  facet normal 0 0 1
    outer loop
      vertex 20.0045 72.5205 2.5
      vertex 9.5 70.5 2.5
      vertex 31.5 70.5 2.5
    endloop
  endfacet
  facet normal 0 0 1
    outer loop
      vertex 18.0898 73.0054 2.5
      vertex 9.5 70.5 2.5
      vertex 20.0045 72.5205 2.5
    endloop
  endfacet
  facet normal 0 0 1
    outer loop
      vertex 16.4363 74.0857 2.5
      vertex 9.5 70.5 2.5
      vertex 18.0898 73.0054 2.5
    endloop
  endfacet
  facet normal 0 0 1
    outer loop
      vertex 15.2232 75.6443 2.5
      vertex 9.5 70.5 2.5
      vertex 16.4363 74.0857 2.5
    endloop
  endfacet
  facet normal 0 0 1
    outer loop
      vertex 9.5 70.5 2.5
      vertex 15.2232 75.6443 2.5
      vertex 14.5818 77.5124 2.5
    endloop
  endfacet
  facet normal 0 0 1
    outer loop
      vertex 32.5176 51.0681 2.5
      vertex 32 51 2.5
      vertex 32.261 51.0171 2.5
    endloop
  endfacet
  facet normal -0 0 1
    outer loop
      vertex 9.5 58.5 2.5
      vertex 32 51 2.5
      vertex 31.5 58.5 2.5
    endloop
  endfacet
  facet normal 0 0 1
    outer loop
      vertex 9.5 58.5 2.5
      vertex 9 51 2.5
      vertex 32 51 2.5
    endloop
  endfacet
  facet normal 0 0 1
    outer loop
      vertex 9.5 70.5 2.5
      vertex 7 76 2.5
      vertex 9.5 58.5 2.5
    endloop
  endfacet
  facet normal 0 0 1
    outer loop
      vertex 7 76 2.5
      vertex 9 78 2.5
      vertex 8.73894 77.9829 2.5
    endloop
  endfacet
  facet normal 0 0 1
    outer loop
      vertex 7 53 2.5
      vertex 9.5 58.5 2.5
      vertex 7 76 2.5
    endloop
  endfacet
  facet normal 0 0 1
    outer loop
      vertex 7 76 2.5
      vertex 8.73894 77.9829 2.5
      vertex 8.48236 77.9318 2.5
    endloop
  endfacet
  facet normal 0 0 1
    outer loop
      vertex 9.5 58.5 2.5
      vertex 7 53 2.5
      vertex 9 51 2.5
    endloop
  endfacet
  facet normal 0 0 1
    outer loop
      vertex 7 76 2.5
      vertex 8.48236 77.9318 2.5
      vertex 8.23462 77.8477 2.5
    endloop
  endfacet
  facet normal 0 0 1
    outer loop
      vertex 9 51 2.5
      vertex 7 53 2.5
      vertex 8.73894 51.0171 2.5
    endloop
  endfacet
  facet normal 0 0 1
    outer loop
      vertex 7 76 2.5
      vertex 8.23462 77.8477 2.5
      vertex 8 77.732 2.5
    endloop
  endfacet
  facet normal 0 0 1
    outer loop
      vertex 8.73894 51.0171 2.5
      vertex 7 53 2.5
      vertex 8.48236 51.0681 2.5
    endloop
  endfacet
  facet normal 0 0 1
    outer loop
      vertex 7 76 2.5
      vertex 8 77.732 2.5
      vertex 7.78247 77.5867 2.5
    endloop
  endfacet
  facet normal 0 0 1
    outer loop
      vertex 8.48236 51.0681 2.5
      vertex 7 53 2.5
      vertex 8.23462 51.1522 2.5
    endloop
  endfacet
  facet normal 0 0 1
    outer loop
      vertex 7 76 2.5
      vertex 7.78247 77.5867 2.5
      vertex 7.58578 77.4142 2.5
    endloop
  endfacet
  facet normal 0 0 1
    outer loop
      vertex 8.23462 51.1522 2.5
      vertex 7 53 2.5
      vertex 8 51.2679 2.5
    endloop
  endfacet
  facet normal 0 0 1
    outer loop
      vertex 7 76 2.5
      vertex 7.58578 77.4142 2.5
      vertex 7.41328 77.2175 2.5
    endloop
  endfacet
  facet normal 0 0 1
    outer loop
      vertex 8 51.2679 2.5
      vertex 7 53 2.5
      vertex 7.78247 51.4133 2.5
    endloop
  endfacet
  facet normal 0 0 1
    outer loop
      vertex 7 76 2.5
      vertex 7.41328 77.2175 2.5
      vertex 7.26794 77 2.5
    endloop
  endfacet
  facet normal 0 0 1
    outer loop
      vertex 7.78247 51.4133 2.5
      vertex 7 53 2.5
      vertex 7.58578 51.5858 2.5
    endloop
  endfacet
  facet normal 0 0 1
    outer loop
      vertex 7 76 2.5
      vertex 7.26794 77 2.5
      vertex 7.15224 76.7654 2.5
    endloop
  endfacet
  facet normal 0 0 1
    outer loop
      vertex 7.58578 51.5858 2.5
      vertex 7 53 2.5
      vertex 7.41328 51.7825 2.5
    endloop
  endfacet
  facet normal 0 0 1
    outer loop
      vertex 7 76 2.5
      vertex 7.15224 76.7654 2.5
      vertex 7.06815 76.5176 2.5
    endloop
  endfacet
  facet normal 0 0 1
    outer loop
      vertex 7.41328 51.7825 2.5
      vertex 7 53 2.5
      vertex 7.26794 52 2.5
    endloop
  endfacet
  facet normal 0 0 1
    outer loop
      vertex 7 76 2.5
      vertex 7.06815 76.5176 2.5
      vertex 7.01711 76.261 2.5
    endloop
  endfacet
  facet normal 0 0 1
    outer loop
      vertex 7.26794 52 2.5
      vertex 7 53 2.5
      vertex 7.15224 52.2346 2.5
    endloop
  endfacet
  facet normal 0 0 1
    outer loop
      vertex 7.15224 52.2346 2.5
      vertex 7 53 2.5
      vertex 7.06815 52.4824 2.5
    endloop
  endfacet
  facet normal 0 0 1
    outer loop
      vertex 7.06815 52.4824 2.5
      vertex 7 53 2.5
      vertex 7.01711 52.7389 2.5
    endloop
  endfacet
  facet normal -0 0 1
    outer loop
      vertex 45 36 2.5
      vertex 50.5818 35.5124 2.5
      vertex 50.5818 36 2.5
    endloop
  endfacet
  facet normal -0 0 1
    outer loop
      vertex 43 34 2.5
      vertex 45.5 28.5 2.5
      vertex 45 36 2.5
    endloop
  endfacet
  facet normal 0 0 1
    outer loop
      vertex 50.5818 35.5124 2.5
      vertex 45 36 2.5
      vertex 45.5 28.5 2.5
    endloop
  endfacet
  facet normal 0 0 1
    outer loop
      vertex 68 36 2.5
      vertex 70 34 2.5
      vertex 69.9829 34.261 2.5
    endloop
  endfacet
  facet normal 0 0 1
    outer loop
      vertex 70 34 2.5
      vertex 67.5 28.5 2.5
      vertex 70 11 2.5
    endloop
  endfacet
  facet normal 0 0 1
    outer loop
      vertex 68 36 2.5
      vertex 69.9829 34.261 2.5
      vertex 69.9318 34.5176 2.5
    endloop
  endfacet
  facet normal -0 0 1
    outer loop
      vertex 67.5 16.5 2.5
      vertex 70 11 2.5
      vertex 67.5 28.5 2.5
    endloop
  endfacet
  facet normal 0 0 1
    outer loop
      vertex 68 36 2.5
      vertex 69.9318 34.5176 2.5
      vertex 69.8477 34.7654 2.5
    endloop
  endfacet
  facet normal 0 -0 1
    outer loop
      vertex 68 9 2.5
      vertex 70 11 2.5
      vertex 67.5 16.5 2.5
    endloop
  endfacet
  facet normal 0 0 1
    outer loop
      vertex 68 36 2.5
      vertex 69.8477 34.7654 2.5
      vertex 69.732 35 2.5
    endloop
  endfacet
  facet normal 0 0 1
    outer loop
      vertex 70 11 2.5
      vertex 68 9 2.5
      vertex 69.9829 10.7389 2.5
    endloop
  endfacet
  facet normal 0 0 1
    outer loop
      vertex 68 36 2.5
      vertex 69.732 35 2.5
      vertex 69.5867 35.2175 2.5
    endloop
  endfacet
  facet normal 0 0 1
    outer loop
      vertex 69.9829 10.7389 2.5
      vertex 68 9 2.5
      vertex 69.9318 10.4824 2.5
    endloop
  endfacet
  facet normal 0 0 1
    outer loop
      vertex 68 36 2.5
      vertex 69.5867 35.2175 2.5
      vertex 69.4142 35.4142 2.5
    endloop
  endfacet
  facet normal 0 0 1
    outer loop
      vertex 69.9318 10.4824 2.5
      vertex 68 9 2.5
      vertex 69.8477 10.2346 2.5
    endloop
  endfacet
  facet normal 0 0 1
    outer loop
      vertex 68 36 2.5
      vertex 69.4142 35.4142 2.5
      vertex 69.2175 35.5867 2.5
    endloop
  endfacet
  facet normal 0 0 1
    outer loop
      vertex 69.8477 10.2346 2.5
      vertex 68 9 2.5
      vertex 69.732 10 2.5
    endloop
  endfacet
  facet normal 0 0 1
    outer loop
      vertex 68 36 2.5
      vertex 69.2175 35.5867 2.5
      vertex 69 35.732 2.5
    endloop
  endfacet
  facet normal 0 0 1
    outer loop
      vertex 69.732 10 2.5
      vertex 68 9 2.5
      vertex 69.5867 9.78247 2.5
    endloop
  endfacet
  facet normal 0 0 1
    outer loop
      vertex 68 36 2.5
      vertex 69 35.732 2.5
      vertex 68.7654 35.8477 2.5
    endloop
  endfacet
  facet normal 0 0 1
    outer loop
      vertex 69.5867 9.78247 2.5
      vertex 68 9 2.5
      vertex 69.4142 9.58578 2.5
    endloop
  endfacet
  facet normal 0 0 1
    outer loop
      vertex 68 36 2.5
      vertex 68.7654 35.8477 2.5
      vertex 68.5176 35.9318 2.5
    endloop
  endfacet
  facet normal 0 0 1
    outer loop
      vertex 69.4142 9.58578 2.5
      vertex 68 9 2.5
      vertex 69.2175 9.41328 2.5
    endloop
  endfacet
  facet normal 0 0 1
    outer loop
      vertex 68 36 2.5
      vertex 68.5176 35.9318 2.5
      vertex 68.261 35.9829 2.5
    endloop
  endfacet
  facet normal 0 0 1
    outer loop
      vertex 69.2175 9.41328 2.5
      vertex 68 9 2.5
      vertex 69 9.26794 2.5
    endloop
  endfacet
  facet normal 0 0 1
    outer loop
      vertex 70 34 2.5
      vertex 68 36 2.5
      vertex 67.5 28.5 2.5
    endloop
  endfacet
  facet normal 0 0 1
    outer loop
      vertex 69 9.26794 2.5
      vertex 68 9 2.5
      vertex 68.7654 9.15224 2.5
    endloop
  endfacet
  facet normal 0 0 1
    outer loop
      vertex 68.7654 9.15224 2.5
      vertex 68 9 2.5
      vertex 68.5176 9.06815 2.5
    endloop
  endfacet
  facet normal 0 0 1
    outer loop
      vertex 62.1749 34.5518 2.5
      vertex 68 36 2.5
      vertex 62.4166 36 2.5
    endloop
  endfacet
  facet normal 0 0 1
    outer loop
      vertex 68 36 2.5
      vertex 62.1749 34.5518 2.5
      vertex 67.5 28.5 2.5
    endloop
  endfacet
  facet normal -0 0 1
    outer loop
      vertex 61.2348 32.8147 2.5
      vertex 67.5 28.5 2.5
      vertex 62.1749 34.5518 2.5
    endloop
  endfacet
  facet normal -0 0 1
    outer loop
      vertex 59.7817 31.477 2.5
      vertex 67.5 28.5 2.5
      vertex 61.2348 32.8147 2.5
    endloop
  endfacet
  facet normal -0 0 1
    outer loop
      vertex 57.9729 30.6836 2.5
      vertex 67.5 28.5 2.5
      vertex 59.7817 31.477 2.5
    endloop
  endfacet
  facet normal -0 0 1
    outer loop
      vertex 56.0045 30.5205 2.5
      vertex 67.5 28.5 2.5
      vertex 57.9729 30.6836 2.5
    endloop
  endfacet
  facet normal 0 0 1
    outer loop
      vertex 56.0045 30.5205 2.5
      vertex 45.5 28.5 2.5
      vertex 67.5 28.5 2.5
    endloop
  endfacet
  facet normal 0 0 1
    outer loop
      vertex 54.0898 31.0054 2.5
      vertex 45.5 28.5 2.5
      vertex 56.0045 30.5205 2.5
    endloop
  endfacet
  facet normal 0 0 1
    outer loop
      vertex 52.4363 32.0857 2.5
      vertex 45.5 28.5 2.5
      vertex 54.0898 31.0054 2.5
    endloop
  endfacet
  facet normal 0 0 1
    outer loop
      vertex 51.2232 33.6443 2.5
      vertex 45.5 28.5 2.5
      vertex 52.4363 32.0857 2.5
    endloop
  endfacet
  facet normal 0 0 1
    outer loop
      vertex 45.5 28.5 2.5
      vertex 51.2232 33.6443 2.5
      vertex 50.5818 35.5124 2.5
    endloop
  endfacet
  facet normal 0 0 1
    outer loop
      vertex 68.5176 9.06815 2.5
      vertex 68 9 2.5
      vertex 68.261 9.01711 2.5
    endloop
  endfacet
  facet normal -0 0 1
    outer loop
      vertex 45.5 16.5 2.5
      vertex 68 9 2.5
      vertex 67.5 16.5 2.5
    endloop
  endfacet
  facet normal 0 0 1
    outer loop
      vertex 45.5 16.5 2.5
      vertex 45 9 2.5
      vertex 68 9 2.5
    endloop
  endfacet
  facet normal 0 0 1
    outer loop
      vertex 45.5 28.5 2.5
      vertex 43 34 2.5
      vertex 45.5 16.5 2.5
    endloop
  endfacet
  facet normal 0 0 1
    outer loop
      vertex 43 34 2.5
      vertex 45 36 2.5
      vertex 44.7389 35.9829 2.5
    endloop
  endfacet
  facet normal 0 0 1
    outer loop
      vertex 43 11 2.5
      vertex 45.5 16.5 2.5
      vertex 43 34 2.5
    endloop
  endfacet
  facet normal 0 0 1
    outer loop
      vertex 43 34 2.5
      vertex 44.7389 35.9829 2.5
      vertex 44.4824 35.9318 2.5
    endloop
  endfacet
  facet normal 0 0 1
    outer loop
      vertex 45.5 16.5 2.5
      vertex 43 11 2.5
      vertex 45 9 2.5
    endloop
  endfacet
  facet normal 0 0 1
    outer loop
      vertex 43 34 2.5
      vertex 44.4824 35.9318 2.5
      vertex 44.2346 35.8477 2.5
    endloop
  endfacet
  facet normal 0 0 1
    outer loop
      vertex 45 9 2.5
      vertex 43 11 2.5
      vertex 44.7389 9.01711 2.5
    endloop
  endfacet
  facet normal 0 0 1
    outer loop
      vertex 43 34 2.5
      vertex 44.2346 35.8477 2.5
      vertex 44 35.732 2.5
    endloop
  endfacet
  facet normal 0 0 1
    outer loop
      vertex 44.7389 9.01711 2.5
      vertex 43 11 2.5
      vertex 44.4824 9.06815 2.5
    endloop
  endfacet
  facet normal 0 0 1
    outer loop
      vertex 43 34 2.5
      vertex 44 35.732 2.5
      vertex 43.7825 35.5867 2.5
    endloop
  endfacet
  facet normal 0 0 1
    outer loop
      vertex 44.4824 9.06815 2.5
      vertex 43 11 2.5
      vertex 44.2346 9.15224 2.5
    endloop
  endfacet
  facet normal 0 0 1
    outer loop
      vertex 43 34 2.5
      vertex 43.7825 35.5867 2.5
      vertex 43.5858 35.4142 2.5
    endloop
  endfacet
  facet normal 0 0 1
    outer loop
      vertex 44.2346 9.15224 2.5
      vertex 43 11 2.5
      vertex 44 9.26794 2.5
    endloop
  endfacet
  facet normal 0 0 1
    outer loop
      vertex 43 34 2.5
      vertex 43.5858 35.4142 2.5
      vertex 43.4133 35.2175 2.5
    endloop
  endfacet
  facet normal 0 0 1
    outer loop
      vertex 44 9.26794 2.5
      vertex 43 11 2.5
      vertex 43.7825 9.41328 2.5
    endloop
  endfacet
  facet normal 0 0 1
    outer loop
      vertex 43 34 2.5
      vertex 43.4133 35.2175 2.5
      vertex 43.2679 35 2.5
    endloop
  endfacet
  facet normal 0 0 1
    outer loop
      vertex 43.7825 9.41328 2.5
      vertex 43 11 2.5
      vertex 43.5858 9.58578 2.5
    endloop
  endfacet
  facet normal 0 0 1
    outer loop
      vertex 43 34 2.5
      vertex 43.2679 35 2.5
      vertex 43.1522 34.7654 2.5
    endloop
  endfacet
  facet normal 0 0 1
    outer loop
      vertex 43.5858 9.58578 2.5
      vertex 43 11 2.5
      vertex 43.4133 9.78247 2.5
    endloop
  endfacet
  facet normal 0 0 1
    outer loop
      vertex 43 34 2.5
      vertex 43.1522 34.7654 2.5
      vertex 43.0681 34.5176 2.5
    endloop
  endfacet
  facet normal 0 0 1
    outer loop
      vertex 43.4133 9.78247 2.5
      vertex 43 11 2.5
      vertex 43.2679 10 2.5
    endloop
  endfacet
  facet normal 0 0 1
    outer loop
      vertex 43 34 2.5
      vertex 43.0681 34.5176 2.5
      vertex 43.0171 34.261 2.5
    endloop
  endfacet
  facet normal 0 0 1
    outer loop
      vertex 43.2679 10 2.5
      vertex 43 11 2.5
      vertex 43.1522 10.2346 2.5
    endloop
  endfacet
  facet normal 0 0 1
    outer loop
      vertex 43.1522 10.2346 2.5
      vertex 43 11 2.5
      vertex 43.0681 10.4824 2.5
    endloop
  endfacet
  facet normal 0 0 1
    outer loop
      vertex 43.0681 10.4824 2.5
      vertex 43 11 2.5
      vertex 43.0171 10.7389 2.5
    endloop
  endfacet
  facet normal -0 0 1
    outer loop
      vertex 45 78 2.5
      vertex 50.5818 77.5124 2.5
      vertex 50.5818 78 2.5
    endloop
  endfacet
  facet normal -0 0 1
    outer loop
      vertex 43 76 2.5
      vertex 45.5 70.5 2.5
      vertex 45 78 2.5
    endloop
  endfacet
  facet normal 0 0 1
    outer loop
      vertex 50.5818 77.5124 2.5
      vertex 45 78 2.5
      vertex 45.5 70.5 2.5
    endloop
  endfacet
  facet normal 0 0 1
    outer loop
      vertex 68 78 2.5
      vertex 70 76 2.5
      vertex 69.9829 76.261 2.5
    endloop
  endfacet
  facet normal 0 0 1
    outer loop
      vertex 70 76 2.5
      vertex 67.5 70.5 2.5
      vertex 70 53 2.5
    endloop
  endfacet
  facet normal 0 0 1
    outer loop
      vertex 68 78 2.5
      vertex 69.9829 76.261 2.5
      vertex 69.9318 76.5176 2.5
    endloop
  endfacet
  facet normal -0 0 1
    outer loop
      vertex 67.5 58.5 2.5
      vertex 70 53 2.5
      vertex 67.5 70.5 2.5
    endloop
  endfacet
  facet normal 0 0 1
    outer loop
      vertex 68 78 2.5
      vertex 69.9318 76.5176 2.5
      vertex 69.8477 76.7654 2.5
    endloop
  endfacet
  facet normal 0 -0 1
    outer loop
      vertex 68 51 2.5
      vertex 70 53 2.5
      vertex 67.5 58.5 2.5
    endloop
  endfacet
  facet normal 0 0 1
    outer loop
      vertex 68 78 2.5
      vertex 69.8477 76.7654 2.5
      vertex 69.732 77 2.5
    endloop
  endfacet
  facet normal 0 0 1
    outer loop
      vertex 70 53 2.5
      vertex 68 51 2.5
      vertex 69.9829 52.7389 2.5
    endloop
  endfacet
  facet normal 0 0 1
    outer loop
      vertex 68 78 2.5
      vertex 69.732 77 2.5
      vertex 69.5867 77.2175 2.5
    endloop
  endfacet
  facet normal 0 0 1
    outer loop
      vertex 69.9829 52.7389 2.5
      vertex 68 51 2.5
      vertex 69.9318 52.4824 2.5
    endloop
  endfacet
  facet normal 0 0 1
    outer loop
      vertex 68 78 2.5
      vertex 69.5867 77.2175 2.5
      vertex 69.4142 77.4142 2.5
    endloop
  endfacet
  facet normal 0 0 1
    outer loop
      vertex 69.9318 52.4824 2.5
      vertex 68 51 2.5
      vertex 69.8477 52.2346 2.5
    endloop
  endfacet
  facet normal 0 0 1
    outer loop
      vertex 68 78 2.5
      vertex 69.4142 77.4142 2.5
      vertex 69.2175 77.5867 2.5
    endloop
  endfacet
  facet normal 0 0 1
    outer loop
      vertex 69.8477 52.2346 2.5
      vertex 68 51 2.5
      vertex 69.732 52 2.5
    endloop
  endfacet
  facet normal 0 0 1
    outer loop
      vertex 68 78 2.5
      vertex 69.2175 77.5867 2.5
      vertex 69 77.732 2.5
    endloop
  endfacet
  facet normal 0 0 1
    outer loop
      vertex 69.732 52 2.5
      vertex 68 51 2.5
      vertex 69.5867 51.7825 2.5
    endloop
  endfacet
  facet normal 0 0 1
    outer loop
      vertex 68 78 2.5
      vertex 69 77.732 2.5
      vertex 68.7654 77.8477 2.5
    endloop
  endfacet
  facet normal 0 0 1
    outer loop
      vertex 69.5867 51.7825 2.5
      vertex 68 51 2.5
      vertex 69.4142 51.5858 2.5
    endloop
  endfacet
  facet normal 0 0 1
    outer loop
      vertex 68 78 2.5
      vertex 68.7654 77.8477 2.5
      vertex 68.5176 77.9318 2.5
    endloop
  endfacet
  facet normal 0 0 1
    outer loop
      vertex 69.4142 51.5858 2.5
      vertex 68 51 2.5
      vertex 69.2175 51.4133 2.5
    endloop
  endfacet
  facet normal 0 0 1
    outer loop
      vertex 68 78 2.5
      vertex 68.5176 77.9318 2.5
      vertex 68.261 77.9829 2.5
    endloop
  endfacet
  facet normal 0 0 1
    outer loop
      vertex 69.2175 51.4133 2.5
      vertex 68 51 2.5
      vertex 69 51.2679 2.5
    endloop
  endfacet
  facet normal 0 0 1
    outer loop
      vertex 70 76 2.5
      vertex 68 78 2.5
      vertex 67.5 70.5 2.5
    endloop
  endfacet
  facet normal 0 0 1
    outer loop
      vertex 69 51.2679 2.5
      vertex 68 51 2.5
      vertex 68.7654 51.1522 2.5
    endloop
  endfacet
  facet normal 0 0 1
    outer loop
      vertex 68.7654 51.1522 2.5
      vertex 68 51 2.5
      vertex 68.5176 51.0681 2.5
    endloop
  endfacet
  facet normal 0 0 1
    outer loop
      vertex 62.1749 76.5518 2.5
      vertex 68 78 2.5
      vertex 62.4166 78 2.5
    endloop
  endfacet
  facet normal 0 0 1
    outer loop
      vertex 68 78 2.5
      vertex 62.1749 76.5518 2.5
      vertex 67.5 70.5 2.5
    endloop
  endfacet
  facet normal -0 0 1
    outer loop
      vertex 61.2348 74.8147 2.5
      vertex 67.5 70.5 2.5
      vertex 62.1749 76.5518 2.5
    endloop
  endfacet
  facet normal -0 0 1
    outer loop
      vertex 59.7817 73.477 2.5
      vertex 67.5 70.5 2.5
      vertex 61.2348 74.8147 2.5
    endloop
  endfacet
  facet normal -0 0 1
    outer loop
      vertex 57.9729 72.6836 2.5
      vertex 67.5 70.5 2.5
      vertex 59.7817 73.477 2.5
    endloop
  endfacet
  facet normal -0 0 1
    outer loop
      vertex 56.0045 72.5205 2.5
      vertex 67.5 70.5 2.5
      vertex 57.9729 72.6836 2.5
    endloop
  endfacet
  facet normal 0 0 1
    outer loop
      vertex 56.0045 72.5205 2.5
      vertex 45.5 70.5 2.5
      vertex 67.5 70.5 2.5
    endloop
  endfacet
  facet normal 0 0 1
    outer loop
      vertex 54.0898 73.0054 2.5
      vertex 45.5 70.5 2.5
      vertex 56.0045 72.5205 2.5
    endloop
  endfacet
  facet normal 0 0 1
    outer loop
      vertex 52.4363 74.0857 2.5
      vertex 45.5 70.5 2.5
      vertex 54.0898 73.0054 2.5
    endloop
  endfacet
  facet normal 0 0 1
    outer loop
      vertex 51.2232 75.6443 2.5
      vertex 45.5 70.5 2.5
      vertex 52.4363 74.0857 2.5
    endloop
  endfacet
  facet normal 0 0 1
    outer loop
      vertex 45.5 70.5 2.5
      vertex 51.2232 75.6443 2.5
      vertex 50.5818 77.5124 2.5
    endloop
  endfacet
  facet normal 0 0 1
    outer loop
      vertex 68.5176 51.0681 2.5
      vertex 68 51 2.5
      vertex 68.261 51.0171 2.5
    endloop
  endfacet
  facet normal -0 0 1
    outer loop
      vertex 45.5 58.5 2.5
      vertex 68 51 2.5
      vertex 67.5 58.5 2.5
    endloop
  endfacet
  facet normal 0 0 1
    outer loop
      vertex 45.5 58.5 2.5
      vertex 45 51 2.5
      vertex 68 51 2.5
    endloop
  endfacet
  facet normal 0 0 1
    outer loop
      vertex 45.5 70.5 2.5
      vertex 43 76 2.5
      vertex 45.5 58.5 2.5
    endloop
  endfacet
  facet normal 0 0 1
    outer loop
      vertex 43 76 2.5
      vertex 45 78 2.5
      vertex 44.7389 77.9829 2.5
    endloop
  endfacet
  facet normal 0 0 1
    outer loop
      vertex 43 53 2.5
      vertex 45.5 58.5 2.5
      vertex 43 76 2.5
    endloop
  endfacet
  facet normal 0 0 1
    outer loop
      vertex 43 76 2.5
      vertex 44.7389 77.9829 2.5
      vertex 44.4824 77.9318 2.5
    endloop
  endfacet
  facet normal 0 0 1
    outer loop
      vertex 45.5 58.5 2.5
      vertex 43 53 2.5
      vertex 45 51 2.5
    endloop
  endfacet
  facet normal 0 0 1
    outer loop
      vertex 43 76 2.5
      vertex 44.4824 77.9318 2.5
      vertex 44.2346 77.8477 2.5
    endloop
  endfacet
  facet normal 0 0 1
    outer loop
      vertex 45 51 2.5
      vertex 43 53 2.5
      vertex 44.7389 51.0171 2.5
    endloop
  endfacet
  facet normal 0 0 1
    outer loop
      vertex 43 76 2.5
      vertex 44.2346 77.8477 2.5
      vertex 44 77.732 2.5
    endloop
  endfacet
  facet normal 0 0 1
    outer loop
      vertex 44.7389 51.0171 2.5
      vertex 43 53 2.5
      vertex 44.4824 51.0681 2.5
    endloop
  endfacet
  facet normal 0 0 1
    outer loop
      vertex 43 76 2.5
      vertex 44 77.732 2.5
      vertex 43.7825 77.5867 2.5
    endloop
  endfacet
  facet normal 0 0 1
    outer loop
      vertex 44.4824 51.0681 2.5
      vertex 43 53 2.5
      vertex 44.2346 51.1522 2.5
    endloop
  endfacet
  facet normal 0 0 1
    outer loop
      vertex 43 76 2.5
      vertex 43.7825 77.5867 2.5
      vertex 43.5858 77.4142 2.5
    endloop
  endfacet
  facet normal 0 0 1
    outer loop
      vertex 44.2346 51.1522 2.5
      vertex 43 53 2.5
      vertex 44 51.2679 2.5
    endloop
  endfacet
  facet normal 0 0 1
    outer loop
      vertex 43 76 2.5
      vertex 43.5858 77.4142 2.5
      vertex 43.4133 77.2175 2.5
    endloop
  endfacet
  facet normal 0 0 1
    outer loop
      vertex 44 51.2679 2.5
      vertex 43 53 2.5
      vertex 43.7825 51.4133 2.5
    endloop
  endfacet
  facet normal 0 0 1
    outer loop
      vertex 43 76 2.5
      vertex 43.4133 77.2175 2.5
      vertex 43.2679 77 2.5
    endloop
  endfacet
  facet normal 0 0 1
    outer loop
      vertex 43.7825 51.4133 2.5
      vertex 43 53 2.5
      vertex 43.5858 51.5858 2.5
    endloop
  endfacet
  facet normal 0 0 1
    outer loop
      vertex 43 76 2.5
      vertex 43.2679 77 2.5
      vertex 43.1522 76.7654 2.5
    endloop
  endfacet
  facet normal 0 0 1
    outer loop
      vertex 43.5858 51.5858 2.5
      vertex 43 53 2.5
      vertex 43.4133 51.7825 2.5
    endloop
  endfacet
  facet normal 0 0 1
    outer loop
      vertex 43 76 2.5
      vertex 43.1522 76.7654 2.5
      vertex 43.0681 76.5176 2.5
    endloop
  endfacet
  facet normal 0 0 1
    outer loop
      vertex 43.4133 51.7825 2.5
      vertex 43 53 2.5
      vertex 43.2679 52 2.5
    endloop
  endfacet
  facet normal 0 0 1
    outer loop
      vertex 43 76 2.5
      vertex 43.0681 76.5176 2.5
      vertex 43.0171 76.261 2.5
    endloop
  endfacet
  facet normal 0 0 1
    outer loop
      vertex 43.2679 52 2.5
      vertex 43 53 2.5
      vertex 43.1522 52.2346 2.5
    endloop
  endfacet
  facet normal 0 0 1
    outer loop
      vertex 43.1522 52.2346 2.5
      vertex 43 53 2.5
      vertex 43.0681 52.4824 2.5
    endloop
  endfacet
  facet normal 0 0 1
    outer loop
      vertex 43.0681 52.4824 2.5
      vertex 43 53 2.5
      vertex 43.0171 52.7389 2.5
    endloop
  endfacet
  facet normal 1 -0 0
    outer loop
      vertex 9.5 58.5 2.5
      vertex 9.5 70.5 0
      vertex 9.5 70.5 2.5
    endloop
  endfacet
  facet normal 1 0 0
    outer loop
      vertex 9.5 70.5 0
      vertex 9.5 58.5 2.5
      vertex 9.5 58.5 0
    endloop
  endfacet
  facet normal -1 0 0
    outer loop
      vertex 31.5 58.5 0
      vertex 31.5 70.5 2.5
      vertex 31.5 70.5 0
    endloop
  endfacet
  facet normal -1 -0 0
    outer loop
      vertex 31.5 70.5 2.5
      vertex 31.5 58.5 0
      vertex 31.5 58.5 2.5
    endloop
  endfacet
  facet normal 0 -1 0
    outer loop
      vertex 9.5 70.5 0
      vertex 31.5 70.5 2.5
      vertex 9.5 70.5 2.5
    endloop
  endfacet
  facet normal 0 -1 -0
    outer loop
      vertex 31.5 70.5 2.5
      vertex 9.5 70.5 0
      vertex 31.5 70.5 0
    endloop
  endfacet
  facet normal 0 1 -0
    outer loop
      vertex 31.5 58.5 0
      vertex 9.5 58.5 2.5
      vertex 31.5 58.5 2.5
    endloop
  endfacet
  facet normal 0 1 0
    outer loop
      vertex 9.5 58.5 2.5
      vertex 31.5 58.5 0
      vertex 9.5 58.5 0
    endloop
  endfacet
  facet normal 1 -0 0
    outer loop
      vertex 45.5 16.5 2.5
      vertex 45.5 28.5 0
      vertex 45.5 28.5 2.5
    endloop
  endfacet
  facet normal 1 0 0
    outer loop
      vertex 45.5 28.5 0
      vertex 45.5 16.5 2.5
      vertex 45.5 16.5 0
    endloop
  endfacet
  facet normal -1 0 0
    outer loop
      vertex 67.5 16.5 0
      vertex 67.5 28.5 2.5
      vertex 67.5 28.5 0
    endloop
  endfacet
  facet normal -1 -0 0
    outer loop
      vertex 67.5 28.5 2.5
      vertex 67.5 16.5 0
      vertex 67.5 16.5 2.5
    endloop
  endfacet
  facet normal 0 -1 0
    outer loop
      vertex 45.5 28.5 0
      vertex 67.5 28.5 2.5
      vertex 45.5 28.5 2.5
    endloop
  endfacet
  facet normal 0 -1 -0
    outer loop
      vertex 67.5 28.5 2.5
      vertex 45.5 28.5 0
      vertex 67.5 28.5 0
    endloop
  endfacet
  facet normal 0 1 -0
    outer loop
      vertex 67.5 16.5 0
      vertex 45.5 16.5 2.5
      vertex 67.5 16.5 2.5
    endloop
  endfacet
  facet normal 0 1 0
    outer loop
      vertex 45.5 16.5 2.5
      vertex 67.5 16.5 0
      vertex 45.5 16.5 0
    endloop
  endfacet
  facet normal 1 -0 0
    outer loop
      vertex 45.5 58.5 2.5
      vertex 45.5 70.5 0
      vertex 45.5 70.5 2.5
    endloop
  endfacet
  facet normal 1 0 0
    outer loop
      vertex 45.5 70.5 0
      vertex 45.5 58.5 2.5
      vertex 45.5 58.5 0
    endloop
  endfacet
  facet normal -1 0 0
    outer loop
      vertex 67.5 58.5 0
      vertex 67.5 70.5 2.5
      vertex 67.5 70.5 0
    endloop
  endfacet
  facet normal -1 -0 0
    outer loop
      vertex 67.5 70.5 2.5
      vertex 67.5 58.5 0
      vertex 67.5 58.5 2.5
    endloop
  endfacet
  facet normal 0 1 -0
    outer loop
      vertex 67.5 58.5 0
      vertex 45.5 58.5 2.5
      vertex 67.5 58.5 2.5
    endloop
  endfacet
  facet normal 0 1 0
    outer loop
      vertex 45.5 58.5 2.5
      vertex 67.5 58.5 0
      vertex 45.5 58.5 0
    endloop
  endfacet
  facet normal 0 -1 0
    outer loop
      vertex 45.5 70.5 0
      vertex 67.5 70.5 2.5
      vertex 45.5 70.5 2.5
    endloop
  endfacet
  facet normal 0 -1 -0
    outer loop
      vertex 67.5 70.5 2.5
      vertex 45.5 70.5 0
      vertex 67.5 70.5 0
    endloop
  endfacet
  facet normal 1 -0 0
    outer loop
      vertex 81.5 16.5 2.5
      vertex 81.5 28.5 0
      vertex 81.5 28.5 2.5
    endloop
  endfacet
  facet normal 1 0 0
    outer loop
      vertex 81.5 28.5 0
      vertex 81.5 16.5 2.5
      vertex 81.5 16.5 0
    endloop
  endfacet
  facet normal -1 0 0
    outer loop
      vertex 103.5 16.5 0
      vertex 103.5 28.5 2.5
      vertex 103.5 28.5 0
    endloop
  endfacet
  facet normal -1 -0 0
    outer loop
      vertex 103.5 28.5 2.5
      vertex 103.5 16.5 0
      vertex 103.5 16.5 2.5
    endloop
  endfacet
  facet normal 0 1 -0
    outer loop
      vertex 103.5 16.5 0
      vertex 81.5 16.5 2.5
      vertex 103.5 16.5 2.5
    endloop
  endfacet
  facet normal 0 1 0
    outer loop
      vertex 81.5 16.5 2.5
      vertex 103.5 16.5 0
      vertex 81.5 16.5 0
    endloop
  endfacet
  facet normal 0 -1 0
    outer loop
      vertex 81.5 28.5 0
      vertex 103.5 28.5 2.5
      vertex 81.5 28.5 2.5
    endloop
  endfacet
  facet normal 0 -1 -0
    outer loop
      vertex 103.5 28.5 2.5
      vertex 81.5 28.5 0
      vertex 103.5 28.5 0
    endloop
  endfacet
  facet normal 1 -0 0
    outer loop
      vertex 81.5 58.5 2.5
      vertex 81.5 70.5 0
      vertex 81.5 70.5 2.5
    endloop
  endfacet
  facet normal 1 0 0
    outer loop
      vertex 81.5 70.5 0
      vertex 81.5 58.5 2.5
      vertex 81.5 58.5 0
    endloop
  endfacet
  facet normal -1 0 0
    outer loop
      vertex 103.5 58.5 0
      vertex 103.5 70.5 2.5
      vertex 103.5 70.5 0
    endloop
  endfacet
  facet normal -1 -0 0
    outer loop
      vertex 103.5 70.5 2.5
      vertex 103.5 58.5 0
      vertex 103.5 58.5 2.5
    endloop
  endfacet
  facet normal 0 -1 0
    outer loop
      vertex 81.5 70.5 0
      vertex 103.5 70.5 2.5
      vertex 81.5 70.5 2.5
    endloop
  endfacet
  facet normal 0 -1 -0
    outer loop
      vertex 103.5 70.5 2.5
      vertex 81.5 70.5 0
      vertex 103.5 70.5 0
    endloop
  endfacet
  facet normal 0 1 -0
    outer loop
      vertex 103.5 58.5 0
      vertex 81.5 58.5 2.5
      vertex 103.5 58.5 2.5
    endloop
  endfacet
  facet normal 0 1 0
    outer loop
      vertex 81.5 58.5 2.5
      vertex 103.5 58.5 0
      vertex 81.5 58.5 0
    endloop
  endfacet
  facet normal -0.986361 -0.164596 0
    outer loop
      vertex 26.5 36.5 0
      vertex 26.1749 38.4482 2.5
      vertex 26.1749 38.4482 0
    endloop
  endfacet
  facet normal -0.986361 -0.164596 0
    outer loop
      vertex 26.1749 38.4482 2.5
      vertex 26.5 36.5 0
      vertex 26.5 36.5 2.5
    endloop
  endfacet
  facet normal 1 -0 0
    outer loop
      vertex 14.5818 36 2.5
      vertex 14.5818 37.4876 0
      vertex 14.5818 37.4876 2.5
    endloop
  endfacet
  facet normal 1 0 0
    outer loop
      vertex 14.5818 35.5124 0
      vertex 14.5818 36 2.5
      vertex 14.5818 35.5124 2.5
    endloop
  endfacet
  facet normal 1 0 0
    outer loop
      vertex 14.5818 36 2.5
      vertex 14.5818 35.5124 0
      vertex 14.5818 37.4876 0
    endloop
  endfacet
  facet normal -0.0825762 -0.996585 0
    outer loop
      vertex 20.0045 42.4795 0
      vertex 21.9729 42.3164 2.5
      vertex 20.0045 42.4795 2.5
    endloop
  endfacet
  facet normal -0.0825762 -0.996585 -0
    outer loop
      vertex 21.9729 42.3164 2.5
      vertex 20.0045 42.4795 0
      vertex 21.9729 42.3164 0
    endloop
  endfacet
  facet normal -0.677289 -0.735717 0
    outer loop
      vertex 23.7817 41.523 0
      vertex 25.2348 40.1853 2.5
      vertex 23.7817 41.523 2.5
    endloop
  endfacet
  facet normal -0.677289 -0.735717 -0
    outer loop
      vertex 25.2348 40.1853 2.5
      vertex 23.7817 41.523 0
      vertex 25.2348 40.1853 0
    endloop
  endfacet
  facet normal -0.879468 -0.475959 0
    outer loop
      vertex 26.1749 38.4482 0
      vertex 25.2348 40.1853 2.5
      vertex 25.2348 40.1853 0
    endloop
  endfacet
  facet normal -0.879468 -0.475959 0
    outer loop
      vertex 25.2348 40.1853 2.5
      vertex 26.1749 38.4482 0
      vertex 26.1749 38.4482 2.5
    endloop
  endfacet
  facet normal -0.40169 -0.915776 0
    outer loop
      vertex 21.9729 42.3164 0
      vertex 23.7817 41.523 2.5
      vertex 21.9729 42.3164 2.5
    endloop
  endfacet
  facet normal -0.40169 -0.915776 -0
    outer loop
      vertex 23.7817 41.523 2.5
      vertex 21.9729 42.3164 0
      vertex 23.7817 41.523 0
    endloop
  endfacet
  facet normal 0.789142 -0.61421 0
    outer loop
      vertex 15.2232 39.3557 2.5
      vertex 16.4363 40.9143 0
      vertex 16.4363 40.9143 2.5
    endloop
  endfacet
  facet normal 0.789142 -0.61421 0
    outer loop
      vertex 16.4363 40.9143 0
      vertex 15.2232 39.3557 2.5
      vertex 15.2232 39.3557 0
    endloop
  endfacet
  facet normal 0.945805 -0.324736 0
    outer loop
      vertex 14.5818 37.4876 2.5
      vertex 15.2232 39.3557 0
      vertex 15.2232 39.3557 2.5
    endloop
  endfacet
  facet normal 0.945805 -0.324736 0
    outer loop
      vertex 15.2232 39.3557 0
      vertex 14.5818 37.4876 2.5
      vertex 14.5818 37.4876 0
    endloop
  endfacet
  facet normal 0.245501 -0.969396 0
    outer loop
      vertex 18.0898 41.9946 0
      vertex 20.0045 42.4795 2.5
      vertex 18.0898 41.9946 2.5
    endloop
  endfacet
  facet normal 0.245501 -0.969396 0
    outer loop
      vertex 20.0045 42.4795 2.5
      vertex 18.0898 41.9946 0
      vertex 20.0045 42.4795 0
    endloop
  endfacet
  facet normal -0.986373 0.164527 0
    outer loop
      vertex 26.5 36.5 0
      vertex 26.4166 36 2.5
      vertex 26.5 36.5 2.5
    endloop
  endfacet
  facet normal -0.986361 0.164596 1.42005e-05
    outer loop
      vertex 26.1749 34.5518 0
      vertex 26.4166 36 2.5
      vertex 26.5 36.5 0
    endloop
  endfacet
  facet normal -0.986357 0.16462 0
    outer loop
      vertex 26.4166 36 2.5
      vertex 26.1749 34.5518 0
      vertex 26.1749 34.5518 2.5
    endloop
  endfacet
  facet normal 0.245501 0.969396 -0
    outer loop
      vertex 20.0045 30.5205 0
      vertex 18.0898 31.0054 2.5
      vertex 20.0045 30.5205 2.5
    endloop
  endfacet
  facet normal 0.245501 0.969396 0
    outer loop
      vertex 18.0898 31.0054 2.5
      vertex 20.0045 30.5205 0
      vertex 18.0898 31.0054 0
    endloop
  endfacet
  facet normal 0.945805 0.324736 0
    outer loop
      vertex 15.2232 33.6443 2.5
      vertex 14.5818 35.5124 0
      vertex 14.5818 35.5124 2.5
    endloop
  endfacet
  facet normal 0.945805 0.324736 0
    outer loop
      vertex 14.5818 35.5124 0
      vertex 15.2232 33.6443 2.5
      vertex 15.2232 33.6443 0
    endloop
  endfacet
  facet normal 0.546953 -0.837163 0
    outer loop
      vertex 16.4363 40.9143 0
      vertex 18.0898 41.9946 2.5
      vertex 16.4363 40.9143 2.5
    endloop
  endfacet
  facet normal 0.546953 -0.837163 0
    outer loop
      vertex 18.0898 41.9946 2.5
      vertex 16.4363 40.9143 0
      vertex 18.0898 41.9946 0
    endloop
  endfacet
  facet normal -0.40169 0.915776 0
    outer loop
      vertex 23.7817 31.477 0
      vertex 21.9729 30.6836 2.5
      vertex 23.7817 31.477 2.5
    endloop
  endfacet
  facet normal -0.40169 0.915776 0
    outer loop
      vertex 21.9729 30.6836 2.5
      vertex 23.7817 31.477 0
      vertex 21.9729 30.6836 0
    endloop
  endfacet
  facet normal -0.0825762 0.996585 0
    outer loop
      vertex 21.9729 30.6836 0
      vertex 20.0045 30.5205 2.5
      vertex 21.9729 30.6836 2.5
    endloop
  endfacet
  facet normal -0.0825762 0.996585 0
    outer loop
      vertex 20.0045 30.5205 2.5
      vertex 21.9729 30.6836 0
      vertex 20.0045 30.5205 0
    endloop
  endfacet
  facet normal 0.789142 0.61421 0
    outer loop
      vertex 16.4363 32.0857 2.5
      vertex 15.2232 33.6443 0
      vertex 15.2232 33.6443 2.5
    endloop
  endfacet
  facet normal 0.789142 0.61421 0
    outer loop
      vertex 15.2232 33.6443 0
      vertex 16.4363 32.0857 2.5
      vertex 16.4363 32.0857 0
    endloop
  endfacet
  facet normal -0.677289 0.735717 0
    outer loop
      vertex 25.2348 32.8147 0
      vertex 23.7817 31.477 2.5
      vertex 25.2348 32.8147 2.5
    endloop
  endfacet
  facet normal -0.677289 0.735717 0
    outer loop
      vertex 23.7817 31.477 2.5
      vertex 25.2348 32.8147 0
      vertex 23.7817 31.477 0
    endloop
  endfacet
  facet normal 0.546953 0.837163 -0
    outer loop
      vertex 18.0898 31.0054 0
      vertex 16.4363 32.0857 2.5
      vertex 18.0898 31.0054 2.5
    endloop
  endfacet
  facet normal 0.546953 0.837163 0
    outer loop
      vertex 16.4363 32.0857 2.5
      vertex 18.0898 31.0054 0
      vertex 16.4363 32.0857 0
    endloop
  endfacet
  facet normal -0.879468 0.475959 0
    outer loop
      vertex 25.2348 32.8147 0
      vertex 26.1749 34.5518 2.5
      vertex 26.1749 34.5518 0
    endloop
  endfacet
  facet normal -0.879468 0.475959 0
    outer loop
      vertex 26.1749 34.5518 2.5
      vertex 25.2348 32.8147 0
      vertex 25.2348 32.8147 2.5
    endloop
  endfacet
  facet normal -0.986361 -0.164596 0
    outer loop
      vertex 26.5 78.5 0
      vertex 26.1749 80.4482 2.5
      vertex 26.1749 80.4482 0
    endloop
  endfacet
  facet normal -0.986361 -0.164596 0
    outer loop
      vertex 26.1749 80.4482 2.5
      vertex 26.5 78.5 0
      vertex 26.5 78.5 2.5
    endloop
  endfacet
  facet normal 1 -0 0
    outer loop
      vertex 14.5818 78 2.5
      vertex 14.5818 79.4876 0
      vertex 14.5818 79.4876 2.5
    endloop
  endfacet
  facet normal 1 0 0
    outer loop
      vertex 14.5818 77.5124 0
      vertex 14.5818 78 2.5
      vertex 14.5818 77.5124 2.5
    endloop
  endfacet
  facet normal 1 0 0
    outer loop
      vertex 14.5818 78 2.5
      vertex 14.5818 77.5124 0
      vertex 14.5818 79.4876 0
    endloop
  endfacet
  facet normal -0.40169 -0.915776 0
    outer loop
      vertex 21.9729 84.3164 0
      vertex 23.7817 83.523 2.5
      vertex 21.9729 84.3164 2.5
    endloop
  endfacet
  facet normal -0.40169 -0.915776 -0
    outer loop
      vertex 23.7817 83.523 2.5
      vertex 21.9729 84.3164 0
      vertex 23.7817 83.523 0
    endloop
  endfacet
  facet normal -0.40169 0.915776 0
    outer loop
      vertex 23.7817 73.477 0
      vertex 21.9729 72.6836 2.5
      vertex 23.7817 73.477 2.5
    endloop
  endfacet
  facet normal -0.40169 0.915776 0
    outer loop
      vertex 21.9729 72.6836 2.5
      vertex 23.7817 73.477 0
      vertex 21.9729 72.6836 0
    endloop
  endfacet
  facet normal -0.0825762 0.996585 0
    outer loop
      vertex 21.9729 72.6836 0
      vertex 20.0045 72.5205 2.5
      vertex 21.9729 72.6836 2.5
    endloop
  endfacet
  facet normal -0.0825762 0.996585 0
    outer loop
      vertex 20.0045 72.5205 2.5
      vertex 21.9729 72.6836 0
      vertex 20.0045 72.5205 0
    endloop
  endfacet
  facet normal -0.677289 -0.735717 0
    outer loop
      vertex 23.7817 83.523 0
      vertex 25.2348 82.1853 2.5
      vertex 23.7817 83.523 2.5
    endloop
  endfacet
  facet normal -0.677289 -0.735717 -0
    outer loop
      vertex 25.2348 82.1853 2.5
      vertex 23.7817 83.523 0
      vertex 25.2348 82.1853 0
    endloop
  endfacet
  facet normal -0.879468 -0.475959 0
    outer loop
      vertex 26.1749 80.4482 0
      vertex 25.2348 82.1853 2.5
      vertex 25.2348 82.1853 0
    endloop
  endfacet
  facet normal -0.879468 -0.475959 0
    outer loop
      vertex 25.2348 82.1853 2.5
      vertex 26.1749 80.4482 0
      vertex 26.1749 80.4482 2.5
    endloop
  endfacet
  facet normal -0.0825762 -0.996585 0
    outer loop
      vertex 20.0045 84.4795 0
      vertex 21.9729 84.3164 2.5
      vertex 20.0045 84.4795 2.5
    endloop
  endfacet
  facet normal -0.0825762 -0.996585 -0
    outer loop
      vertex 21.9729 84.3164 2.5
      vertex 20.0045 84.4795 0
      vertex 21.9729 84.3164 0
    endloop
  endfacet
  facet normal 0.245501 -0.969396 0
    outer loop
      vertex 18.0898 83.9946 0
      vertex 20.0045 84.4795 2.5
      vertex 18.0898 83.9946 2.5
    endloop
  endfacet
  facet normal 0.245501 -0.969396 0
    outer loop
      vertex 20.0045 84.4795 2.5
      vertex 18.0898 83.9946 0
      vertex 20.0045 84.4795 0
    endloop
  endfacet
  facet normal 0.945805 0.324736 0
    outer loop
      vertex 15.2232 75.6443 2.5
      vertex 14.5818 77.5124 0
      vertex 14.5818 77.5124 2.5
    endloop
  endfacet
  facet normal 0.945805 0.324736 0
    outer loop
      vertex 14.5818 77.5124 0
      vertex 15.2232 75.6443 2.5
      vertex 15.2232 75.6443 0
    endloop
  endfacet
  facet normal 0.245501 0.969396 -0
    outer loop
      vertex 20.0045 72.5205 0
      vertex 18.0898 73.0054 2.5
      vertex 20.0045 72.5205 2.5
    endloop
  endfacet
  facet normal 0.245501 0.969396 0
    outer loop
      vertex 18.0898 73.0054 2.5
      vertex 20.0045 72.5205 0
      vertex 18.0898 73.0054 0
    endloop
  endfacet
  facet normal 0.945805 -0.324736 0
    outer loop
      vertex 14.5818 79.4876 2.5
      vertex 15.2232 81.3557 0
      vertex 15.2232 81.3557 2.5
    endloop
  endfacet
  facet normal 0.945805 -0.324736 0
    outer loop
      vertex 15.2232 81.3557 0
      vertex 14.5818 79.4876 2.5
      vertex 14.5818 79.4876 0
    endloop
  endfacet
  facet normal 0.546953 -0.837163 0
    outer loop
      vertex 16.4363 82.9143 0
      vertex 18.0898 83.9946 2.5
      vertex 16.4363 82.9143 2.5
    endloop
  endfacet
  facet normal 0.546953 -0.837163 0
    outer loop
      vertex 18.0898 83.9946 2.5
      vertex 16.4363 82.9143 0
      vertex 18.0898 83.9946 0
    endloop
  endfacet
  facet normal 0.789142 -0.61421 0
    outer loop
      vertex 15.2232 81.3557 2.5
      vertex 16.4363 82.9143 0
      vertex 16.4363 82.9143 2.5
    endloop
  endfacet
  facet normal 0.789142 -0.61421 0
    outer loop
      vertex 16.4363 82.9143 0
      vertex 15.2232 81.3557 2.5
      vertex 15.2232 81.3557 0
    endloop
  endfacet
  facet normal -0.677289 0.735717 0
    outer loop
      vertex 25.2348 74.8147 0
      vertex 23.7817 73.477 2.5
      vertex 25.2348 74.8147 2.5
    endloop
  endfacet
  facet normal -0.677289 0.735717 0
    outer loop
      vertex 23.7817 73.477 2.5
      vertex 25.2348 74.8147 0
      vertex 23.7817 73.477 0
    endloop
  endfacet
  facet normal -0.986373 0.164527 0
    outer loop
      vertex 26.5 78.5 0
      vertex 26.4166 78 2.5
      vertex 26.5 78.5 2.5
    endloop
  endfacet
  facet normal -0.986361 0.164596 1.42005e-05
    outer loop
      vertex 26.1749 76.5518 0
      vertex 26.4166 78 2.5
      vertex 26.5 78.5 0
    endloop
  endfacet
  facet normal -0.986357 0.16462 0
    outer loop
      vertex 26.4166 78 2.5
      vertex 26.1749 76.5518 0
      vertex 26.1749 76.5518 2.5
    endloop
  endfacet
  facet normal 0.789142 0.61421 0
    outer loop
      vertex 16.4363 74.0857 2.5
      vertex 15.2232 75.6443 0
      vertex 15.2232 75.6443 2.5
    endloop
  endfacet
  facet normal 0.789142 0.61421 0
    outer loop
      vertex 15.2232 75.6443 0
      vertex 16.4363 74.0857 2.5
      vertex 16.4363 74.0857 0
    endloop
  endfacet
  facet normal 0.546953 0.837163 -0
    outer loop
      vertex 18.0898 73.0054 0
      vertex 16.4363 74.0857 2.5
      vertex 18.0898 73.0054 2.5
    endloop
  endfacet
  facet normal 0.546953 0.837163 0
    outer loop
      vertex 16.4363 74.0857 2.5
      vertex 18.0898 73.0054 0
      vertex 16.4363 74.0857 0
    endloop
  endfacet
  facet normal -0.879468 0.475959 0
    outer loop
      vertex 25.2348 74.8147 0
      vertex 26.1749 76.5518 2.5
      vertex 26.1749 76.5518 0
    endloop
  endfacet
  facet normal -0.879468 0.475959 0
    outer loop
      vertex 26.1749 76.5518 2.5
      vertex 25.2348 74.8147 0
      vertex 25.2348 74.8147 2.5
    endloop
  endfacet
  facet normal -0.986361 -0.164596 0
    outer loop
      vertex 62.5 36.5 0
      vertex 62.1749 38.4482 2.5
      vertex 62.1749 38.4482 0
    endloop
  endfacet
  facet normal -0.986361 -0.164596 0
    outer loop
      vertex 62.1749 38.4482 2.5
      vertex 62.5 36.5 0
      vertex 62.5 36.5 2.5
    endloop
  endfacet
  facet normal 1 -0 0
    outer loop
      vertex 50.5818 36 2.5
      vertex 50.5818 37.4876 0
      vertex 50.5818 37.4876 2.5
    endloop
  endfacet
  facet normal 1 0 0
    outer loop
      vertex 50.5818 35.5124 0
      vertex 50.5818 36 2.5
      vertex 50.5818 35.5124 2.5
    endloop
  endfacet
  facet normal 1 0 0
    outer loop
      vertex 50.5818 36 2.5
      vertex 50.5818 35.5124 0
      vertex 50.5818 37.4876 0
    endloop
  endfacet
  facet normal -0.40169 -0.915776 0
    outer loop
      vertex 57.9729 42.3164 0
      vertex 59.7817 41.523 2.5
      vertex 57.9729 42.3164 2.5
    endloop
  endfacet
  facet normal -0.40169 -0.915776 -0
    outer loop
      vertex 59.7817 41.523 2.5
      vertex 57.9729 42.3164 0
      vertex 59.7817 41.523 0
    endloop
  endfacet
  facet normal -0.40169 0.915776 0
    outer loop
      vertex 59.7817 31.477 0
      vertex 57.9729 30.6836 2.5
      vertex 59.7817 31.477 2.5
    endloop
  endfacet
  facet normal -0.40169 0.915776 0
    outer loop
      vertex 57.9729 30.6836 2.5
      vertex 59.7817 31.477 0
      vertex 57.9729 30.6836 0
    endloop
  endfacet
  facet normal -0.0825762 0.996585 0
    outer loop
      vertex 57.9729 30.6836 0
      vertex 56.0045 30.5205 2.5
      vertex 57.9729 30.6836 2.5
    endloop
  endfacet
  facet normal -0.0825762 0.996585 0
    outer loop
      vertex 56.0045 30.5205 2.5
      vertex 57.9729 30.6836 0
      vertex 56.0045 30.5205 0
    endloop
  endfacet
  facet normal -0.677289 -0.735717 0
    outer loop
      vertex 59.7817 41.523 0
      vertex 61.2348 40.1853 2.5
      vertex 59.7817 41.523 2.5
    endloop
  endfacet
  facet normal -0.677289 -0.735717 -0
    outer loop
      vertex 61.2348 40.1853 2.5
      vertex 59.7817 41.523 0
      vertex 61.2348 40.1853 0
    endloop
  endfacet
  facet normal -0.879468 -0.475959 0
    outer loop
      vertex 62.1749 38.4482 0
      vertex 61.2348 40.1853 2.5
      vertex 61.2348 40.1853 0
    endloop
  endfacet
  facet normal -0.879468 -0.475959 0
    outer loop
      vertex 61.2348 40.1853 2.5
      vertex 62.1749 38.4482 0
      vertex 62.1749 38.4482 2.5
    endloop
  endfacet
  facet normal -0.0825762 -0.996585 0
    outer loop
      vertex 56.0045 42.4795 0
      vertex 57.9729 42.3164 2.5
      vertex 56.0045 42.4795 2.5
    endloop
  endfacet
  facet normal -0.0825762 -0.996585 -0
    outer loop
      vertex 57.9729 42.3164 2.5
      vertex 56.0045 42.4795 0
      vertex 57.9729 42.3164 0
    endloop
  endfacet
  facet normal 0.245501 -0.969396 0
    outer loop
      vertex 54.0898 41.9946 0
      vertex 56.0045 42.4795 2.5
      vertex 54.0898 41.9946 2.5
    endloop
  endfacet
  facet normal 0.245501 -0.969396 0
    outer loop
      vertex 56.0045 42.4795 2.5
      vertex 54.0898 41.9946 0
      vertex 56.0045 42.4795 0
    endloop
  endfacet
  facet normal 0.945805 -0.324736 0
    outer loop
      vertex 50.5818 37.4876 2.5
      vertex 51.2232 39.3557 0
      vertex 51.2232 39.3557 2.5
    endloop
  endfacet
  facet normal 0.945805 -0.324736 0
    outer loop
      vertex 51.2232 39.3557 0
      vertex 50.5818 37.4876 2.5
      vertex 50.5818 37.4876 0
    endloop
  endfacet
  facet normal 0.945805 0.324736 0
    outer loop
      vertex 51.2232 33.6443 2.5
      vertex 50.5818 35.5124 0
      vertex 50.5818 35.5124 2.5
    endloop
  endfacet
  facet normal 0.945805 0.324736 0
    outer loop
      vertex 50.5818 35.5124 0
      vertex 51.2232 33.6443 2.5
      vertex 51.2232 33.6443 0
    endloop
  endfacet
  facet normal 0.245501 0.969396 -0
    outer loop
      vertex 56.0045 30.5205 0
      vertex 54.0898 31.0054 2.5
      vertex 56.0045 30.5205 2.5
    endloop
  endfacet
  facet normal 0.245501 0.969396 0
    outer loop
      vertex 54.0898 31.0054 2.5
      vertex 56.0045 30.5205 0
      vertex 54.0898 31.0054 0
    endloop
  endfacet
  facet normal 0.546953 -0.837163 0
    outer loop
      vertex 52.4363 40.9143 0
      vertex 54.0898 41.9946 2.5
      vertex 52.4363 40.9143 2.5
    endloop
  endfacet
  facet normal 0.546953 -0.837163 0
    outer loop
      vertex 54.0898 41.9946 2.5
      vertex 52.4363 40.9143 0
      vertex 54.0898 41.9946 0
    endloop
  endfacet
  facet normal 0.789142 -0.61421 0
    outer loop
      vertex 51.2232 39.3557 2.5
      vertex 52.4363 40.9143 0
      vertex 52.4363 40.9143 2.5
    endloop
  endfacet
  facet normal 0.789142 -0.61421 0
    outer loop
      vertex 52.4363 40.9143 0
      vertex 51.2232 39.3557 2.5
      vertex 51.2232 39.3557 0
    endloop
  endfacet
  facet normal -0.677289 0.735717 0
    outer loop
      vertex 61.2348 32.8147 0
      vertex 59.7817 31.477 2.5
      vertex 61.2348 32.8147 2.5
    endloop
  endfacet
  facet normal -0.677289 0.735717 0
    outer loop
      vertex 59.7817 31.477 2.5
      vertex 61.2348 32.8147 0
      vertex 59.7817 31.477 0
    endloop
  endfacet
  facet normal -0.986373 0.164527 0
    outer loop
      vertex 62.5 36.5 0
      vertex 62.4166 36 2.5
      vertex 62.5 36.5 2.5
    endloop
  endfacet
  facet normal -0.986361 0.164596 1.42005e-05
    outer loop
      vertex 62.1749 34.5518 0
      vertex 62.4166 36 2.5
      vertex 62.5 36.5 0
    endloop
  endfacet
  facet normal -0.986357 0.16462 0
    outer loop
      vertex 62.4166 36 2.5
      vertex 62.1749 34.5518 0
      vertex 62.1749 34.5518 2.5
    endloop
  endfacet
  facet normal 0.789142 0.61421 0
    outer loop
      vertex 52.4363 32.0857 2.5
      vertex 51.2232 33.6443 0
      vertex 51.2232 33.6443 2.5
    endloop
  endfacet
  facet normal 0.789142 0.61421 0
    outer loop
      vertex 51.2232 33.6443 0
      vertex 52.4363 32.0857 2.5
      vertex 52.4363 32.0857 0
    endloop
  endfacet
  facet normal 0.546953 0.837163 -0
    outer loop
      vertex 54.0898 31.0054 0
      vertex 52.4363 32.0857 2.5
      vertex 54.0898 31.0054 2.5
    endloop
  endfacet
  facet normal 0.546953 0.837163 0
    outer loop
      vertex 52.4363 32.0857 2.5
      vertex 54.0898 31.0054 0
      vertex 52.4363 32.0857 0
    endloop
  endfacet
  facet normal -0.879468 0.475959 0
    outer loop
      vertex 61.2348 32.8147 0
      vertex 62.1749 34.5518 2.5
      vertex 62.1749 34.5518 0
    endloop
  endfacet
  facet normal -0.879468 0.475959 0
    outer loop
      vertex 62.1749 34.5518 2.5
      vertex 61.2348 32.8147 0
      vertex 61.2348 32.8147 2.5
    endloop
  endfacet
  facet normal -0.986361 -0.164596 0
    outer loop
      vertex 62.5 78.5 0
      vertex 62.1749 80.4482 2.5
      vertex 62.1749 80.4482 0
    endloop
  endfacet
  facet normal -0.986361 -0.164596 0
    outer loop
      vertex 62.1749 80.4482 2.5
      vertex 62.5 78.5 0
      vertex 62.5 78.5 2.5
    endloop
  endfacet
  facet normal 1 -0 0
    outer loop
      vertex 50.5818 78 2.5
      vertex 50.5818 79.4876 0
      vertex 50.5818 79.4876 2.5
    endloop
  endfacet
  facet normal 1 0 0
    outer loop
      vertex 50.5818 77.5124 0
      vertex 50.5818 78 2.5
      vertex 50.5818 77.5124 2.5
    endloop
  endfacet
  facet normal 1 0 0
    outer loop
      vertex 50.5818 78 2.5
      vertex 50.5818 77.5124 0
      vertex 50.5818 79.4876 0
    endloop
  endfacet
  facet normal -0.40169 -0.915776 0
    outer loop
      vertex 57.9729 84.3164 0
      vertex 59.7817 83.523 2.5
      vertex 57.9729 84.3164 2.5
    endloop
  endfacet
  facet normal -0.40169 -0.915776 -0
    outer loop
      vertex 59.7817 83.523 2.5
      vertex 57.9729 84.3164 0
      vertex 59.7817 83.523 0
    endloop
  endfacet
  facet normal -0.40169 0.915776 0
    outer loop
      vertex 59.7817 73.477 0
      vertex 57.9729 72.6836 2.5
      vertex 59.7817 73.477 2.5
    endloop
  endfacet
  facet normal -0.40169 0.915776 0
    outer loop
      vertex 57.9729 72.6836 2.5
      vertex 59.7817 73.477 0
      vertex 57.9729 72.6836 0
    endloop
  endfacet
  facet normal -0.0825762 0.996585 0
    outer loop
      vertex 57.9729 72.6836 0
      vertex 56.0045 72.5205 2.5
      vertex 57.9729 72.6836 2.5
    endloop
  endfacet
  facet normal -0.0825762 0.996585 0
    outer loop
      vertex 56.0045 72.5205 2.5
      vertex 57.9729 72.6836 0
      vertex 56.0045 72.5205 0
    endloop
  endfacet
  facet normal -0.677289 -0.735717 0
    outer loop
      vertex 59.7817 83.523 0
      vertex 61.2348 82.1853 2.5
      vertex 59.7817 83.523 2.5
    endloop
  endfacet
  facet normal -0.677289 -0.735717 -0
    outer loop
      vertex 61.2348 82.1853 2.5
      vertex 59.7817 83.523 0
      vertex 61.2348 82.1853 0
    endloop
  endfacet
  facet normal -0.879468 -0.475959 0
    outer loop
      vertex 62.1749 80.4482 0
      vertex 61.2348 82.1853 2.5
      vertex 61.2348 82.1853 0
    endloop
  endfacet
  facet normal -0.879468 -0.475959 0
    outer loop
      vertex 61.2348 82.1853 2.5
      vertex 62.1749 80.4482 0
      vertex 62.1749 80.4482 2.5
    endloop
  endfacet
  facet normal -0.0825762 -0.996585 0
    outer loop
      vertex 56.0045 84.4795 0
      vertex 57.9729 84.3164 2.5
      vertex 56.0045 84.4795 2.5
    endloop
  endfacet
  facet normal -0.0825762 -0.996585 -0
    outer loop
      vertex 57.9729 84.3164 2.5
      vertex 56.0045 84.4795 0
      vertex 57.9729 84.3164 0
    endloop
  endfacet
  facet normal 0.245501 -0.969396 0
    outer loop
      vertex 54.0898 83.9946 0
      vertex 56.0045 84.4795 2.5
      vertex 54.0898 83.9946 2.5
    endloop
  endfacet
  facet normal 0.245501 -0.969396 0
    outer loop
      vertex 56.0045 84.4795 2.5
      vertex 54.0898 83.9946 0
      vertex 56.0045 84.4795 0
    endloop
  endfacet
  facet normal 0.945805 0.324736 0
    outer loop
      vertex 51.2232 75.6443 2.5
      vertex 50.5818 77.5124 0
      vertex 50.5818 77.5124 2.5
    endloop
  endfacet
  facet normal 0.945805 0.324736 0
    outer loop
      vertex 50.5818 77.5124 0
      vertex 51.2232 75.6443 2.5
      vertex 51.2232 75.6443 0
    endloop
  endfacet
  facet normal 0.245501 0.969396 -0
    outer loop
      vertex 56.0045 72.5205 0
      vertex 54.0898 73.0054 2.5
      vertex 56.0045 72.5205 2.5
    endloop
  endfacet
  facet normal 0.245501 0.969396 0
    outer loop
      vertex 54.0898 73.0054 2.5
      vertex 56.0045 72.5205 0
      vertex 54.0898 73.0054 0
    endloop
  endfacet
  facet normal 0.945805 -0.324736 0
    outer loop
      vertex 50.5818 79.4876 2.5
      vertex 51.2232 81.3557 0
      vertex 51.2232 81.3557 2.5
    endloop
  endfacet
  facet normal 0.945805 -0.324736 0
    outer loop
      vertex 51.2232 81.3557 0
      vertex 50.5818 79.4876 2.5
      vertex 50.5818 79.4876 0
    endloop
  endfacet
  facet normal 0.546953 -0.837163 0
    outer loop
      vertex 52.4363 82.9143 0
      vertex 54.0898 83.9946 2.5
      vertex 52.4363 82.9143 2.5
    endloop
  endfacet
  facet normal 0.546953 -0.837163 0
    outer loop
      vertex 54.0898 83.9946 2.5
      vertex 52.4363 82.9143 0
      vertex 54.0898 83.9946 0
    endloop
  endfacet
  facet normal 0.789142 -0.61421 0
    outer loop
      vertex 51.2232 81.3557 2.5
      vertex 52.4363 82.9143 0
      vertex 52.4363 82.9143 2.5
    endloop
  endfacet
  facet normal 0.789142 -0.61421 0
    outer loop
      vertex 52.4363 82.9143 0
      vertex 51.2232 81.3557 2.5
      vertex 51.2232 81.3557 0
    endloop
  endfacet
  facet normal -0.677289 0.735717 0
    outer loop
      vertex 61.2348 74.8147 0
      vertex 59.7817 73.477 2.5
      vertex 61.2348 74.8147 2.5
    endloop
  endfacet
  facet normal -0.677289 0.735717 0
    outer loop
      vertex 59.7817 73.477 2.5
      vertex 61.2348 74.8147 0
      vertex 59.7817 73.477 0
    endloop
  endfacet
  facet normal -0.986373 0.164527 0
    outer loop
      vertex 62.5 78.5 0
      vertex 62.4166 78 2.5
      vertex 62.5 78.5 2.5
    endloop
  endfacet
  facet normal -0.986361 0.164596 1.42005e-05
    outer loop
      vertex 62.1749 76.5518 0
      vertex 62.4166 78 2.5
      vertex 62.5 78.5 0
    endloop
  endfacet
  facet normal -0.986357 0.16462 0
    outer loop
      vertex 62.4166 78 2.5
      vertex 62.1749 76.5518 0
      vertex 62.1749 76.5518 2.5
    endloop
  endfacet
  facet normal 0.789142 0.61421 0
    outer loop
      vertex 52.4363 74.0857 2.5
      vertex 51.2232 75.6443 0
      vertex 51.2232 75.6443 2.5
    endloop
  endfacet
  facet normal 0.789142 0.61421 0
    outer loop
      vertex 51.2232 75.6443 0
      vertex 52.4363 74.0857 2.5
      vertex 52.4363 74.0857 0
    endloop
  endfacet
  facet normal 0.546953 0.837163 -0
    outer loop
      vertex 54.0898 73.0054 0
      vertex 52.4363 74.0857 2.5
      vertex 54.0898 73.0054 2.5
    endloop
  endfacet
  facet normal 0.546953 0.837163 0
    outer loop
      vertex 52.4363 74.0857 2.5
      vertex 54.0898 73.0054 0
      vertex 52.4363 74.0857 0
    endloop
  endfacet
  facet normal -0.879468 0.475959 0
    outer loop
      vertex 61.2348 74.8147 0
      vertex 62.1749 76.5518 2.5
      vertex 62.1749 76.5518 0
    endloop
  endfacet
  facet normal -0.879468 0.475959 0
    outer loop
      vertex 62.1749 76.5518 2.5
      vertex 61.2348 74.8147 0
      vertex 61.2348 74.8147 2.5
    endloop
  endfacet
  facet normal -0.986361 -0.164596 0
    outer loop
      vertex 98.5 36.5 0
      vertex 98.1749 38.4482 2.5
      vertex 98.1749 38.4482 0
    endloop
  endfacet
  facet normal -0.986361 -0.164596 0
    outer loop
      vertex 98.1749 38.4482 2.5
      vertex 98.5 36.5 0
      vertex 98.5 36.5 2.5
    endloop
  endfacet
  facet normal 1 -0 0
    outer loop
      vertex 86.5818 36 2.5
      vertex 86.5818 37.4876 0
      vertex 86.5818 37.4876 2.5
    endloop
  endfacet
  facet normal 1 0 0
    outer loop
      vertex 86.5818 35.5124 0
      vertex 86.5818 36 2.5
      vertex 86.5818 35.5124 2.5
    endloop
  endfacet
  facet normal 1 0 0
    outer loop
      vertex 86.5818 36 2.5
      vertex 86.5818 35.5124 0
      vertex 86.5818 37.4876 0
    endloop
  endfacet
  facet normal -0.40169 -0.915776 0
    outer loop
      vertex 93.9729 42.3164 0
      vertex 95.7817 41.523 2.5
      vertex 93.9729 42.3164 2.5
    endloop
  endfacet
  facet normal -0.40169 -0.915776 -0
    outer loop
      vertex 95.7817 41.523 2.5
      vertex 93.9729 42.3164 0
      vertex 95.7817 41.523 0
    endloop
  endfacet
  facet normal -0.40169 0.915776 0
    outer loop
      vertex 95.7817 31.477 0
      vertex 93.9729 30.6836 2.5
      vertex 95.7817 31.477 2.5
    endloop
  endfacet
  facet normal -0.40169 0.915776 0
    outer loop
      vertex 93.9729 30.6836 2.5
      vertex 95.7817 31.477 0
      vertex 93.9729 30.6836 0
    endloop
  endfacet
  facet normal -0.0825762 0.996585 0
    outer loop
      vertex 93.9729 30.6836 0
      vertex 92.0045 30.5205 2.5
      vertex 93.9729 30.6836 2.5
    endloop
  endfacet
  facet normal -0.0825762 0.996585 0
    outer loop
      vertex 92.0045 30.5205 2.5
      vertex 93.9729 30.6836 0
      vertex 92.0045 30.5205 0
    endloop
  endfacet
  facet normal -0.677289 -0.735717 0
    outer loop
      vertex 95.7817 41.523 0
      vertex 97.2348 40.1853 2.5
      vertex 95.7817 41.523 2.5
    endloop
  endfacet
  facet normal -0.677289 -0.735717 -0
    outer loop
      vertex 97.2348 40.1853 2.5
      vertex 95.7817 41.523 0
      vertex 97.2348 40.1853 0
    endloop
  endfacet
  facet normal -0.879468 -0.475959 0
    outer loop
      vertex 98.1749 38.4482 0
      vertex 97.2348 40.1853 2.5
      vertex 97.2348 40.1853 0
    endloop
  endfacet
  facet normal -0.879468 -0.475959 0
    outer loop
      vertex 97.2348 40.1853 2.5
      vertex 98.1749 38.4482 0
      vertex 98.1749 38.4482 2.5
    endloop
  endfacet
  facet normal -0.0825762 -0.996585 0
    outer loop
      vertex 92.0045 42.4795 0
      vertex 93.9729 42.3164 2.5
      vertex 92.0045 42.4795 2.5
    endloop
  endfacet
  facet normal -0.0825762 -0.996585 -0
    outer loop
      vertex 93.9729 42.3164 2.5
      vertex 92.0045 42.4795 0
      vertex 93.9729 42.3164 0
    endloop
  endfacet
  facet normal 0.245501 -0.969396 0
    outer loop
      vertex 90.0898 41.9946 0
      vertex 92.0045 42.4795 2.5
      vertex 90.0898 41.9946 2.5
    endloop
  endfacet
  facet normal 0.245501 -0.969396 0
    outer loop
      vertex 92.0045 42.4795 2.5
      vertex 90.0898 41.9946 0
      vertex 92.0045 42.4795 0
    endloop
  endfacet
  facet normal 0.945805 0.324736 0
    outer loop
      vertex 87.2232 33.6443 2.5
      vertex 86.5818 35.5124 0
      vertex 86.5818 35.5124 2.5
    endloop
  endfacet
  facet normal 0.945805 0.324736 0
    outer loop
      vertex 86.5818 35.5124 0
      vertex 87.2232 33.6443 2.5
      vertex 87.2232 33.6443 0
    endloop
  endfacet
  facet normal 0.245501 0.969396 -0
    outer loop
      vertex 92.0045 30.5205 0
      vertex 90.0898 31.0054 2.5
      vertex 92.0045 30.5205 2.5
    endloop
  endfacet
  facet normal 0.245501 0.969396 0
    outer loop
      vertex 90.0898 31.0054 2.5
      vertex 92.0045 30.5205 0
      vertex 90.0898 31.0054 0
    endloop
  endfacet
  facet normal 0.945805 -0.324736 0
    outer loop
      vertex 86.5818 37.4876 2.5
      vertex 87.2232 39.3557 0
      vertex 87.2232 39.3557 2.5
    endloop
  endfacet
  facet normal 0.945805 -0.324736 0
    outer loop
      vertex 87.2232 39.3557 0
      vertex 86.5818 37.4876 2.5
      vertex 86.5818 37.4876 0
    endloop
  endfacet
  facet normal 0.546953 -0.837163 0
    outer loop
      vertex 88.4363 40.9143 0
      vertex 90.0898 41.9946 2.5
      vertex 88.4363 40.9143 2.5
    endloop
  endfacet
  facet normal 0.546953 -0.837163 0
    outer loop
      vertex 90.0898 41.9946 2.5
      vertex 88.4363 40.9143 0
      vertex 90.0898 41.9946 0
    endloop
  endfacet
  facet normal 0.789142 -0.61421 0
    outer loop
      vertex 87.2232 39.3557 2.5
      vertex 88.4363 40.9143 0
      vertex 88.4363 40.9143 2.5
    endloop
  endfacet
  facet normal 0.789142 -0.61421 0
    outer loop
      vertex 88.4363 40.9143 0
      vertex 87.2232 39.3557 2.5
      vertex 87.2232 39.3557 0
    endloop
  endfacet
  facet normal -0.677289 0.735717 0
    outer loop
      vertex 97.2348 32.8147 0
      vertex 95.7817 31.477 2.5
      vertex 97.2348 32.8147 2.5
    endloop
  endfacet
  facet normal -0.677289 0.735717 0
    outer loop
      vertex 95.7817 31.477 2.5
      vertex 97.2348 32.8147 0
      vertex 95.7817 31.477 0
    endloop
  endfacet
  facet normal -0.986373 0.164527 0
    outer loop
      vertex 98.5 36.5 0
      vertex 98.4166 36 2.5
      vertex 98.5 36.5 2.5
    endloop
  endfacet
  facet normal -0.986361 0.164596 1.42005e-05
    outer loop
      vertex 98.1749 34.5518 0
      vertex 98.4166 36 2.5
      vertex 98.5 36.5 0
    endloop
  endfacet
  facet normal -0.986357 0.16462 0
    outer loop
      vertex 98.4166 36 2.5
      vertex 98.1749 34.5518 0
      vertex 98.1749 34.5518 2.5
    endloop
  endfacet
  facet normal 0.789142 0.61421 0
    outer loop
      vertex 88.4363 32.0857 2.5
      vertex 87.2232 33.6443 0
      vertex 87.2232 33.6443 2.5
    endloop
  endfacet
  facet normal 0.789142 0.61421 0
    outer loop
      vertex 87.2232 33.6443 0
      vertex 88.4363 32.0857 2.5
      vertex 88.4363 32.0857 0
    endloop
  endfacet
  facet normal 0.546953 0.837163 -0
    outer loop
      vertex 90.0898 31.0054 0
      vertex 88.4363 32.0857 2.5
      vertex 90.0898 31.0054 2.5
    endloop
  endfacet
  facet normal 0.546953 0.837163 0
    outer loop
      vertex 88.4363 32.0857 2.5
      vertex 90.0898 31.0054 0
      vertex 88.4363 32.0857 0
    endloop
  endfacet
  facet normal -0.879468 0.475959 0
    outer loop
      vertex 97.2348 32.8147 0
      vertex 98.1749 34.5518 2.5
      vertex 98.1749 34.5518 0
    endloop
  endfacet
  facet normal -0.879468 0.475959 0
    outer loop
      vertex 98.1749 34.5518 2.5
      vertex 97.2348 32.8147 0
      vertex 97.2348 32.8147 2.5
    endloop
  endfacet
  facet normal -0.986361 -0.164596 0
    outer loop
      vertex 98.5 78.5 0
      vertex 98.1749 80.4482 2.5
      vertex 98.1749 80.4482 0
    endloop
  endfacet
  facet normal -0.986361 -0.164596 0
    outer loop
      vertex 98.1749 80.4482 2.5
      vertex 98.5 78.5 0
      vertex 98.5 78.5 2.5
    endloop
  endfacet
  facet normal 1 -0 0
    outer loop
      vertex 86.5818 78 2.5
      vertex 86.5818 79.4876 0
      vertex 86.5818 79.4876 2.5
    endloop
  endfacet
  facet normal 1 0 0
    outer loop
      vertex 86.5818 77.5124 0
      vertex 86.5818 78 2.5
      vertex 86.5818 77.5124 2.5
    endloop
  endfacet
  facet normal 1 0 0
    outer loop
      vertex 86.5818 78 2.5
      vertex 86.5818 77.5124 0
      vertex 86.5818 79.4876 0
    endloop
  endfacet
  facet normal -0.40169 -0.915776 0
    outer loop
      vertex 93.9729 84.3164 0
      vertex 95.7817 83.523 2.5
      vertex 93.9729 84.3164 2.5
    endloop
  endfacet
  facet normal -0.40169 -0.915776 -0
    outer loop
      vertex 95.7817 83.523 2.5
      vertex 93.9729 84.3164 0
      vertex 95.7817 83.523 0
    endloop
  endfacet
  facet normal -0.40169 0.915776 0
    outer loop
      vertex 95.7817 73.477 0
      vertex 93.9729 72.6836 2.5
      vertex 95.7817 73.477 2.5
    endloop
  endfacet
  facet normal -0.40169 0.915776 0
    outer loop
      vertex 93.9729 72.6836 2.5
      vertex 95.7817 73.477 0
      vertex 93.9729 72.6836 0
    endloop
  endfacet
  facet normal -0.0825762 0.996585 0
    outer loop
      vertex 93.9729 72.6836 0
      vertex 92.0045 72.5205 2.5
      vertex 93.9729 72.6836 2.5
    endloop
  endfacet
  facet normal -0.0825762 0.996585 0
    outer loop
      vertex 92.0045 72.5205 2.5
      vertex 93.9729 72.6836 0
      vertex 92.0045 72.5205 0
    endloop
  endfacet
  facet normal -0.677289 -0.735717 0
    outer loop
      vertex 95.7817 83.523 0
      vertex 97.2348 82.1853 2.5
      vertex 95.7817 83.523 2.5
    endloop
  endfacet
  facet normal -0.677289 -0.735717 -0
    outer loop
      vertex 97.2348 82.1853 2.5
      vertex 95.7817 83.523 0
      vertex 97.2348 82.1853 0
    endloop
  endfacet
  facet normal -0.879468 -0.475959 0
    outer loop
      vertex 98.1749 80.4482 0
      vertex 97.2348 82.1853 2.5
      vertex 97.2348 82.1853 0
    endloop
  endfacet
  facet normal -0.879468 -0.475959 0
    outer loop
      vertex 97.2348 82.1853 2.5
      vertex 98.1749 80.4482 0
      vertex 98.1749 80.4482 2.5
    endloop
  endfacet
  facet normal -0.0825762 -0.996585 0
    outer loop
      vertex 92.0045 84.4795 0
      vertex 93.9729 84.3164 2.5
      vertex 92.0045 84.4795 2.5
    endloop
  endfacet
  facet normal -0.0825762 -0.996585 -0
    outer loop
      vertex 93.9729 84.3164 2.5
      vertex 92.0045 84.4795 0
      vertex 93.9729 84.3164 0
    endloop
  endfacet
  facet normal 0.245501 -0.969396 0
    outer loop
      vertex 90.0898 83.9946 0
      vertex 92.0045 84.4795 2.5
      vertex 90.0898 83.9946 2.5
    endloop
  endfacet
  facet normal 0.245501 -0.969396 0
    outer loop
      vertex 92.0045 84.4795 2.5
      vertex 90.0898 83.9946 0
      vertex 92.0045 84.4795 0
    endloop
  endfacet
  facet normal 0.945805 0.324736 0
    outer loop
      vertex 87.2232 75.6443 2.5
      vertex 86.5818 77.5124 0
      vertex 86.5818 77.5124 2.5
    endloop
  endfacet
  facet normal 0.945805 0.324736 0
    outer loop
      vertex 86.5818 77.5124 0
      vertex 87.2232 75.6443 2.5
      vertex 87.2232 75.6443 0
    endloop
  endfacet
  facet normal 0.245501 0.969396 -0
    outer loop
      vertex 92.0045 72.5205 0
      vertex 90.0898 73.0054 2.5
      vertex 92.0045 72.5205 2.5
    endloop
  endfacet
  facet normal 0.245501 0.969396 0
    outer loop
      vertex 90.0898 73.0054 2.5
      vertex 92.0045 72.5205 0
      vertex 90.0898 73.0054 0
    endloop
  endfacet
  facet normal 0.945805 -0.324736 0
    outer loop
      vertex 86.5818 79.4876 2.5
      vertex 87.2232 81.3557 0
      vertex 87.2232 81.3557 2.5
    endloop
  endfacet
  facet normal 0.945805 -0.324736 0
    outer loop
      vertex 87.2232 81.3557 0
      vertex 86.5818 79.4876 2.5
      vertex 86.5818 79.4876 0
    endloop
  endfacet
  facet normal 0.546953 -0.837163 0
    outer loop
      vertex 88.4363 82.9143 0
      vertex 90.0898 83.9946 2.5
      vertex 88.4363 82.9143 2.5
    endloop
  endfacet
  facet normal 0.546953 -0.837163 0
    outer loop
      vertex 90.0898 83.9946 2.5
      vertex 88.4363 82.9143 0
      vertex 90.0898 83.9946 0
    endloop
  endfacet
  facet normal 0.789142 -0.61421 0
    outer loop
      vertex 87.2232 81.3557 2.5
      vertex 88.4363 82.9143 0
      vertex 88.4363 82.9143 2.5
    endloop
  endfacet
  facet normal 0.789142 -0.61421 0
    outer loop
      vertex 88.4363 82.9143 0
      vertex 87.2232 81.3557 2.5
      vertex 87.2232 81.3557 0
    endloop
  endfacet
  facet normal -0.677289 0.735717 0
    outer loop
      vertex 97.2348 74.8147 0
      vertex 95.7817 73.477 2.5
      vertex 97.2348 74.8147 2.5
    endloop
  endfacet
  facet normal -0.677289 0.735717 0
    outer loop
      vertex 95.7817 73.477 2.5
      vertex 97.2348 74.8147 0
      vertex 95.7817 73.477 0
    endloop
  endfacet
  facet normal -0.986373 0.164527 0
    outer loop
      vertex 98.5 78.5 0
      vertex 98.4166 78 2.5
      vertex 98.5 78.5 2.5
    endloop
  endfacet
  facet normal -0.986361 0.164596 1.42005e-05
    outer loop
      vertex 98.1749 76.5518 0
      vertex 98.4166 78 2.5
      vertex 98.5 78.5 0
    endloop
  endfacet
  facet normal -0.986357 0.16462 0
    outer loop
      vertex 98.4166 78 2.5
      vertex 98.1749 76.5518 0
      vertex 98.1749 76.5518 2.5
    endloop
  endfacet
  facet normal 0.789142 0.61421 0
    outer loop
      vertex 88.4363 74.0857 2.5
      vertex 87.2232 75.6443 0
      vertex 87.2232 75.6443 2.5
    endloop
  endfacet
  facet normal 0.789142 0.61421 0
    outer loop
      vertex 87.2232 75.6443 0
      vertex 88.4363 74.0857 2.5
      vertex 88.4363 74.0857 0
    endloop
  endfacet
  facet normal 0.546953 0.837163 -0
    outer loop
      vertex 90.0898 73.0054 0
      vertex 88.4363 74.0857 2.5
      vertex 90.0898 73.0054 2.5
    endloop
  endfacet
  facet normal 0.546953 0.837163 0
    outer loop
      vertex 88.4363 74.0857 2.5
      vertex 90.0898 73.0054 0
      vertex 88.4363 74.0857 0
    endloop
  endfacet
  facet normal -0.879468 0.475959 0
    outer loop
      vertex 97.2348 74.8147 0
      vertex 98.1749 76.5518 2.5
      vertex 98.1749 76.5518 0
    endloop
  endfacet
  facet normal -0.879468 0.475959 0
    outer loop
      vertex 98.1749 76.5518 2.5
      vertex 97.2348 74.8147 0
      vertex 97.2348 74.8147 2.5
    endloop
  endfacet
  facet normal -0.866025 -0.500001 0
    outer loop
      vertex 8.8 9.38564 0
      vertex 9.02265 9 2.5
      vertex 8.8 9.38564 2.5
    endloop
  endfacet
  facet normal -0.866025 -0.5 1.865e-07
    outer loop
      vertex 9.6 8 0
      vertex 9.02265 9 2.5
      vertex 8.8 9.38564 0
    endloop
  endfacet
  facet normal -0.866026 -0.5 0
    outer loop
      vertex 9.02265 9 2.5
      vertex 9.6 8 0
      vertex 9.6 8 2.5
    endloop
  endfacet
  facet normal 0 1 -0
    outer loop
      vertex 8.8 6.61436 0
      vertex 7.2 6.61436 2.5
      vertex 8.8 6.61436 2.5
    endloop
  endfacet
  facet normal 0 1 0
    outer loop
      vertex 7.2 6.61436 2.5
      vertex 8.8 6.61436 0
      vertex 7.2 6.61436 0
    endloop
  endfacet
  facet normal 0.866025 -0.5 0
    outer loop
      vertex 6.4 8 2.5
      vertex 7.2 9.38564 0
      vertex 7.2 9.38564 2.5
    endloop
  endfacet
  facet normal 0.866025 -0.5 0
    outer loop
      vertex 7.2 9.38564 0
      vertex 6.4 8 2.5
      vertex 6.4 8 0
    endloop
  endfacet
  facet normal 0 -1 0
    outer loop
      vertex 7.2 9.38564 0
      vertex 7.82385 9.38564 2.5
      vertex 7.2 9.38564 2.5
    endloop
  endfacet
  facet normal 0 -1 0
    outer loop
      vertex 8.8 9.38564 0
      vertex 7.82385 9.38564 2.5
      vertex 7.2 9.38564 0
    endloop
  endfacet
  facet normal 0 -1 0
    outer loop
      vertex 7.82385 9.38564 2.5
      vertex 8.8 9.38564 0
      vertex 8.8 9.38564 2.5
    endloop
  endfacet
  facet normal 0.866025 0.5 0
    outer loop
      vertex 7.2 6.61436 2.5
      vertex 6.4 8 0
      vertex 6.4 8 2.5
    endloop
  endfacet
  facet normal 0.866025 0.5 0
    outer loop
      vertex 6.4 8 0
      vertex 7.2 6.61436 2.5
      vertex 7.2 6.61436 0
    endloop
  endfacet
  facet normal -0.866025 0.5 0
    outer loop
      vertex 8.8 6.61436 0
      vertex 9.6 8 2.5
      vertex 9.6 8 0
    endloop
  endfacet
  facet normal -0.866025 0.5 0
    outer loop
      vertex 9.6 8 2.5
      vertex 8.8 6.61436 0
      vertex 8.8 6.61436 2.5
    endloop
  endfacet
  facet normal -0.866019 -0.500011 0
    outer loop
      vertex 9.6 81 0
      vertex 8.8 82.3856 2.5
      vertex 8.8 82.3856 0
    endloop
  endfacet
  facet normal -0.866019 -0.500011 0
    outer loop
      vertex 8.8 82.3856 2.5
      vertex 9.6 81 0
      vertex 9.6 81 2.5
    endloop
  endfacet
  facet normal 0 1 -0
    outer loop
      vertex 8.8 79.6144 0
      vertex 7.2 79.6144 2.5
      vertex 8.8 79.6144 2.5
    endloop
  endfacet
  facet normal 0 1 0
    outer loop
      vertex 7.2 79.6144 2.5
      vertex 8.8 79.6144 0
      vertex 7.2 79.6144 0
    endloop
  endfacet
  facet normal 0.866019 -0.500011 0
    outer loop
      vertex 6.4 81 2.5
      vertex 7.2 82.3856 0
      vertex 7.2 82.3856 2.5
    endloop
  endfacet
  facet normal 0.866019 -0.500011 0
    outer loop
      vertex 7.2 82.3856 0
      vertex 6.4 81 2.5
      vertex 6.4 81 0
    endloop
  endfacet
  facet normal 0 -1 0
    outer loop
      vertex 7.2 82.3856 0
      vertex 8.8 82.3856 2.5
      vertex 7.2 82.3856 2.5
    endloop
  endfacet
  facet normal 0 -1 -0
    outer loop
      vertex 8.8 82.3856 2.5
      vertex 7.2 82.3856 0
      vertex 8.8 82.3856 0
    endloop
  endfacet
  facet normal 0.866019 0.500011 0
    outer loop
      vertex 7.2 79.6144 2.5
      vertex 6.4 81 0
      vertex 6.4 81 2.5
    endloop
  endfacet
  facet normal 0.866019 0.500011 0
    outer loop
      vertex 6.4 81 0
      vertex 7.2 79.6144 2.5
      vertex 7.2 79.6144 0
    endloop
  endfacet
  facet normal -0.866019 0.500011 0
    outer loop
      vertex 8.8 79.6144 0
      vertex 9.6 81 2.5
      vertex 9.6 81 0
    endloop
  endfacet
  facet normal -0.866019 0.500011 0
    outer loop
      vertex 9.6 81 2.5
      vertex 8.8 79.6144 0
      vertex 8.8 79.6144 2.5
    endloop
  endfacet
  facet normal -0.866025 -0.5 0
    outer loop
      vertex 106.6 8 0
      vertex 105.8 9.38564 2.5
      vertex 105.8 9.38564 0
    endloop
  endfacet
  facet normal -0.866025 -0.5 0
    outer loop
      vertex 105.8 9.38564 2.5
      vertex 106.6 8 0
      vertex 106.6 8 2.5
    endloop
  endfacet
  facet normal 0 1 -0
    outer loop
      vertex 105.8 6.61436 0
      vertex 104.2 6.61436 2.5
      vertex 105.8 6.61436 2.5
    endloop
  endfacet
  facet normal 0 1 0
    outer loop
      vertex 104.2 6.61436 2.5
      vertex 105.8 6.61436 0
      vertex 104.2 6.61436 0
    endloop
  endfacet
  facet normal 0.865684 -0.50059 0
    outer loop
      vertex 103.977 9 2.5
      vertex 104.2 9.38564 0
      vertex 104.2 9.38564 2.5
    endloop
  endfacet
  facet normal 0.866157 -0.499772 0
    outer loop
      vertex 103.4 8 0
      vertex 103.977 9 2.5
      vertex 103.4 8 2.5
    endloop
  endfacet
  facet normal 0.866025 -0.5 0.00012143
    outer loop
      vertex 103.977 9 2.5
      vertex 103.4 8 0
      vertex 104.2 9.38564 0
    endloop
  endfacet
  facet normal 0 -1 0
    outer loop
      vertex 104.2 9.38564 0
      vertex 105.176 9.38564 2.5
      vertex 104.2 9.38564 2.5
    endloop
  endfacet
  facet normal 0 -1 0
    outer loop
      vertex 105.8 9.38564 0
      vertex 105.176 9.38564 2.5
      vertex 104.2 9.38564 0
    endloop
  endfacet
  facet normal 0 -1 0
    outer loop
      vertex 105.176 9.38564 2.5
      vertex 105.8 9.38564 0
      vertex 105.8 9.38564 2.5
    endloop
  endfacet
  facet normal 0.866025 0.5 0
    outer loop
      vertex 104.2 6.61436 2.5
      vertex 103.4 8 0
      vertex 103.4 8 2.5
    endloop
  endfacet
  facet normal 0.866025 0.5 0
    outer loop
      vertex 103.4 8 0
      vertex 104.2 6.61436 2.5
      vertex 104.2 6.61436 0
    endloop
  endfacet
  facet normal -0.866025 0.5 0
    outer loop
      vertex 105.8 6.61436 0
      vertex 106.6 8 2.5
      vertex 106.6 8 0
    endloop
  endfacet
  facet normal -0.866025 0.5 0
    outer loop
      vertex 106.6 8 2.5
      vertex 105.8 6.61436 0
      vertex 105.8 6.61436 2.5
    endloop
  endfacet
  facet normal -0.866019 -0.500011 0
    outer loop
      vertex 106.6 81 0
      vertex 105.8 82.3856 2.5
      vertex 105.8 82.3856 0
    endloop
  endfacet
  facet normal -0.866019 -0.500011 0
    outer loop
      vertex 105.8 82.3856 2.5
      vertex 106.6 81 0
      vertex 106.6 81 2.5
    endloop
  endfacet
  facet normal 0 1 -0
    outer loop
      vertex 105.8 79.6144 0
      vertex 104.2 79.6144 2.5
      vertex 105.8 79.6144 2.5
    endloop
  endfacet
  facet normal 0 1 0
    outer loop
      vertex 104.2 79.6144 2.5
      vertex 105.8 79.6144 0
      vertex 104.2 79.6144 0
    endloop
  endfacet
  facet normal 0.866019 -0.500011 0
    outer loop
      vertex 103.4 81 2.5
      vertex 104.2 82.3856 0
      vertex 104.2 82.3856 2.5
    endloop
  endfacet
  facet normal 0.866019 -0.500011 0
    outer loop
      vertex 104.2 82.3856 0
      vertex 103.4 81 2.5
      vertex 103.4 81 0
    endloop
  endfacet
  facet normal 0 -1 0
    outer loop
      vertex 104.2 82.3856 0
      vertex 105.8 82.3856 2.5
      vertex 104.2 82.3856 2.5
    endloop
  endfacet
  facet normal 0 -1 -0
    outer loop
      vertex 105.8 82.3856 2.5
      vertex 104.2 82.3856 0
      vertex 105.8 82.3856 0
    endloop
  endfacet
  facet normal 0.866019 0.500011 0
    outer loop
      vertex 104.2 79.6144 2.5
      vertex 103.4 81 0
      vertex 103.4 81 2.5
    endloop
  endfacet
  facet normal 0.866019 0.500011 0
    outer loop
      vertex 103.4 81 0
      vertex 104.2 79.6144 2.5
      vertex 104.2 79.6144 0
    endloop
  endfacet
  facet normal -0.866019 0.500011 0
    outer loop
      vertex 105.8 79.6144 0
      vertex 106.6 81 2.5
      vertex 106.6 81 0
    endloop
  endfacet
  facet normal -0.866019 0.500011 0
    outer loop
      vertex 106.6 81 2.5
      vertex 105.8 79.6144 0
      vertex 105.8 79.6144 2.5
    endloop
  endfacet
  facet normal 0.130532 -0.991444 0
    outer loop
      vertex 108.176 -5.93582 0
      vertex 108.954 -5.83339 2.5
      vertex 108.176 -5.93582 2.5
    endloop
  endfacet
  facet normal 0.130532 -0.991444 0
    outer loop
      vertex 108.954 -5.83339 2.5
      vertex 108.176 -5.93582 0
      vertex 108.954 -5.83339 0
    endloop
  endfacet
  facet normal 0.0653321 -0.997864 0
    outer loop
      vertex 107.392 -5.98715 0
      vertex 108.176 -5.93582 2.5
      vertex 107.392 -5.98715 2.5
    endloop
  endfacet
  facet normal 0.0653321 -0.997864 0
    outer loop
      vertex 108.176 -5.93582 2.5
      vertex 107.392 -5.98715 0
      vertex 108.176 -5.93582 0
    endloop
  endfacet
  facet normal -0.997859 0.0653985 0
    outer loop
      vertex -5.98715 83.3924 0
      vertex -5.93582 84.1756 2.5
      vertex -5.93582 84.1756 0
    endloop
  endfacet
  facet normal -0.997859 0.0653985 0
    outer loop
      vertex -5.93582 84.1756 2.5
      vertex -5.98715 83.3924 0
      vertex -5.98715 83.3924 2.5
    endloop
  endfacet
  facet normal 0.032763 -0.999463 0
    outer loop
      vertex 107 -6 0
      vertex 107.392 -5.98715 2.5
      vertex 107 -6 2.5
    endloop
  endfacet
  facet normal 0.032763 -0.999463 0
    outer loop
      vertex 107.392 -5.98715 2.5
      vertex 107 -6 0
      vertex 107.392 -5.98715 0
    endloop
  endfacet
  facet normal 0.659406 0.751787 -0
    outer loop
      vertex 115.199 91.7536 0
      vertex 114.609 92.2711 2.5
      vertex 115.199 91.7536 2.5
    endloop
  endfacet
  facet normal 0.659406 0.751787 0
    outer loop
      vertex 114.609 92.2711 2.5
      vertex 115.199 91.7536 0
      vertex 114.609 92.2711 0
    endloop
  endfacet
  facet normal 0 -1 0
    outer loop
      vertex 6 -6 0
      vertex 107 -6 2.5
      vertex 6 -6 2.5
    endloop
  endfacet
  facet normal 0 -1 -0
    outer loop
      vertex 107 -6 2.5
      vertex 6 -6 0
      vertex 107 -6 0
    endloop
  endfacet
  facet normal 0.707049 -0.707164 0
    outer loop
      vertex 115.199 -2.75366 2.5
      vertex 115.754 -2.19875 0
      vertex 115.754 -2.19875 2.5
    endloop
  endfacet
  facet normal 0.707049 -0.707164 0
    outer loop
      vertex 115.754 -2.19875 0
      vertex 115.199 -2.75366 2.5
      vertex 115.199 -2.75366 0
    endloop
  endfacet
  facet normal -0.0654906 0.997853 0
    outer loop
      vertex 5.60747 94.9872 0
      vertex 4.82431 94.9358 2.5
      vertex 5.60747 94.9872 2.5
    endloop
  endfacet
  facet normal -0.0654906 0.997853 0
    outer loop
      vertex 4.82431 94.9358 2.5
      vertex 5.60747 94.9872 0
      vertex 4.82431 94.9358 0
    endloop
  endfacet
  facet normal 0.382787 0.923837 -0
    outer loop
      vertex 111.95 93.9245 0
      vertex 111.225 94.2249 2.5
      vertex 111.95 93.9245 2.5
    endloop
  endfacet
  facet normal 0.382787 0.923837 0
    outer loop
      vertex 111.225 94.2249 2.5
      vertex 111.95 93.9245 0
      vertex 111.225 94.2249 0
    endloop
  endfacet
  facet normal 0.195258 0.980752 -0
    outer loop
      vertex 109.723 94.6803 0
      vertex 108.954 94.8334 2.5
      vertex 109.723 94.6803 2.5
    endloop
  endfacet
  facet normal 0.195258 0.980752 0
    outer loop
      vertex 108.954 94.8334 2.5
      vertex 109.723 94.6803 0
      vertex 108.954 94.8334 0
    endloop
  endfacet
  facet normal 0 1 -0
    outer loop
      vertex 107 95 0
      vertex 6 95 2.5
      vertex 107 95 2.5
    endloop
  endfacet
  facet normal 0 1 0
    outer loop
      vertex 6 95 2.5
      vertex 107 95 0
      vertex 6 95 0
    endloop
  endfacet
  facet normal 0.442243 -0.896895 0
    outer loop
      vertex 111.95 -4.92455 0
      vertex 112.654 -4.57742 2.5
      vertex 111.95 -4.92455 2.5
    endloop
  endfacet
  facet normal 0.442243 -0.896895 0
    outer loop
      vertex 112.654 -4.57742 2.5
      vertex 111.95 -4.92455 0
      vertex 112.654 -4.57742 0
    endloop
  endfacet
  facet normal 0.999452 0.0331029 0
    outer loop
      vertex 119 83 2.5
      vertex 118.987 83.3925 0
      vertex 118.987 83.3925 2.5
    endloop
  endfacet
  facet normal 0.999452 0.0331029 0
    outer loop
      vertex 118.987 83.3925 0
      vertex 119 83 2.5
      vertex 119 83 0
    endloop
  endfacet
  facet normal 0.999452 -0.0331003 0
    outer loop
      vertex 118.987 5.60747 2.5
      vertex 119 6 0
      vertex 119 6 2.5
    endloop
  endfacet
  facet normal 0.999452 -0.0331003 0
    outer loop
      vertex 119 6 0
      vertex 118.987 5.60747 2.5
      vertex 118.987 5.60747 0
    endloop
  endfacet
  facet normal -0.999464 0.0327297 0
    outer loop
      vertex -6 83 0
      vertex -5.98715 83.3924 2.5
      vertex -5.98715 83.3924 0
    endloop
  endfacet
  facet normal -0.999464 0.0327297 0
    outer loop
      vertex -5.98715 83.3924 2.5
      vertex -6 83 0
      vertex -6 83 2.5
    endloop
  endfacet
  facet normal -1 0 0
    outer loop
      vertex -6 6 0
      vertex -6 83 2.5
      vertex -6 83 0
    endloop
  endfacet
  facet normal -1 -0 0
    outer loop
      vertex -6 83 2.5
      vertex -6 6 0
      vertex -6 6 2.5
    endloop
  endfacet
  facet normal -0.793352 -0.608763 0
    outer loop
      vertex -3.27115 -1.60867 0
      vertex -3.74895 -0.985992 2.5
      vertex -3.74895 -0.985992 0
    endloop
  endfacet
  facet normal -0.793352 -0.608763 0
    outer loop
      vertex -3.74895 -0.985992 2.5
      vertex -3.27115 -1.60867 0
      vertex -3.27115 -1.60867 2.5
    endloop
  endfacet
  facet normal -0.659349 -0.751837 0
    outer loop
      vertex -2.19875 -2.75366 0
      vertex -1.60867 -3.27115 2.5
      vertex -2.19875 -2.75366 2.5
    endloop
  endfacet
  facet normal -0.659349 -0.751837 -0
    outer loop
      vertex -1.60867 -3.27115 2.5
      vertex -2.19875 -2.75366 0
      vertex -1.60867 -3.27115 0
    endloop
  endfacet
  facet normal -0.13052 -0.991446 0
    outer loop
      vertex 4.04636 -5.83339 0
      vertex 4.82443 -5.93582 2.5
      vertex 4.04636 -5.83339 2.5
    endloop
  endfacet
  facet normal -0.13052 -0.991446 -0
    outer loop
      vertex 4.82443 -5.93582 2.5
      vertex 4.04636 -5.83339 0
      vertex 4.82443 -5.93582 0
    endloop
  endfacet
  facet normal -0.321441 -0.94693 0
    outer loop
      vertex 1.7753 -5.22488 0
      vertex 2.51849 -5.47716 2.5
      vertex 1.7753 -5.22488 2.5
    endloop
  endfacet
  facet normal -0.321441 -0.94693 -0
    outer loop
      vertex 2.51849 -5.47716 2.5
      vertex 1.7753 -5.22488 0
      vertex 2.51849 -5.47716 0
    endloop
  endfacet
  facet normal 0.555288 0.831658 -0
    outer loop
      vertex 113.986 92.7489 0
      vertex 113.333 93.1849 2.5
      vertex 113.986 92.7489 2.5
    endloop
  endfacet
  facet normal 0.555288 0.831658 0
    outer loop
      vertex 113.333 93.1849 2.5
      vertex 113.986 92.7489 0
      vertex 113.333 93.1849 0
    endloop
  endfacet
  facet normal 0.500458 0.865761 -0
    outer loop
      vertex 113.333 93.1849 0
      vertex 112.654 93.5774 2.5
      vertex 113.333 93.1849 2.5
    endloop
  endfacet
  facet normal 0.500458 0.865761 0
    outer loop
      vertex 112.654 93.5774 2.5
      vertex 113.333 93.1849 0
      vertex 112.654 93.5774 0
    endloop
  endfacet
  facet normal 0.130494 0.991449 -0
    outer loop
      vertex 108.954 94.8334 0
      vertex 108.176 94.9358 2.5
      vertex 108.954 94.8334 2.5
    endloop
  endfacet
  facet normal 0.130494 0.991449 0
    outer loop
      vertex 108.176 94.9358 2.5
      vertex 108.954 94.8334 0
      vertex 108.176 94.9358 0
    endloop
  endfacet
  facet normal 0.321035 0.947067 -0
    outer loop
      vertex 111.225 94.2249 0
      vertex 110.481 94.4771 2.5
      vertex 111.225 94.2249 2.5
    endloop
  endfacet
  facet normal 0.321035 0.947067 0
    outer loop
      vertex 110.481 94.4771 2.5
      vertex 111.225 94.2249 0
      vertex 110.481 94.4771 0
    endloop
  endfacet
  facet normal -0.0325916 0.999469 0
    outer loop
      vertex 6 95 0
      vertex 5.60747 94.9872 2.5
      vertex 6 95 2.5
    endloop
  endfacet
  facet normal -0.0325916 0.999469 0
    outer loop
      vertex 5.60747 94.9872 2.5
      vertex 6 95 0
      vertex 5.60747 94.9872 0
    endloop
  endfacet
  facet normal 1 -0 0
    outer loop
      vertex 119 6 2.5
      vertex 119 83 0
      vertex 119 83 2.5
    endloop
  endfacet
  facet normal 1 0 0
    outer loop
      vertex 119 83 0
      vertex 119 6 2.5
      vertex 119 6 0
    endloop
  endfacet
  facet normal 0.924035 0.382307 0
    outer loop
      vertex 118.225 87.2247 2.5
      vertex 117.925 87.9498 0
      vertex 117.925 87.9498 2.5
    endloop
  endfacet
  facet normal 0.924035 0.382307 0
    outer loop
      vertex 117.925 87.9498 0
      vertex 118.225 87.2247 2.5
      vertex 118.225 87.2247 0
    endloop
  endfacet
  facet normal 0.980815 0.19494 0
    outer loop
      vertex 118.833 84.9536 2.5
      vertex 118.68 85.7234 0
      vertex 118.68 85.7234 2.5
    endloop
  endfacet
  facet normal 0.980815 0.19494 0
    outer loop
      vertex 118.68 85.7234 0
      vertex 118.833 84.9536 2.5
      vertex 118.833 84.9536 0
    endloop
  endfacet
  facet normal -0.831444 0.555608 0
    outer loop
      vertex -4.18495 89.3335 0
      vertex -3.74892 89.986 2.5
      vertex -3.74892 89.986 0
    endloop
  endfacet
  facet normal -0.831444 0.555608 0
    outer loop
      vertex -3.74892 89.986 2.5
      vertex -4.18495 89.3335 0
      vertex -4.18495 89.3335 2.5
    endloop
  endfacet
  facet normal -0.707107 -0.707107 0
    outer loop
      vertex -2.19875 -2.75366 0
      vertex -2.75366 -2.19875 2.5
      vertex -2.75366 -2.19875 0
    endloop
  endfacet
  facet normal -0.707107 -0.707107 0
    outer loop
      vertex -2.75366 -2.19875 2.5
      vertex -2.19875 -2.75366 0
      vertex -2.19875 -2.75366 2.5
    endloop
  endfacet
  facet normal -0.999464 -0.0327288 0
    outer loop
      vertex -5.98715 5.60759 0
      vertex -6 6 2.5
      vertex -6 6 0
    endloop
  endfacet
  facet normal -0.999464 -0.0327288 0
    outer loop
      vertex -6 6 2.5
      vertex -5.98715 5.60759 0
      vertex -5.98715 5.60759 2.5
    endloop
  endfacet
  facet normal -0.997859 -0.0654018 0
    outer loop
      vertex -5.93582 4.82443 0
      vertex -5.98715 5.60759 2.5
      vertex -5.98715 5.60759 0
    endloop
  endfacet
  facet normal -0.997859 -0.0654018 0
    outer loop
      vertex -5.98715 5.60759 2.5
      vertex -5.93582 4.82443 0
      vertex -5.93582 4.82443 2.5
    endloop
  endfacet
  facet normal -0.608763 -0.793352 0
    outer loop
      vertex -1.60867 -3.27115 0
      vertex -0.985992 -3.74895 2.5
      vertex -1.60867 -3.27115 2.5
    endloop
  endfacet
  facet normal -0.608763 -0.793352 -0
    outer loop
      vertex -0.985992 -3.74895 2.5
      vertex -1.60867 -3.27115 0
      vertex -0.985992 -3.74895 0
    endloop
  endfacet
  facet normal -0.382682 -0.92388 0
    outer loop
      vertex 1.05014 -4.92451 0
      vertex 1.7753 -5.22488 2.5
      vertex 1.05014 -4.92451 2.5
    endloop
  endfacet
  facet normal -0.382682 -0.92388 -0
    outer loop
      vertex 1.7753 -5.22488 2.5
      vertex 1.05014 -4.92451 0
      vertex 1.7753 -5.22488 0
    endloop
  endfacet
  facet normal -0.500001 -0.866025 0
    outer loop
      vertex -0.33342 -4.18498 0
      vertex 0.346252 -4.57739 2.5
      vertex -0.33342 -4.18498 2.5
    endloop
  endfacet
  facet normal -0.500001 -0.866025 -0
    outer loop
      vertex 0.346252 -4.57739 2.5
      vertex -0.33342 -4.18498 0
      vertex 0.346252 -4.57739 0
    endloop
  endfacet
  facet normal -0.0654018 -0.997859 0
    outer loop
      vertex 4.82443 -5.93582 0
      vertex 5.60759 -5.98715 2.5
      vertex 4.82443 -5.93582 2.5
    endloop
  endfacet
  facet normal -0.0654018 -0.997859 -0
    outer loop
      vertex 5.60759 -5.98715 2.5
      vertex 4.82443 -5.93582 0
      vertex 5.60759 -5.98715 0
    endloop
  endfacet
  facet normal -0.258801 -0.965931 0
    outer loop
      vertex 2.51849 -5.47716 0
      vertex 3.2766 -5.68028 2.5
      vertex 2.51849 -5.47716 2.5
    endloop
  endfacet
  facet normal -0.258801 -0.965931 -0
    outer loop
      vertex 3.2766 -5.68028 2.5
      vertex 2.51849 -5.47716 0
      vertex 3.2766 -5.68028 0
    endloop
  endfacet
  facet normal 0.608565 0.793504 -0
    outer loop
      vertex 114.609 92.2711 0
      vertex 113.986 92.7489 2.5
      vertex 114.609 92.2711 2.5
    endloop
  endfacet
  facet normal 0.608565 0.793504 0
    outer loop
      vertex 113.986 92.7489 2.5
      vertex 114.609 92.2711 0
      vertex 113.986 92.7489 0
    endloop
  endfacet
  facet normal 0.442212 0.89691 -0
    outer loop
      vertex 112.654 93.5774 0
      vertex 111.95 93.9245 2.5
      vertex 112.654 93.5774 2.5
    endloop
  endfacet
  facet normal 0.442212 0.89691 0
    outer loop
      vertex 111.95 93.9245 2.5
      vertex 112.654 93.5774 0
      vertex 111.95 93.9245 0
    endloop
  endfacet
  facet normal 0.0325527 0.99947 -0
    outer loop
      vertex 107.393 94.9872 0
      vertex 107 95 2.5
      vertex 107.393 94.9872 2.5
    endloop
  endfacet
  facet normal 0.0325527 0.99947 0
    outer loop
      vertex 107 95 2.5
      vertex 107.393 94.9872 0
      vertex 107 95 0
    endloop
  endfacet
  facet normal 0.065504 0.997852 -0
    outer loop
      vertex 108.176 94.9358 0
      vertex 107.393 94.9872 2.5
      vertex 108.176 94.9358 2.5
    endloop
  endfacet
  facet normal 0.065504 0.997852 0
    outer loop
      vertex 107.393 94.9872 2.5
      vertex 108.176 94.9358 0
      vertex 107.393 94.9872 0
    endloop
  endfacet
  facet normal 0.258931 0.965896 -0
    outer loop
      vertex 110.481 94.4771 0
      vertex 109.723 94.6803 2.5
      vertex 110.481 94.4771 2.5
    endloop
  endfacet
  facet normal 0.258931 0.965896 0
    outer loop
      vertex 109.723 94.6803 2.5
      vertex 110.481 94.4771 0
      vertex 109.723 94.6803 0
    endloop
  endfacet
  facet normal 0.752147 -0.658995 0
    outer loop
      vertex 115.754 -2.19875 2.5
      vertex 116.271 -1.60867 0
      vertex 116.271 -1.60867 2.5
    endloop
  endfacet
  facet normal 0.752147 -0.658995 0
    outer loop
      vertex 116.271 -1.60867 0
      vertex 115.754 -2.19875 2.5
      vertex 115.754 -2.19875 0
    endloop
  endfacet
  facet normal 0.83149 -0.55554 0
    outer loop
      vertex 116.749 -0.985992 2.5
      vertex 117.185 -0.33342 0
      vertex 117.185 -0.33342 2.5
    endloop
  endfacet
  facet normal 0.83149 -0.55554 0
    outer loop
      vertex 117.185 -0.33342 0
      vertex 116.749 -0.985992 2.5
      vertex 116.749 -0.985992 0
    endloop
  endfacet
  facet normal 0.923596 -0.383367 0
    outer loop
      vertex 117.924 1.05014 2.5
      vertex 118.225 1.7753 0
      vertex 118.225 1.7753 2.5
    endloop
  endfacet
  facet normal 0.923596 -0.383367 0
    outer loop
      vertex 118.225 1.7753 0
      vertex 117.924 1.05014 2.5
      vertex 117.924 1.05014 0
    endloop
  endfacet
  facet normal 0.500429 -0.865777 0
    outer loop
      vertex 112.654 -4.57742 0
      vertex 113.333 -4.18495 2.5
      vertex 112.654 -4.57742 2.5
    endloop
  endfacet
  facet normal 0.500429 -0.865777 0
    outer loop
      vertex 113.333 -4.18495 2.5
      vertex 112.654 -4.57742 0
      vertex 113.333 -4.18495 0
    endloop
  endfacet
  facet normal 0.608541 -0.793522 0
    outer loop
      vertex 113.986 -3.74892 0
      vertex 114.609 -3.27115 2.5
      vertex 113.986 -3.74892 2.5
    endloop
  endfacet
  facet normal 0.608541 -0.793522 0
    outer loop
      vertex 114.609 -3.27115 2.5
      vertex 113.986 -3.74892 0
      vertex 114.609 -3.27115 0
    endloop
  endfacet
  facet normal 0.19527 -0.98075 0
    outer loop
      vertex 108.954 -5.83339 0
      vertex 109.723 -5.68028 2.5
      vertex 108.954 -5.83339 2.5
    endloop
  endfacet
  facet normal 0.19527 -0.98075 0
    outer loop
      vertex 109.723 -5.68028 2.5
      vertex 108.954 -5.83339 0
      vertex 109.723 -5.68028 0
    endloop
  endfacet
  facet normal 0.965968 0.258662 0
    outer loop
      vertex 118.68 85.7234 2.5
      vertex 118.477 86.4815 0
      vertex 118.477 86.4815 2.5
    endloop
  endfacet
  facet normal 0.965968 0.258662 0
    outer loop
      vertex 118.477 86.4815 0
      vertex 118.68 85.7234 2.5
      vertex 118.68 85.7234 0
    endloop
  endfacet
  facet normal 0.997887 0.0649798 0
    outer loop
      vertex 118.987 83.3925 2.5
      vertex 118.936 84.1757 0
      vertex 118.936 84.1757 2.5
    endloop
  endfacet
  facet normal 0.997887 0.0649798 0
    outer loop
      vertex 118.936 84.1757 0
      vertex 118.987 83.3925 2.5
      vertex 118.987 83.3925 0
    endloop
  endfacet
  facet normal 0.831462 0.555582 0
    outer loop
      vertex 117.185 89.3335 2.5
      vertex 116.749 89.986 0
      vertex 116.749 89.986 2.5
    endloop
  endfacet
  facet normal 0.831462 0.555582 0
    outer loop
      vertex 116.749 89.986 0
      vertex 117.185 89.3335 2.5
      vertex 117.185 89.3335 0
    endloop
  endfacet
  facet normal 0.793239 0.60891 0
    outer loop
      vertex 116.749 89.986 2.5
      vertex 116.271 90.6087 0
      vertex 116.271 90.6087 2.5
    endloop
  endfacet
  facet normal 0.793239 0.60891 0
    outer loop
      vertex 116.271 90.6087 0
      vertex 116.749 89.986 2.5
      vertex 116.749 89.986 0
    endloop
  endfacet
  facet normal 0.866292 0.499539 0
    outer loop
      vertex 117.577 88.6537 2.5
      vertex 117.185 89.3335 0
      vertex 117.185 89.3335 2.5
    endloop
  endfacet
  facet normal 0.866292 0.499539 0
    outer loop
      vertex 117.185 89.3335 0
      vertex 117.577 88.6537 2.5
      vertex 117.577 88.6537 0
    endloop
  endfacet
  facet normal -0.130502 0.991448 0
    outer loop
      vertex 4.82431 94.9358 0
      vertex 4.04636 94.8334 2.5
      vertex 4.82431 94.9358 2.5
    endloop
  endfacet
  facet normal -0.130502 0.991448 0
    outer loop
      vertex 4.04636 94.8334 2.5
      vertex 4.82431 94.9358 0
      vertex 4.04636 94.8334 0
    endloop
  endfacet
  facet normal -0.89687 0.442294 0
    outer loop
      vertex -4.92455 87.9498 0
      vertex -4.57742 88.6537 2.5
      vertex -4.57742 88.6537 0
    endloop
  endfacet
  facet normal -0.89687 0.442294 0
    outer loop
      vertex -4.57742 88.6537 2.5
      vertex -4.92455 87.9498 0
      vertex -4.92455 87.9498 2.5
    endloop
  endfacet
  facet normal -0.946931 0.321437 0
    outer loop
      vertex -5.47716 86.4815 0
      vertex -5.22488 87.2247 2.5
      vertex -5.22488 87.2247 0
    endloop
  endfacet
  facet normal -0.946931 0.321437 0
    outer loop
      vertex -5.22488 87.2247 2.5
      vertex -5.47716 86.4815 0
      vertex -5.47716 86.4815 2.5
    endloop
  endfacet
  facet normal -0.923887 0.382666 0
    outer loop
      vertex -5.22488 87.2247 0
      vertex -4.92455 87.9498 2.5
      vertex -4.92455 87.9498 0
    endloop
  endfacet
  facet normal -0.923887 0.382666 0
    outer loop
      vertex -4.92455 87.9498 2.5
      vertex -5.22488 87.2247 0
      vertex -5.22488 87.2247 2.5
    endloop
  endfacet
  facet normal -0.96593 0.258804 0
    outer loop
      vertex -5.68028 85.7234 0
      vertex -5.47716 86.4815 2.5
      vertex -5.47716 86.4815 0
    endloop
  endfacet
  facet normal -0.96593 0.258804 0
    outer loop
      vertex -5.47716 86.4815 2.5
      vertex -5.68028 85.7234 0
      vertex -5.68028 85.7234 2.5
    endloop
  endfacet
  facet normal -0.991444 0.130532 0
    outer loop
      vertex -5.93582 84.1756 0
      vertex -5.83339 84.9536 2.5
      vertex -5.83339 84.9536 0
    endloop
  endfacet
  facet normal -0.991444 0.130532 0
    outer loop
      vertex -5.83339 84.9536 2.5
      vertex -5.93582 84.1756 0
      vertex -5.93582 84.1756 2.5
    endloop
  endfacet
  facet normal -0.866032 0.499988 0
    outer loop
      vertex -4.57742 88.6537 0
      vertex -4.18495 89.3335 2.5
      vertex -4.18495 89.3335 0
    endloop
  endfacet
  facet normal -0.866032 0.499988 0
    outer loop
      vertex -4.18495 89.3335 2.5
      vertex -4.57742 88.6537 0
      vertex -4.57742 88.6537 2.5
    endloop
  endfacet
  facet normal -0.195072 0.980789 0
    outer loop
      vertex 4.04636 94.8334 0
      vertex 3.2766 94.6803 2.5
      vertex 4.04636 94.8334 2.5
    endloop
  endfacet
  facet normal -0.195072 0.980789 0
    outer loop
      vertex 3.2766 94.6803 2.5
      vertex 4.04636 94.8334 0
      vertex 3.2766 94.6803 0
    endloop
  endfacet
  facet normal -0.321349 0.946961 0
    outer loop
      vertex 2.51849 94.4771 0
      vertex 1.7753 94.2249 2.5
      vertex 2.51849 94.4771 2.5
    endloop
  endfacet
  facet normal -0.321349 0.946961 0
    outer loop
      vertex 1.7753 94.2249 2.5
      vertex 2.51849 94.4771 0
      vertex 1.7753 94.2249 0
    endloop
  endfacet
  facet normal -0.7071 0.707113 0
    outer loop
      vertex -2.75366 91.1987 0
      vertex -2.19875 91.7536 2.5
      vertex -2.19875 91.7536 0
    endloop
  endfacet
  facet normal -0.7071 0.707113 0
    outer loop
      vertex -2.19875 91.7536 2.5
      vertex -2.75366 91.1987 0
      vertex -2.75366 91.1987 2.5
    endloop
  endfacet
  facet normal -0.608763 0.793352 0
    outer loop
      vertex -0.985992 92.7489 0
      vertex -1.60867 92.2711 2.5
      vertex -0.985992 92.7489 2.5
    endloop
  endfacet
  facet normal -0.608763 0.793352 0
    outer loop
      vertex -1.60867 92.2711 2.5
      vertex -0.985992 92.7489 0
      vertex -1.60867 92.2711 0
    endloop
  endfacet
  facet normal -0.896872 -0.44229 0
    outer loop
      vertex -4.57739 0.346252 0
      vertex -4.92451 1.05014 2.5
      vertex -4.92451 1.05014 0
    endloop
  endfacet
  facet normal -0.896872 -0.44229 0
    outer loop
      vertex -4.92451 1.05014 2.5
      vertex -4.57739 0.346252 0
      vertex -4.57739 0.346252 2.5
    endloop
  endfacet
  facet normal -0.751837 -0.659349 0
    outer loop
      vertex -2.75366 -2.19875 0
      vertex -3.27115 -1.60867 2.5
      vertex -3.27115 -1.60867 0
    endloop
  endfacet
  facet normal -0.751837 -0.659349 0
    outer loop
      vertex -3.27115 -1.60867 2.5
      vertex -2.75366 -2.19875 0
      vertex -2.75366 -2.19875 2.5
    endloop
  endfacet
  facet normal -0.831472 -0.555566 0
    outer loop
      vertex -3.74895 -0.985992 0
      vertex -4.18498 -0.33342 2.5
      vertex -4.18498 -0.33342 0
    endloop
  endfacet
  facet normal -0.831472 -0.555566 0
    outer loop
      vertex -4.18498 -0.33342 2.5
      vertex -3.74895 -0.985992 0
      vertex -3.74895 -0.985992 2.5
    endloop
  endfacet
  facet normal -0.991446 -0.13052 0
    outer loop
      vertex -5.83339 4.04636 0
      vertex -5.93582 4.82443 2.5
      vertex -5.93582 4.82443 0
    endloop
  endfacet
  facet normal -0.991446 -0.13052 0
    outer loop
      vertex -5.93582 4.82443 2.5
      vertex -5.83339 4.04636 0
      vertex -5.83339 4.04636 2.5
    endloop
  endfacet
  facet normal -0.92388 -0.382682 0
    outer loop
      vertex -4.92451 1.05014 0
      vertex -5.22488 1.7753 2.5
      vertex -5.22488 1.7753 0
    endloop
  endfacet
  facet normal -0.92388 -0.382682 0
    outer loop
      vertex -5.22488 1.7753 2.5
      vertex -4.92451 1.05014 0
      vertex -4.92451 1.05014 2.5
    endloop
  endfacet
  facet normal -0.965931 -0.258801 0
    outer loop
      vertex -5.47716 2.51849 0
      vertex -5.68028 3.2766 2.5
      vertex -5.68028 3.2766 0
    endloop
  endfacet
  facet normal -0.965931 -0.258801 0
    outer loop
      vertex -5.68028 3.2766 2.5
      vertex -5.47716 2.51849 0
      vertex -5.47716 2.51849 2.5
    endloop
  endfacet
  facet normal -0.555566 -0.831472 0
    outer loop
      vertex -0.985992 -3.74895 0
      vertex -0.33342 -4.18498 2.5
      vertex -0.985992 -3.74895 2.5
    endloop
  endfacet
  facet normal -0.555566 -0.831472 -0
    outer loop
      vertex -0.33342 -4.18498 2.5
      vertex -0.985992 -3.74895 0
      vertex -0.33342 -4.18498 0
    endloop
  endfacet
  facet normal -0.44229 -0.896872 0
    outer loop
      vertex 0.346252 -4.57739 0
      vertex 1.05014 -4.92451 2.5
      vertex 0.346252 -4.57739 2.5
    endloop
  endfacet
  facet normal -0.44229 -0.896872 -0
    outer loop
      vertex 1.05014 -4.92451 2.5
      vertex 0.346252 -4.57739 0
      vertex 1.05014 -4.92451 0
    endloop
  endfacet
  facet normal -0.0327288 -0.999464 0
    outer loop
      vertex 5.60759 -5.98715 0
      vertex 6 -6 2.5
      vertex 5.60759 -5.98715 2.5
    endloop
  endfacet
  facet normal -0.0327288 -0.999464 -0
    outer loop
      vertex 6 -6 2.5
      vertex 5.60759 -5.98715 0
      vertex 6 -6 0
    endloop
  endfacet
  facet normal -0.195084 -0.980786 0
    outer loop
      vertex 3.2766 -5.68028 0
      vertex 4.04636 -5.83339 2.5
      vertex 3.2766 -5.68028 2.5
    endloop
  endfacet
  facet normal -0.195084 -0.980786 -0
    outer loop
      vertex 4.04636 -5.83339 2.5
      vertex 3.2766 -5.68028 0
      vertex 4.04636 -5.83339 0
    endloop
  endfacet
  facet normal 0.793229 -0.608924 0
    outer loop
      vertex 116.271 -1.60867 2.5
      vertex 116.749 -0.985992 0
      vertex 116.749 -0.985992 2.5
    endloop
  endfacet
  facet normal 0.793229 -0.608924 0
    outer loop
      vertex 116.749 -0.985992 0
      vertex 116.271 -1.60867 2.5
      vertex 116.271 -1.60867 0
    endloop
  endfacet
  facet normal 0.866251 -0.499609 0
    outer loop
      vertex 117.185 -0.33342 2.5
      vertex 117.577 0.346252 0
      vertex 117.577 0.346252 2.5
    endloop
  endfacet
  facet normal 0.866251 -0.499609 0
    outer loop
      vertex 117.577 0.346252 0
      vertex 117.185 -0.33342 2.5
      vertex 117.185 -0.33342 0
    endloop
  endfacet
  facet normal 0.947038 -0.321121 0
    outer loop
      vertex 118.225 1.7753 2.5
      vertex 118.477 2.51849 0
      vertex 118.477 2.51849 2.5
    endloop
  endfacet
  facet normal 0.947038 -0.321121 0
    outer loop
      vertex 118.477 2.51849 0
      vertex 118.225 1.7753 2.5
      vertex 118.225 1.7753 0
    endloop
  endfacet
  facet normal 0.980813 -0.19495 0
    outer loop
      vertex 118.68 3.2766 2.5
      vertex 118.833 4.04636 0
      vertex 118.833 4.04636 2.5
    endloop
  endfacet
  facet normal 0.980813 -0.19495 0
    outer loop
      vertex 118.833 4.04636 0
      vertex 118.68 3.2766 2.5
      vertex 118.68 3.2766 0
    endloop
  endfacet
  facet normal 0.997886 -0.0649832 0
    outer loop
      vertex 118.936 4.82431 2.5
      vertex 118.987 5.60747 0
      vertex 118.987 5.60747 2.5
    endloop
  endfacet
  facet normal 0.997886 -0.0649832 0
    outer loop
      vertex 118.987 5.60747 0
      vertex 118.936 4.82431 2.5
      vertex 118.936 4.82431 0
    endloop
  endfacet
  facet normal 0.555314 -0.831641 0
    outer loop
      vertex 113.333 -4.18495 0
      vertex 113.986 -3.74892 2.5
      vertex 113.333 -4.18495 2.5
    endloop
  endfacet
  facet normal 0.555314 -0.831641 0
    outer loop
      vertex 113.986 -3.74892 2.5
      vertex 113.333 -4.18495 0
      vertex 113.986 -3.74892 0
    endloop
  endfacet
  facet normal 0.659399 -0.751793 0
    outer loop
      vertex 114.609 -3.27115 0
      vertex 115.199 -2.75366 2.5
      vertex 114.609 -3.27115 2.5
    endloop
  endfacet
  facet normal 0.659399 -0.751793 0
    outer loop
      vertex 115.199 -2.75366 2.5
      vertex 114.609 -3.27115 0
      vertex 115.199 -2.75366 0
    endloop
  endfacet
  facet normal 0.321127 -0.947036 0
    outer loop
      vertex 110.481 -5.47716 0
      vertex 111.225 -5.22488 2.5
      vertex 110.481 -5.47716 2.5
    endloop
  endfacet
  facet normal 0.321127 -0.947036 0
    outer loop
      vertex 111.225 -5.22488 2.5
      vertex 110.481 -5.47716 0
      vertex 111.225 -5.22488 0
    endloop
  endfacet
  facet normal 0.258836 -0.965921 0
    outer loop
      vertex 109.723 -5.68028 0
      vertex 110.481 -5.47716 2.5
      vertex 109.723 -5.68028 2.5
    endloop
  endfacet
  facet normal 0.258836 -0.965921 0
    outer loop
      vertex 110.481 -5.47716 2.5
      vertex 109.723 -5.68028 0
      vertex 110.481 -5.47716 0
    endloop
  endfacet
  facet normal 0.94704 0.321117 0
    outer loop
      vertex 118.477 86.4815 2.5
      vertex 118.225 87.2247 0
      vertex 118.225 87.2247 2.5
    endloop
  endfacet
  facet normal 0.94704 0.321117 0
    outer loop
      vertex 118.225 87.2247 0
      vertex 118.477 86.4815 2.5
      vertex 118.477 86.4815 0
    endloop
  endfacet
  facet normal 0.991348 0.131262 0
    outer loop
      vertex 118.936 84.1757 2.5
      vertex 118.833 84.9536 0
      vertex 118.833 84.9536 2.5
    endloop
  endfacet
  facet normal 0.991348 0.131262 0
    outer loop
      vertex 118.833 84.9536 0
      vertex 118.936 84.1757 2.5
      vertex 118.936 84.1757 0
    endloop
  endfacet
  facet normal 0.89643 0.443185 0
    outer loop
      vertex 117.925 87.9498 2.5
      vertex 117.577 88.6537 0
      vertex 117.577 88.6537 2.5
    endloop
  endfacet
  facet normal 0.89643 0.443185 0
    outer loop
      vertex 117.577 88.6537 0
      vertex 117.925 87.9498 2.5
      vertex 117.925 87.9498 0
    endloop
  endfacet
  facet normal 0.752103 0.659046 0
    outer loop
      vertex 116.271 90.6087 2.5
      vertex 115.754 91.1987 0
      vertex 115.754 91.1987 2.5
    endloop
  endfacet
  facet normal 0.752103 0.659046 0
    outer loop
      vertex 115.754 91.1987 0
      vertex 116.271 90.6087 2.5
      vertex 116.271 90.6087 0
    endloop
  endfacet
  facet normal 0.707043 0.70717 0
    outer loop
      vertex 115.754 91.1987 2.5
      vertex 115.199 91.7536 0
      vertex 115.199 91.7536 2.5
    endloop
  endfacet
  facet normal 0.707043 0.70717 0
    outer loop
      vertex 115.199 91.7536 0
      vertex 115.754 91.1987 2.5
      vertex 115.754 91.1987 0
    endloop
  endfacet
  facet normal -0.980788 0.195075 0
    outer loop
      vertex -5.83339 84.9536 0
      vertex -5.68028 85.7234 2.5
      vertex -5.68028 85.7234 0
    endloop
  endfacet
  facet normal -0.980788 0.195075 0
    outer loop
      vertex -5.68028 85.7234 2.5
      vertex -5.83339 84.9536 0
      vertex -5.83339 84.9536 2.5
    endloop
  endfacet
  facet normal -0.793381 0.608726 0
    outer loop
      vertex -3.74892 89.986 0
      vertex -3.27115 90.6087 2.5
      vertex -3.27115 90.6087 0
    endloop
  endfacet
  facet normal -0.793381 0.608726 0
    outer loop
      vertex -3.27115 90.6087 2.5
      vertex -3.74892 89.986 0
      vertex -3.74892 89.986 2.5
    endloop
  endfacet
  facet normal -0.751793 0.659399 0
    outer loop
      vertex -3.27115 90.6087 0
      vertex -2.75366 91.1987 2.5
      vertex -2.75366 91.1987 0
    endloop
  endfacet
  facet normal -0.751793 0.659399 0
    outer loop
      vertex -2.75366 91.1987 2.5
      vertex -3.27115 90.6087 0
      vertex -3.27115 90.6087 2.5
    endloop
  endfacet
  facet normal -0.442269 0.896882 0
    outer loop
      vertex 1.05014 93.9245 0
      vertex 0.346252 93.5774 2.5
      vertex 1.05014 93.9245 2.5
    endloop
  endfacet
  facet normal -0.442269 0.896882 0
    outer loop
      vertex 0.346252 93.5774 2.5
      vertex 1.05014 93.9245 0
      vertex 0.346252 93.5774 0
    endloop
  endfacet
  facet normal -0.258896 0.965905 0
    outer loop
      vertex 3.2766 94.6803 0
      vertex 2.51849 94.4771 2.5
      vertex 3.2766 94.6803 2.5
    endloop
  endfacet
  facet normal -0.258896 0.965905 0
    outer loop
      vertex 2.51849 94.4771 2.5
      vertex 3.2766 94.6803 0
      vertex 2.51849 94.4771 0
    endloop
  endfacet
  facet normal -0.659356 0.751831 0
    outer loop
      vertex -1.60867 92.2711 0
      vertex -2.19875 91.7536 2.5
      vertex -1.60867 92.2711 2.5
    endloop
  endfacet
  facet normal -0.659356 0.751831 0
    outer loop
      vertex -2.19875 91.7536 2.5
      vertex -1.60867 92.2711 0
      vertex -2.19875 91.7536 0
    endloop
  endfacet
  facet normal -0.866025 -0.500001 0
    outer loop
      vertex -4.18498 -0.33342 0
      vertex -4.57739 0.346252 2.5
      vertex -4.57739 0.346252 0
    endloop
  endfacet
  facet normal -0.866025 -0.500001 0
    outer loop
      vertex -4.57739 0.346252 2.5
      vertex -4.18498 -0.33342 0
      vertex -4.18498 -0.33342 2.5
    endloop
  endfacet
  facet normal -0.980786 -0.195084 0
    outer loop
      vertex -5.68028 3.2766 0
      vertex -5.83339 4.04636 2.5
      vertex -5.83339 4.04636 0
    endloop
  endfacet
  facet normal -0.980786 -0.195084 0
    outer loop
      vertex -5.83339 4.04636 2.5
      vertex -5.68028 3.2766 0
      vertex -5.68028 3.2766 2.5
    endloop
  endfacet
  facet normal -0.94693 -0.321441 0
    outer loop
      vertex -5.22488 1.7753 0
      vertex -5.47716 2.51849 2.5
      vertex -5.47716 2.51849 0
    endloop
  endfacet
  facet normal -0.94693 -0.321441 0
    outer loop
      vertex -5.47716 2.51849 2.5
      vertex -5.22488 1.7753 0
      vertex -5.22488 1.7753 2.5
    endloop
  endfacet
  facet normal 0.896933 -0.442167 0
    outer loop
      vertex 117.577 0.346252 2.5
      vertex 117.924 1.05014 0
      vertex 117.924 1.05014 2.5
    endloop
  endfacet
  facet normal 0.896933 -0.442167 0
    outer loop
      vertex 117.924 1.05014 0
      vertex 117.577 0.346252 2.5
      vertex 117.577 0.346252 0
    endloop
  endfacet
  facet normal 0.965969 -0.258659 0
    outer loop
      vertex 118.477 2.51849 2.5
      vertex 118.68 3.2766 0
      vertex 118.68 3.2766 2.5
    endloop
  endfacet
  facet normal 0.965969 -0.258659 0
    outer loop
      vertex 118.68 3.2766 0
      vertex 118.477 2.51849 2.5
      vertex 118.477 2.51849 0
    endloop
  endfacet
  facet normal 0.991349 -0.131254 0
    outer loop
      vertex 118.833 4.04636 2.5
      vertex 118.936 4.82431 0
      vertex 118.936 4.82431 2.5
    endloop
  endfacet
  facet normal 0.991349 -0.131254 0
    outer loop
      vertex 118.936 4.82431 0
      vertex 118.833 4.04636 2.5
      vertex 118.833 4.04636 0
    endloop
  endfacet
  facet normal 0.382711 -0.923868 0
    outer loop
      vertex 111.225 -5.22488 0
      vertex 111.95 -4.92455 2.5
      vertex 111.225 -5.22488 2.5
    endloop
  endfacet
  facet normal 0.382711 -0.923868 0
    outer loop
      vertex 111.95 -4.92455 2.5
      vertex 111.225 -5.22488 0
      vertex 111.95 -4.92455 0
    endloop
  endfacet
  facet normal -0.555628 0.831431 0
    outer loop
      vertex -0.33342 93.185 0
      vertex -0.985992 92.7489 2.5
      vertex -0.33342 93.185 2.5
    endloop
  endfacet
  facet normal -0.555628 0.831431 0
    outer loop
      vertex -0.985992 92.7489 2.5
      vertex -0.33342 93.185 0
      vertex -0.985992 92.7489 0
    endloop
  endfacet
  facet normal -0.499992 0.86603 0
    outer loop
      vertex 0.346252 93.5774 0
      vertex -0.33342 93.185 2.5
      vertex 0.346252 93.5774 2.5
    endloop
  endfacet
  facet normal -0.499992 0.86603 0
    outer loop
      vertex -0.33342 93.185 2.5
      vertex 0.346252 93.5774 0
      vertex -0.33342 93.185 0
    endloop
  endfacet
  facet normal -0.382715 0.923867 0
    outer loop
      vertex 1.7753 94.2249 0
      vertex 1.05014 93.9245 2.5
      vertex 1.7753 94.2249 2.5
    endloop
  endfacet
  facet normal -0.382715 0.923867 0
    outer loop
      vertex 1.05014 93.9245 2.5
      vertex 1.7753 94.2249 0
      vertex 1.05014 93.9245 0
    endloop
  endfacet
endsolid OpenSCAD_Model
