solid OpenSCAD_Model
  facet normal 0.130532 -0.991444 0
    outer loop
      vertex 108.176 -5.93582 0
      vertex 108.954 -5.83339 16
      vertex 108.176 -5.93582 16
    endloop
  endfacet
  facet normal 0.130532 -0.991444 0
    outer loop
      vertex 108.954 -5.83339 16
      vertex 108.176 -5.93582 0
      vertex 108.954 -5.83339 0
    endloop
  endfacet
  facet normal 0.032763 -0.999463 0
    outer loop
      vertex 107 -6 0
      vertex 107.392 -5.98715 16
      vertex 107 -6 16
    endloop
  endfacet
  facet normal 0.032763 -0.999463 0
    outer loop
      vertex 107.392 -5.98715 16
      vertex 107 -6 0
      vertex 107.392 -5.98715 0
    endloop
  endfacet
  facet normal -0.0654906 0.997853 0
    outer loop
      vertex 5.60747 94.9872 0
      vertex 4.82431 94.9358 16
      vertex 5.60747 94.9872 16
    endloop
  endfacet
  facet normal -0.0654906 0.997853 0
    outer loop
      vertex 4.82431 94.9358 16
      vertex 5.60747 94.9872 0
      vertex 4.82431 94.9358 0
    endloop
  endfacet
  facet normal 0.0653321 -0.997864 0
    outer loop
      vertex 107.392 -5.98715 0
      vertex 108.176 -5.93582 16
      vertex 107.392 -5.98715 16
    endloop
  endfacet
  facet normal 0.0653321 -0.997864 0
    outer loop
      vertex 108.176 -5.93582 16
      vertex 107.392 -5.98715 0
      vertex 108.176 -5.93582 0
    endloop
  endfacet
  facet normal 0.707043 0.70717 0
    outer loop
      vertex 115.754 91.1987 16
      vertex 115.199 91.7536 0
      vertex 115.199 91.7536 16
    endloop
  endfacet
  facet normal 0.707043 0.70717 0
    outer loop
      vertex 115.199 91.7536 0
      vertex 115.754 91.1987 16
      vertex 115.754 91.1987 0
    endloop
  endfacet
  facet normal -0.991444 0.130532 0
    outer loop
      vertex -5.93582 84.1756 0
      vertex -5.83339 84.9536 16
      vertex -5.83339 84.9536 0
    endloop
  endfacet
  facet normal -0.991444 0.130532 0
    outer loop
      vertex -5.83339 84.9536 16
      vertex -5.93582 84.1756 0
      vertex -5.93582 84.1756 16
    endloop
  endfacet
  facet normal 0 -1 0
    outer loop
      vertex 6 -6 0
      vertex 107 -6 16
      vertex 6 -6 16
    endloop
  endfacet
  facet normal 0 -1 -0
    outer loop
      vertex 107 -6 16
      vertex 6 -6 0
      vertex 107 -6 0
    endloop
  endfacet
  facet normal 0.0325527 0.99947 -0
    outer loop
      vertex 107.393 94.9872 0
      vertex 107 95 16
      vertex 107.393 94.9872 16
    endloop
  endfacet
  facet normal 0.0325527 0.99947 0
    outer loop
      vertex 107 95 16
      vertex 107.393 94.9872 0
      vertex 107 95 0
    endloop
  endfacet
  facet normal 0.608565 0.793504 -0
    outer loop
      vertex 114.609 92.2711 0
      vertex 113.986 92.7489 16
      vertex 114.609 92.2711 16
    endloop
  endfacet
  facet normal 0.608565 0.793504 0
    outer loop
      vertex 113.986 92.7489 16
      vertex 114.609 92.2711 0
      vertex 113.986 92.7489 0
    endloop
  endfacet
  facet normal 0 1 -0
    outer loop
      vertex 107 95 0
      vertex 6 95 16
      vertex 107 95 16
    endloop
  endfacet
  facet normal 0 1 0
    outer loop
      vertex 6 95 16
      vertex 107 95 0
      vertex 6 95 0
    endloop
  endfacet
  facet normal -0.7071 0.707113 0
    outer loop
      vertex -2.75366 91.1987 0
      vertex -2.19875 91.7536 16
      vertex -2.19875 91.7536 0
    endloop
  endfacet
  facet normal -0.7071 0.707113 0
    outer loop
      vertex -2.19875 91.7536 16
      vertex -2.75366 91.1987 0
      vertex -2.75366 91.1987 16
    endloop
  endfacet
  facet normal -0.999464 0.0327297 0
    outer loop
      vertex -6 83 0
      vertex -5.98715 83.3924 16
      vertex -5.98715 83.3924 0
    endloop
  endfacet
  facet normal -0.999464 0.0327297 0
    outer loop
      vertex -5.98715 83.3924 16
      vertex -6 83 0
      vertex -6 83 16
    endloop
  endfacet
  facet normal 0.382787 0.923837 -0
    outer loop
      vertex 111.95 93.9245 0
      vertex 111.225 94.2249 16
      vertex 111.95 93.9245 16
    endloop
  endfacet
  facet normal 0.382787 0.923837 0
    outer loop
      vertex 111.225 94.2249 16
      vertex 111.95 93.9245 0
      vertex 111.225 94.2249 0
    endloop
  endfacet
  facet normal -0.0325916 0.999469 0
    outer loop
      vertex 6 95 0
      vertex 5.60747 94.9872 16
      vertex 6 95 16
    endloop
  endfacet
  facet normal -0.0325916 0.999469 0
    outer loop
      vertex 5.60747 94.9872 16
      vertex 6 95 0
      vertex 5.60747 94.9872 0
    endloop
  endfacet
  facet normal 0.999452 0.0331029 0
    outer loop
      vertex 119 83 16
      vertex 118.987 83.3925 0
      vertex 118.987 83.3925 16
    endloop
  endfacet
  facet normal 0.999452 0.0331029 0
    outer loop
      vertex 118.987 83.3925 0
      vertex 119 83 16
      vertex 119 83 0
    endloop
  endfacet
  facet normal 0.999452 -0.0331003 0
    outer loop
      vertex 118.987 5.60747 16
      vertex 119 6 0
      vertex 119 6 16
    endloop
  endfacet
  facet normal 0.999452 -0.0331003 0
    outer loop
      vertex 119 6 0
      vertex 118.987 5.60747 16
      vertex 118.987 5.60747 0
    endloop
  endfacet
  facet normal -0.442269 0.896882 0
    outer loop
      vertex 1.05014 93.9245 0
      vertex 0.346252 93.5774 16
      vertex 1.05014 93.9245 16
    endloop
  endfacet
  facet normal -0.442269 0.896882 0
    outer loop
      vertex 0.346252 93.5774 16
      vertex 1.05014 93.9245 0
      vertex 0.346252 93.5774 0
    endloop
  endfacet
  facet normal -0.89687 0.442294 0
    outer loop
      vertex -4.92455 87.9498 0
      vertex -4.57742 88.6537 16
      vertex -4.57742 88.6537 0
    endloop
  endfacet
  facet normal -0.89687 0.442294 0
    outer loop
      vertex -4.57742 88.6537 16
      vertex -4.92455 87.9498 0
      vertex -4.92455 87.9498 16
    endloop
  endfacet
  facet normal -0.965931 -0.258801 0
    outer loop
      vertex -5.47716 2.51849 0
      vertex -5.68028 3.2766 16
      vertex -5.68028 3.2766 0
    endloop
  endfacet
  facet normal -0.965931 -0.258801 0
    outer loop
      vertex -5.68028 3.2766 16
      vertex -5.47716 2.51849 0
      vertex -5.47716 2.51849 16
    endloop
  endfacet
  facet normal -1 0 0
    outer loop
      vertex -6 6 0
      vertex -6 83 16
      vertex -6 83 0
    endloop
  endfacet
  facet normal -1 -0 0
    outer loop
      vertex -6 83 16
      vertex -6 6 0
      vertex -6 6 16
    endloop
  endfacet
  facet normal 0 0 -1
    outer loop
      vertex 11.1177 79.2 0
      vertex 101.882 79.2 0
      vertex 11.1177 9.8 0
    endloop
  endfacet
  facet normal 0 0 -1
    outer loop
      vertex 101.882 79.2 0
      vertex 11.1177 79.2 0
      vertex 11.6 81 0
    endloop
  endfacet
  facet normal 0 0 -1
    outer loop
      vertex 9.8 11.1177 0
      vertex 11.1177 79.2 0
      vertex 11.1177 9.8 0
    endloop
  endfacet
  facet normal 0 0 -1
    outer loop
      vertex 9.8 11.1177 0
      vertex 9.8 77.8823 0
      vertex 11.1177 79.2 0
    endloop
  endfacet
  facet normal 0 0 -1
    outer loop
      vertex 8 11.6 0
      vertex 9.8 77.8823 0
      vertex 9.8 11.1177 0
    endloop
  endfacet
  facet normal 0 0 -1
    outer loop
      vertex 8 11.6 0
      vertex 8 77.4 0
      vertex 9.8 77.8823 0
    endloop
  endfacet
  facet normal 0 0 -1
    outer loop
      vertex 6.2 11.1177 0
      vertex 8 77.4 0
      vertex 8 11.6 0
    endloop
  endfacet
  facet normal 0 0 -1
    outer loop
      vertex 6.2 11.1177 0
      vertex 6.2 77.8823 0
      vertex 8 77.4 0
    endloop
  endfacet
  facet normal 0 0 -1
    outer loop
      vertex -6 6 0
      vertex 6.2 11.1177 0
      vertex 4.88231 9.8 0
    endloop
  endfacet
  facet normal -0 0 -1
    outer loop
      vertex 6.2 11.1177 0
      vertex -6 6 0
      vertex 6.2 77.8823 0
    endloop
  endfacet
  facet normal 0 0 -1
    outer loop
      vertex -6 6 0
      vertex 4.88231 9.8 0
      vertex 4.4 8 0
    endloop
  endfacet
  facet normal 0 0 -1
    outer loop
      vertex -6 83 0
      vertex 6.2 77.8823 0
      vertex -6 6 0
    endloop
  endfacet
  facet normal 0 0 -1
    outer loop
      vertex 119 6 0
      vertex 106.8 11.1177 0
      vertex 119 83 0
    endloop
  endfacet
  facet normal 0 0 -1
    outer loop
      vertex 119 83 0
      vertex 108.118 79.2 0
      vertex 108.6 81 0
    endloop
  endfacet
  facet normal 0 0 -1
    outer loop
      vertex 106.8 77.8823 0
      vertex 119 83 0
      vertex 106.8 11.1177 0
    endloop
  endfacet
  facet normal 0 0 -1
    outer loop
      vertex 119 83 0
      vertex 106.8 77.8823 0
      vertex 108.118 79.2 0
    endloop
  endfacet
  facet normal 0 0 -1
    outer loop
      vertex 105 11.6 0
      vertex 106.8 77.8823 0
      vertex 106.8 11.1177 0
    endloop
  endfacet
  facet normal 0 0 -1
    outer loop
      vertex 105 11.6 0
      vertex 105 77.4 0
      vertex 106.8 77.8823 0
    endloop
  endfacet
  facet normal 0 0 -1
    outer loop
      vertex 103.2 11.1177 0
      vertex 105 77.4 0
      vertex 105 11.6 0
    endloop
  endfacet
  facet normal 0 0 -1
    outer loop
      vertex 103.2 11.1177 0
      vertex 103.2 77.8823 0
      vertex 105 77.4 0
    endloop
  endfacet
  facet normal 0 0 -1
    outer loop
      vertex 101.882 9.8 0
      vertex 103.2 77.8823 0
      vertex 103.2 11.1177 0
    endloop
  endfacet
  facet normal 0 0 -1
    outer loop
      vertex 101.882 9.8 0
      vertex 101.882 79.2 0
      vertex 103.2 77.8823 0
    endloop
  endfacet
  facet normal 0 0 -1
    outer loop
      vertex 11.6 8 0
      vertex 101.882 9.8 0
      vertex 101.4 8 0
    endloop
  endfacet
  facet normal 0 0 -1
    outer loop
      vertex 11.1177 9.8 0
      vertex 101.882 9.8 0
      vertex 11.6 8 0
    endloop
  endfacet
  facet normal 0 0 -1
    outer loop
      vertex 108.6 8 0
      vertex 119 6 0
      vertex 118.987 5.60747 0
    endloop
  endfacet
  facet normal 0 0 -1
    outer loop
      vertex 108.118 9.8 0
      vertex 119 6 0
      vertex 108.6 8 0
    endloop
  endfacet
  facet normal 0 0 -1
    outer loop
      vertex 108.118 6.2 0
      vertex 118.987 5.60747 0
      vertex 118.936 4.82431 0
    endloop
  endfacet
  facet normal 0 0 -1
    outer loop
      vertex 106.8 11.1177 0
      vertex 119 6 0
      vertex 108.118 9.8 0
    endloop
  endfacet
  facet normal 0 0 -1
    outer loop
      vertex 108.118 6.2 0
      vertex 118.936 4.82431 0
      vertex 118.833 4.04636 0
    endloop
  endfacet
  facet normal -0 0 -1
    outer loop
      vertex 119 83 0
      vertex 108.6 81 0
      vertex 118.987 83.3925 0
    endloop
  endfacet
  facet normal 0 0 -1
    outer loop
      vertex 108.118 6.2 0
      vertex 118.833 4.04636 0
      vertex 118.68 3.2766 0
    endloop
  endfacet
  facet normal 0 0 -1
    outer loop
      vertex 108.118 82.8 0
      vertex 118.987 83.3925 0
      vertex 108.6 81 0
    endloop
  endfacet
  facet normal 0 0 -1
    outer loop
      vertex 108.118 6.2 0
      vertex 118.68 3.2766 0
      vertex 118.477 2.51849 0
    endloop
  endfacet
  facet normal -0 0 -1
    outer loop
      vertex 118.987 83.3925 0
      vertex 108.118 82.8 0
      vertex 118.936 84.1757 0
    endloop
  endfacet
  facet normal 0 0 -1
    outer loop
      vertex 108.118 6.2 0
      vertex 118.477 2.51849 0
      vertex 118.225 1.7753 0
    endloop
  endfacet
  facet normal -0 0 -1
    outer loop
      vertex 118.936 84.1757 0
      vertex 108.118 82.8 0
      vertex 118.833 84.9536 0
    endloop
  endfacet
  facet normal -0 0 -1
    outer loop
      vertex 118.68 85.7234 0
      vertex 108.118 82.8 0
      vertex 118.477 86.4815 0
    endloop
  endfacet
  facet normal 0 0 -1
    outer loop
      vertex 108.118 6.2 0
      vertex 118.225 1.7753 0
      vertex 117.924 1.05014 0
    endloop
  endfacet
  facet normal -0 0 -1
    outer loop
      vertex 118.477 86.4815 0
      vertex 108.118 82.8 0
      vertex 118.225 87.2247 0
    endloop
  endfacet
  facet normal 0 0 -1
    outer loop
      vertex 108.118 6.2 0
      vertex 117.924 1.05014 0
      vertex 117.577 0.346252 0
    endloop
  endfacet
  facet normal 0 0 -1
    outer loop
      vertex 108.118 6.2 0
      vertex 117.577 0.346252 0
      vertex 117.185 -0.33342 0
    endloop
  endfacet
  facet normal -0 0 -1
    outer loop
      vertex 118.833 84.9536 0
      vertex 108.118 82.8 0
      vertex 118.68 85.7234 0
    endloop
  endfacet
  facet normal 0 0 -1
    outer loop
      vertex 108.118 6.2 0
      vertex 117.185 -0.33342 0
      vertex 116.749 -0.985992 0
    endloop
  endfacet
  facet normal -0 0 -1
    outer loop
      vertex 118.225 87.2247 0
      vertex 108.118 82.8 0
      vertex 117.925 87.9498 0
    endloop
  endfacet
  facet normal 0 0 -1
    outer loop
      vertex 108.118 6.2 0
      vertex 116.749 -0.985992 0
      vertex 116.271 -1.60867 0
    endloop
  endfacet
  facet normal -0 0 -1
    outer loop
      vertex 117.925 87.9498 0
      vertex 108.118 82.8 0
      vertex 117.577 88.6537 0
    endloop
  endfacet
  facet normal 0 0 -1
    outer loop
      vertex 108.118 6.2 0
      vertex 116.271 -1.60867 0
      vertex 115.754 -2.19875 0
    endloop
  endfacet
  facet normal -0 0 -1
    outer loop
      vertex 117.577 88.6537 0
      vertex 108.118 82.8 0
      vertex 117.185 89.3335 0
    endloop
  endfacet
  facet normal 0 0 -1
    outer loop
      vertex 108.118 6.2 0
      vertex 115.754 -2.19875 0
      vertex 115.199 -2.75366 0
    endloop
  endfacet
  facet normal -0 0 -1
    outer loop
      vertex 117.185 89.3335 0
      vertex 108.118 82.8 0
      vertex 116.749 89.986 0
    endloop
  endfacet
  facet normal 0 0 -1
    outer loop
      vertex 106.8 4.88231 0
      vertex 115.199 -2.75366 0
      vertex 114.609 -3.27115 0
    endloop
  endfacet
  facet normal -0 0 -1
    outer loop
      vertex 116.749 89.986 0
      vertex 108.118 82.8 0
      vertex 116.271 90.6087 0
    endloop
  endfacet
  facet normal 0 0 -1
    outer loop
      vertex 106.8 4.88231 0
      vertex 114.609 -3.27115 0
      vertex 113.986 -3.74892 0
    endloop
  endfacet
  facet normal -0 0 -1
    outer loop
      vertex 116.271 90.6087 0
      vertex 108.118 82.8 0
      vertex 115.754 91.1987 0
    endloop
  endfacet
  facet normal 0 0 -1
    outer loop
      vertex 106.8 4.88231 0
      vertex 113.986 -3.74892 0
      vertex 113.333 -4.18495 0
    endloop
  endfacet
  facet normal -0 0 -1
    outer loop
      vertex 115.754 91.1987 0
      vertex 108.118 82.8 0
      vertex 115.199 91.7536 0
    endloop
  endfacet
  facet normal 0 0 -1
    outer loop
      vertex 106.8 4.88231 0
      vertex 113.333 -4.18495 0
      vertex 112.654 -4.57742 0
    endloop
  endfacet
  facet normal 0 0 -1
    outer loop
      vertex 106.8 84.1177 0
      vertex 115.199 91.7536 0
      vertex 108.118 82.8 0
    endloop
  endfacet
  facet normal 0 0 -1
    outer loop
      vertex 106.8 4.88231 0
      vertex 112.654 -4.57742 0
      vertex 111.95 -4.92455 0
    endloop
  endfacet
  facet normal -0 0 -1
    outer loop
      vertex 115.199 91.7536 0
      vertex 106.8 84.1177 0
      vertex 114.609 92.2711 0
    endloop
  endfacet
  facet normal 0 0 -1
    outer loop
      vertex 106.8 4.88231 0
      vertex 111.95 -4.92455 0
      vertex 111.225 -5.22488 0
    endloop
  endfacet
  facet normal -0 0 -1
    outer loop
      vertex 114.609 92.2711 0
      vertex 106.8 84.1177 0
      vertex 113.986 92.7489 0
    endloop
  endfacet
  facet normal 0 0 -1
    outer loop
      vertex 106.8 4.88231 0
      vertex 111.225 -5.22488 0
      vertex 110.481 -5.47716 0
    endloop
  endfacet
  facet normal -0 0 -1
    outer loop
      vertex 113.986 92.7489 0
      vertex 106.8 84.1177 0
      vertex 113.333 93.1849 0
    endloop
  endfacet
  facet normal 0 0 -1
    outer loop
      vertex 106.8 4.88231 0
      vertex 110.481 -5.47716 0
      vertex 109.723 -5.68028 0
    endloop
  endfacet
  facet normal -0 0 -1
    outer loop
      vertex 113.333 93.1849 0
      vertex 106.8 84.1177 0
      vertex 112.654 93.5774 0
    endloop
  endfacet
  facet normal 0 0 -1
    outer loop
      vertex 106.8 4.88231 0
      vertex 109.723 -5.68028 0
      vertex 108.954 -5.83339 0
    endloop
  endfacet
  facet normal -0 0 -1
    outer loop
      vertex 112.654 93.5774 0
      vertex 106.8 84.1177 0
      vertex 111.95 93.9245 0
    endloop
  endfacet
  facet normal -0 0 -1
    outer loop
      vertex 111.95 93.9245 0
      vertex 106.8 84.1177 0
      vertex 111.225 94.2249 0
    endloop
  endfacet
  facet normal 0 0 -1
    outer loop
      vertex 106.8 4.88231 0
      vertex 108.954 -5.83339 0
      vertex 108.176 -5.93582 0
    endloop
  endfacet
  facet normal 0 0 -1
    outer loop
      vertex 118.987 5.60747 0
      vertex 108.118 6.2 0
      vertex 108.6 8 0
    endloop
  endfacet
  facet normal 0 0 -1
    outer loop
      vertex 106.8 4.88231 0
      vertex 108.176 -5.93582 0
      vertex 107.392 -5.98715 0
    endloop
  endfacet
  facet normal 0 0 -1
    outer loop
      vertex 105 4.4 0
      vertex 107.392 -5.98715 0
      vertex 107 -6 0
    endloop
  endfacet
  facet normal 0 0 -1
    outer loop
      vertex 115.199 -2.75366 0
      vertex 106.8 4.88231 0
      vertex 108.118 6.2 0
    endloop
  endfacet
  facet normal 0 0 -1
    outer loop
      vertex 107.392 -5.98715 0
      vertex 105 4.4 0
      vertex 106.8 4.88231 0
    endloop
  endfacet
  facet normal 0 0 -1
    outer loop
      vertex 107 -6 0
      vertex 103.2 4.88231 0
      vertex 105 4.4 0
    endloop
  endfacet
  facet normal 0 0 -1
    outer loop
      vertex 107 -6 0
      vertex 101.882 6.2 0
      vertex 103.2 4.88231 0
    endloop
  endfacet
  facet normal 0 0 -1
    outer loop
      vertex 101.882 9.8 0
      vertex 11.1177 9.8 0
      vertex 101.882 79.2 0
    endloop
  endfacet
  facet normal 0 0 -1
    outer loop
      vertex 101.882 6.2 0
      vertex 11.6 8 0
      vertex 101.4 8 0
    endloop
  endfacet
  facet normal 0 0 -1
    outer loop
      vertex 11.1177 6.2 0
      vertex 101.882 6.2 0
      vertex 107 -6 0
    endloop
  endfacet
  facet normal 0 0 -1
    outer loop
      vertex 101.882 6.2 0
      vertex 11.1177 6.2 0
      vertex 11.6 8 0
    endloop
  endfacet
  facet normal 0 0 -1
    outer loop
      vertex 6 -6 0
      vertex 11.1177 6.2 0
      vertex 107 -6 0
    endloop
  endfacet
  facet normal 0 0 -1
    outer loop
      vertex 11.1177 6.2 0
      vertex 6 -6 0
      vertex 9.8 4.88231 0
    endloop
  endfacet
  facet normal 0 0 -1
    outer loop
      vertex 9.8 4.88231 0
      vertex 6 -6 0
      vertex 8 4.4 0
    endloop
  endfacet
  facet normal 0 0 -1
    outer loop
      vertex 5.60759 -5.98715 0
      vertex 8 4.4 0
      vertex 6 -6 0
    endloop
  endfacet
  facet normal -0 0 -1
    outer loop
      vertex 8 4.4 0
      vertex 5.60759 -5.98715 0
      vertex 6.2 4.88231 0
    endloop
  endfacet
  facet normal 0 0 -1
    outer loop
      vertex 4.82443 -5.93582 0
      vertex 6.2 4.88231 0
      vertex 5.60759 -5.98715 0
    endloop
  endfacet
  facet normal 0 0 -1
    outer loop
      vertex 4.04636 -5.83339 0
      vertex 6.2 4.88231 0
      vertex 4.82443 -5.93582 0
    endloop
  endfacet
  facet normal 0 0 -1
    outer loop
      vertex 3.2766 -5.68028 0
      vertex 6.2 4.88231 0
      vertex 4.04636 -5.83339 0
    endloop
  endfacet
  facet normal 0 0 -1
    outer loop
      vertex 1.7753 -5.22488 0
      vertex 6.2 4.88231 0
      vertex 2.51849 -5.47716 0
    endloop
  endfacet
  facet normal 0 0 -1
    outer loop
      vertex 2.51849 -5.47716 0
      vertex 6.2 4.88231 0
      vertex 3.2766 -5.68028 0
    endloop
  endfacet
  facet normal -0 0 -1
    outer loop
      vertex 111.225 94.2249 0
      vertex 106.8 84.1177 0
      vertex 110.481 94.4771 0
    endloop
  endfacet
  facet normal -0 0 -1
    outer loop
      vertex 110.481 94.4771 0
      vertex 106.8 84.1177 0
      vertex 109.723 94.6803 0
    endloop
  endfacet
  facet normal -0 0 -1
    outer loop
      vertex 109.723 94.6803 0
      vertex 106.8 84.1177 0
      vertex 108.954 94.8334 0
    endloop
  endfacet
  facet normal -0 0 -1
    outer loop
      vertex 108.954 94.8334 0
      vertex 106.8 84.1177 0
      vertex 108.176 94.9358 0
    endloop
  endfacet
  facet normal -0 0 -1
    outer loop
      vertex 108.176 94.9358 0
      vertex 106.8 84.1177 0
      vertex 107.393 94.9872 0
    endloop
  endfacet
  facet normal 0 0 -1
    outer loop
      vertex 105 84.6 0
      vertex 107.393 94.9872 0
      vertex 106.8 84.1177 0
    endloop
  endfacet
  facet normal -0 0 -1
    outer loop
      vertex 107.393 94.9872 0
      vertex 105 84.6 0
      vertex 107 95 0
    endloop
  endfacet
  facet normal 0 0 -1
    outer loop
      vertex 103.2 84.1177 0
      vertex 107 95 0
      vertex 105 84.6 0
    endloop
  endfacet
  facet normal 0 0 -1
    outer loop
      vertex 101.882 82.8 0
      vertex 107 95 0
      vertex 103.2 84.1177 0
    endloop
  endfacet
  facet normal 0 0 -1
    outer loop
      vertex 101.882 79.2 0
      vertex 11.6 81 0
      vertex 101.4 81 0
    endloop
  endfacet
  facet normal 0 0 -1
    outer loop
      vertex 101.4 81 0
      vertex 11.6 81 0
      vertex 101.882 82.8 0
    endloop
  endfacet
  facet normal 0 0 -1
    outer loop
      vertex 11.1177 82.8 0
      vertex 101.882 82.8 0
      vertex 11.6 81 0
    endloop
  endfacet
  facet normal 0 0 -1
    outer loop
      vertex 101.882 82.8 0
      vertex 11.1177 82.8 0
      vertex 107 95 0
    endloop
  endfacet
  facet normal 0 0 -1
    outer loop
      vertex 6 95 0
      vertex 11.1177 82.8 0
      vertex 9.8 84.1177 0
    endloop
  endfacet
  facet normal 0 0 -1
    outer loop
      vertex 6 95 0
      vertex 9.8 84.1177 0
      vertex 8 84.6 0
    endloop
  endfacet
  facet normal 0 0 -1
    outer loop
      vertex 11.1177 82.8 0
      vertex 6 95 0
      vertex 107 95 0
    endloop
  endfacet
  facet normal 0 0 -1
    outer loop
      vertex 5.60747 94.9872 0
      vertex 8 84.6 0
      vertex 6.2 84.1177 0
    endloop
  endfacet
  facet normal 0 0 -1
    outer loop
      vertex 8 84.6 0
      vertex 5.60747 94.9872 0
      vertex 6 95 0
    endloop
  endfacet
  facet normal 0 0 -1
    outer loop
      vertex -2.19875 91.7536 0
      vertex 6.2 84.1177 0
      vertex 4.88231 82.8 0
    endloop
  endfacet
  facet normal 0 0 -1
    outer loop
      vertex 6.2 84.1177 0
      vertex 4.82431 94.9358 0
      vertex 5.60747 94.9872 0
    endloop
  endfacet
  facet normal 0 0 -1
    outer loop
      vertex -5.98715 83.3924 0
      vertex 4.88231 82.8 0
      vertex 4.4 81 0
    endloop
  endfacet
  facet normal 0 0 -1
    outer loop
      vertex 6.2 84.1177 0
      vertex 4.04636 94.8334 0
      vertex 4.82431 94.9358 0
    endloop
  endfacet
  facet normal 0 0 -1
    outer loop
      vertex 6.2 77.8823 0
      vertex -6 83 0
      vertex 4.88231 79.2 0
    endloop
  endfacet
  facet normal 0 0 -1
    outer loop
      vertex 1.05014 -4.92451 0
      vertex 6.2 4.88231 0
      vertex 1.7753 -5.22488 0
    endloop
  endfacet
  facet normal 0 0 -1
    outer loop
      vertex 4.88231 79.2 0
      vertex -6 83 0
      vertex 4.4 81 0
    endloop
  endfacet
  facet normal 0 0 -1
    outer loop
      vertex 0.346252 -4.57739 0
      vertex 6.2 4.88231 0
      vertex 1.05014 -4.92451 0
    endloop
  endfacet
  facet normal 0 -0 -1
    outer loop
      vertex -5.98715 83.3924 0
      vertex 4.4 81 0
      vertex -6 83 0
    endloop
  endfacet
  facet normal 0 0 -1
    outer loop
      vertex -0.33342 -4.18498 0
      vertex 6.2 4.88231 0
      vertex 0.346252 -4.57739 0
    endloop
  endfacet
  facet normal 0 0 -1
    outer loop
      vertex 4.88231 82.8 0
      vertex -5.98715 83.3924 0
      vertex -5.93582 84.1756 0
    endloop
  endfacet
  facet normal 0 0 -1
    outer loop
      vertex -0.985992 -3.74895 0
      vertex 6.2 4.88231 0
      vertex -0.33342 -4.18498 0
    endloop
  endfacet
  facet normal 0 0 -1
    outer loop
      vertex 6.2 84.1177 0
      vertex 3.2766 94.6803 0
      vertex 4.04636 94.8334 0
    endloop
  endfacet
  facet normal 0 0 -1
    outer loop
      vertex -1.60867 -3.27115 0
      vertex 6.2 4.88231 0
      vertex -0.985992 -3.74895 0
    endloop
  endfacet
  facet normal 0 0 -1
    outer loop
      vertex 6.2 84.1177 0
      vertex 2.51849 94.4771 0
      vertex 3.2766 94.6803 0
    endloop
  endfacet
  facet normal 0 0 -1
    outer loop
      vertex -2.19875 -2.75366 0
      vertex 6.2 4.88231 0
      vertex -1.60867 -3.27115 0
    endloop
  endfacet
  facet normal 0 0 -1
    outer loop
      vertex 6.2 84.1177 0
      vertex 1.7753 94.2249 0
      vertex 2.51849 94.4771 0
    endloop
  endfacet
  facet normal -0 0 -1
    outer loop
      vertex 6.2 4.88231 0
      vertex -2.19875 -2.75366 0
      vertex 4.88231 6.2 0
    endloop
  endfacet
  facet normal 0 0 -1
    outer loop
      vertex 6.2 84.1177 0
      vertex 1.05014 93.9245 0
      vertex 1.7753 94.2249 0
    endloop
  endfacet
  facet normal 0 0 -1
    outer loop
      vertex -2.75366 -2.19875 0
      vertex 4.88231 6.2 0
      vertex -2.19875 -2.75366 0
    endloop
  endfacet
  facet normal 0 0 -1
    outer loop
      vertex 6.2 84.1177 0
      vertex 0.346252 93.5774 0
      vertex 1.05014 93.9245 0
    endloop
  endfacet
  facet normal 0 0 -1
    outer loop
      vertex -3.27115 -1.60867 0
      vertex 4.88231 6.2 0
      vertex -2.75366 -2.19875 0
    endloop
  endfacet
  facet normal 0 0 -1
    outer loop
      vertex 6.2 84.1177 0
      vertex -0.33342 93.185 0
      vertex 0.346252 93.5774 0
    endloop
  endfacet
  facet normal 0 0 -1
    outer loop
      vertex -3.74895 -0.985992 0
      vertex 4.88231 6.2 0
      vertex -3.27115 -1.60867 0
    endloop
  endfacet
  facet normal 0 0 -1
    outer loop
      vertex 6.2 84.1177 0
      vertex -0.985992 92.7489 0
      vertex -0.33342 93.185 0
    endloop
  endfacet
  facet normal 0 0 -1
    outer loop
      vertex -4.18498 -0.33342 0
      vertex 4.88231 6.2 0
      vertex -3.74895 -0.985992 0
    endloop
  endfacet
  facet normal 0 0 -1
    outer loop
      vertex 6.2 84.1177 0
      vertex -1.60867 92.2711 0
      vertex -0.985992 92.7489 0
    endloop
  endfacet
  facet normal 0 0 -1
    outer loop
      vertex 4.88231 82.8 0
      vertex -2.75366 91.1987 0
      vertex -2.19875 91.7536 0
    endloop
  endfacet
  facet normal 0 0 -1
    outer loop
      vertex -4.57739 0.346252 0
      vertex 4.88231 6.2 0
      vertex -4.18498 -0.33342 0
    endloop
  endfacet
  facet normal 0 0 -1
    outer loop
      vertex 4.88231 82.8 0
      vertex -3.27115 90.6087 0
      vertex -2.75366 91.1987 0
    endloop
  endfacet
  facet normal 0 0 -1
    outer loop
      vertex -4.92451 1.05014 0
      vertex 4.88231 6.2 0
      vertex -4.57739 0.346252 0
    endloop
  endfacet
  facet normal 0 0 -1
    outer loop
      vertex -5.22488 1.7753 0
      vertex 4.88231 6.2 0
      vertex -4.92451 1.05014 0
    endloop
  endfacet
  facet normal 0 0 -1
    outer loop
      vertex 6.2 84.1177 0
      vertex -2.19875 91.7536 0
      vertex -1.60867 92.2711 0
    endloop
  endfacet
  facet normal 0 0 -1
    outer loop
      vertex -5.47716 2.51849 0
      vertex 4.88231 6.2 0
      vertex -5.22488 1.7753 0
    endloop
  endfacet
  facet normal 0 0 -1
    outer loop
      vertex 4.88231 82.8 0
      vertex -3.74892 89.986 0
      vertex -3.27115 90.6087 0
    endloop
  endfacet
  facet normal 0 0 -1
    outer loop
      vertex -5.68028 3.2766 0
      vertex 4.88231 6.2 0
      vertex -5.47716 2.51849 0
    endloop
  endfacet
  facet normal 0 0 -1
    outer loop
      vertex 4.88231 82.8 0
      vertex -4.18495 89.3335 0
      vertex -3.74892 89.986 0
    endloop
  endfacet
  facet normal 0 0 -1
    outer loop
      vertex -5.83339 4.04636 0
      vertex 4.88231 6.2 0
      vertex -5.68028 3.2766 0
    endloop
  endfacet
  facet normal 0 0 -1
    outer loop
      vertex 4.88231 82.8 0
      vertex -4.57742 88.6537 0
      vertex -4.18495 89.3335 0
    endloop
  endfacet
  facet normal 0 0 -1
    outer loop
      vertex -5.93582 4.82443 0
      vertex 4.88231 6.2 0
      vertex -5.83339 4.04636 0
    endloop
  endfacet
  facet normal 0 0 -1
    outer loop
      vertex 4.88231 82.8 0
      vertex -4.92455 87.9498 0
      vertex -4.57742 88.6537 0
    endloop
  endfacet
  facet normal 0 0 -1
    outer loop
      vertex -5.98715 5.60759 0
      vertex 4.88231 6.2 0
      vertex -5.93582 4.82443 0
    endloop
  endfacet
  facet normal 0 0 -1
    outer loop
      vertex 4.88231 82.8 0
      vertex -5.22488 87.2247 0
      vertex -4.92455 87.9498 0
    endloop
  endfacet
  facet normal -0 0 -1
    outer loop
      vertex 4.88231 6.2 0
      vertex -5.98715 5.60759 0
      vertex 4.4 8 0
    endloop
  endfacet
  facet normal 0 0 -1
    outer loop
      vertex 4.88231 82.8 0
      vertex -5.47716 86.4815 0
      vertex -5.22488 87.2247 0
    endloop
  endfacet
  facet normal 0 0 -1
    outer loop
      vertex 4.4 8 0
      vertex -5.98715 5.60759 0
      vertex -6 6 0
    endloop
  endfacet
  facet normal 0 0 -1
    outer loop
      vertex 4.88231 82.8 0
      vertex -5.68028 85.7234 0
      vertex -5.47716 86.4815 0
    endloop
  endfacet
  facet normal 0 0 -1
    outer loop
      vertex 4.88231 82.8 0
      vertex -5.83339 84.9536 0
      vertex -5.68028 85.7234 0
    endloop
  endfacet
  facet normal 0 0 -1
    outer loop
      vertex 4.88231 82.8 0
      vertex -5.93582 84.1756 0
      vertex -5.83339 84.9536 0
    endloop
  endfacet
  facet normal -0.997859 0.0653985 0
    outer loop
      vertex -5.98715 83.3924 0
      vertex -5.93582 84.1756 16
      vertex -5.93582 84.1756 0
    endloop
  endfacet
  facet normal -0.997859 0.0653985 0
    outer loop
      vertex -5.93582 84.1756 16
      vertex -5.98715 83.3924 0
      vertex -5.98715 83.3924 16
    endloop
  endfacet
  facet normal -0.608763 -0.793352 0
    outer loop
      vertex -1.60867 -3.27115 0
      vertex -0.985992 -3.74895 16
      vertex -1.60867 -3.27115 16
    endloop
  endfacet
  facet normal -0.608763 -0.793352 -0
    outer loop
      vertex -0.985992 -3.74895 16
      vertex -1.60867 -3.27115 0
      vertex -0.985992 -3.74895 0
    endloop
  endfacet
  facet normal -0.659349 -0.751837 0
    outer loop
      vertex -2.19875 -2.75366 0
      vertex -1.60867 -3.27115 16
      vertex -2.19875 -2.75366 16
    endloop
  endfacet
  facet normal -0.659349 -0.751837 -0
    outer loop
      vertex -1.60867 -3.27115 16
      vertex -2.19875 -2.75366 0
      vertex -1.60867 -3.27115 0
    endloop
  endfacet
  facet normal -0.13052 -0.991446 0
    outer loop
      vertex 4.04636 -5.83339 0
      vertex 4.82443 -5.93582 16
      vertex 4.04636 -5.83339 16
    endloop
  endfacet
  facet normal -0.13052 -0.991446 -0
    outer loop
      vertex 4.82443 -5.93582 16
      vertex 4.04636 -5.83339 0
      vertex 4.82443 -5.93582 0
    endloop
  endfacet
  facet normal -0.0327288 -0.999464 0
    outer loop
      vertex 5.60759 -5.98715 0
      vertex 6 -6 16
      vertex 5.60759 -5.98715 16
    endloop
  endfacet
  facet normal -0.0327288 -0.999464 -0
    outer loop
      vertex 6 -6 16
      vertex 5.60759 -5.98715 0
      vertex 6 -6 0
    endloop
  endfacet
  facet normal -0.195084 -0.980786 0
    outer loop
      vertex 3.2766 -5.68028 0
      vertex 4.04636 -5.83339 16
      vertex 3.2766 -5.68028 16
    endloop
  endfacet
  facet normal -0.195084 -0.980786 -0
    outer loop
      vertex 4.04636 -5.83339 16
      vertex 3.2766 -5.68028 0
      vertex 4.04636 -5.83339 0
    endloop
  endfacet
  facet normal -0.321441 -0.94693 0
    outer loop
      vertex 1.7753 -5.22488 0
      vertex 2.51849 -5.47716 16
      vertex 1.7753 -5.22488 16
    endloop
  endfacet
  facet normal -0.321441 -0.94693 -0
    outer loop
      vertex 2.51849 -5.47716 16
      vertex 1.7753 -5.22488 0
      vertex 2.51849 -5.47716 0
    endloop
  endfacet
  facet normal 0.555288 0.831658 -0
    outer loop
      vertex 113.986 92.7489 0
      vertex 113.333 93.1849 16
      vertex 113.986 92.7489 16
    endloop
  endfacet
  facet normal 0.555288 0.831658 0
    outer loop
      vertex 113.333 93.1849 16
      vertex 113.986 92.7489 0
      vertex 113.333 93.1849 0
    endloop
  endfacet
  facet normal 0.500458 0.865761 -0
    outer loop
      vertex 113.333 93.1849 0
      vertex 112.654 93.5774 16
      vertex 113.333 93.1849 16
    endloop
  endfacet
  facet normal 0.500458 0.865761 0
    outer loop
      vertex 112.654 93.5774 16
      vertex 113.333 93.1849 0
      vertex 112.654 93.5774 0
    endloop
  endfacet
  facet normal 0.195258 0.980752 -0
    outer loop
      vertex 109.723 94.6803 0
      vertex 108.954 94.8334 16
      vertex 109.723 94.6803 16
    endloop
  endfacet
  facet normal 0.195258 0.980752 0
    outer loop
      vertex 108.954 94.8334 16
      vertex 109.723 94.6803 0
      vertex 108.954 94.8334 0
    endloop
  endfacet
  facet normal 0.130494 0.991449 -0
    outer loop
      vertex 108.954 94.8334 0
      vertex 108.176 94.9358 16
      vertex 108.954 94.8334 16
    endloop
  endfacet
  facet normal 0.130494 0.991449 0
    outer loop
      vertex 108.176 94.9358 16
      vertex 108.954 94.8334 0
      vertex 108.176 94.9358 0
    endloop
  endfacet
  facet normal 0.321035 0.947067 -0
    outer loop
      vertex 111.225 94.2249 0
      vertex 110.481 94.4771 16
      vertex 111.225 94.2249 16
    endloop
  endfacet
  facet normal 0.321035 0.947067 0
    outer loop
      vertex 110.481 94.4771 16
      vertex 111.225 94.2249 0
      vertex 110.481 94.4771 0
    endloop
  endfacet
  facet normal 0.965968 0.258662 0
    outer loop
      vertex 118.68 85.7234 16
      vertex 118.477 86.4815 0
      vertex 118.477 86.4815 16
    endloop
  endfacet
  facet normal 0.965968 0.258662 0
    outer loop
      vertex 118.477 86.4815 0
      vertex 118.68 85.7234 16
      vertex 118.68 85.7234 0
    endloop
  endfacet
  facet normal 1 -0 0
    outer loop
      vertex 119 6 16
      vertex 119 83 0
      vertex 119 83 16
    endloop
  endfacet
  facet normal 1 0 0
    outer loop
      vertex 119 83 0
      vertex 119 6 16
      vertex 119 6 0
    endloop
  endfacet
  facet normal 0.752103 0.659046 0
    outer loop
      vertex 116.271 90.6087 16
      vertex 115.754 91.1987 0
      vertex 115.754 91.1987 16
    endloop
  endfacet
  facet normal 0.752103 0.659046 0
    outer loop
      vertex 115.754 91.1987 0
      vertex 116.271 90.6087 16
      vertex 116.271 90.6087 0
    endloop
  endfacet
  facet normal 0.83149 -0.55554 0
    outer loop
      vertex 116.749 -0.985992 16
      vertex 117.185 -0.33342 0
      vertex 117.185 -0.33342 16
    endloop
  endfacet
  facet normal 0.83149 -0.55554 0
    outer loop
      vertex 117.185 -0.33342 0
      vertex 116.749 -0.985992 16
      vertex 116.749 -0.985992 0
    endloop
  endfacet
  facet normal 0.997886 -0.0649832 0
    outer loop
      vertex 118.936 4.82431 16
      vertex 118.987 5.60747 0
      vertex 118.987 5.60747 16
    endloop
  endfacet
  facet normal 0.997886 -0.0649832 0
    outer loop
      vertex 118.987 5.60747 0
      vertex 118.936 4.82431 16
      vertex 118.936 4.82431 0
    endloop
  endfacet
  facet normal 0.659399 -0.751793 0
    outer loop
      vertex 114.609 -3.27115 0
      vertex 115.199 -2.75366 16
      vertex 114.609 -3.27115 16
    endloop
  endfacet
  facet normal 0.659399 -0.751793 0
    outer loop
      vertex 115.199 -2.75366 16
      vertex 114.609 -3.27115 0
      vertex 115.199 -2.75366 0
    endloop
  endfacet
  facet normal -0.258896 0.965905 0
    outer loop
      vertex 3.2766 94.6803 0
      vertex 2.51849 94.4771 16
      vertex 3.2766 94.6803 16
    endloop
  endfacet
  facet normal -0.258896 0.965905 0
    outer loop
      vertex 2.51849 94.4771 16
      vertex 3.2766 94.6803 0
      vertex 2.51849 94.4771 0
    endloop
  endfacet
  facet normal -0.321349 0.946961 0
    outer loop
      vertex 2.51849 94.4771 0
      vertex 1.7753 94.2249 16
      vertex 2.51849 94.4771 16
    endloop
  endfacet
  facet normal -0.321349 0.946961 0
    outer loop
      vertex 1.7753 94.2249 16
      vertex 2.51849 94.4771 0
      vertex 1.7753 94.2249 0
    endloop
  endfacet
  facet normal -0.608763 0.793352 0
    outer loop
      vertex -0.985992 92.7489 0
      vertex -1.60867 92.2711 16
      vertex -0.985992 92.7489 16
    endloop
  endfacet
  facet normal -0.608763 0.793352 0
    outer loop
      vertex -1.60867 92.2711 16
      vertex -0.985992 92.7489 0
      vertex -1.60867 92.2711 0
    endloop
  endfacet
  facet normal -0.659356 0.751831 0
    outer loop
      vertex -1.60867 92.2711 0
      vertex -2.19875 91.7536 16
      vertex -1.60867 92.2711 16
    endloop
  endfacet
  facet normal -0.659356 0.751831 0
    outer loop
      vertex -2.19875 91.7536 16
      vertex -1.60867 92.2711 0
      vertex -2.19875 91.7536 0
    endloop
  endfacet
  facet normal -0.555628 0.831431 0
    outer loop
      vertex -0.33342 93.185 0
      vertex -0.985992 92.7489 16
      vertex -0.33342 93.185 16
    endloop
  endfacet
  facet normal -0.555628 0.831431 0
    outer loop
      vertex -0.985992 92.7489 16
      vertex -0.33342 93.185 0
      vertex -0.985992 92.7489 0
    endloop
  endfacet
  facet normal -0.923887 0.382666 0
    outer loop
      vertex -5.22488 87.2247 0
      vertex -4.92455 87.9498 16
      vertex -4.92455 87.9498 0
    endloop
  endfacet
  facet normal -0.923887 0.382666 0
    outer loop
      vertex -4.92455 87.9498 16
      vertex -5.22488 87.2247 0
      vertex -5.22488 87.2247 16
    endloop
  endfacet
  facet normal -0.946931 0.321437 0
    outer loop
      vertex -5.47716 86.4815 0
      vertex -5.22488 87.2247 16
      vertex -5.22488 87.2247 0
    endloop
  endfacet
  facet normal -0.946931 0.321437 0
    outer loop
      vertex -5.22488 87.2247 16
      vertex -5.47716 86.4815 0
      vertex -5.47716 86.4815 16
    endloop
  endfacet
  facet normal -0.793381 0.608726 0
    outer loop
      vertex -3.74892 89.986 0
      vertex -3.27115 90.6087 16
      vertex -3.27115 90.6087 0
    endloop
  endfacet
  facet normal -0.793381 0.608726 0
    outer loop
      vertex -3.27115 90.6087 16
      vertex -3.74892 89.986 0
      vertex -3.74892 89.986 16
    endloop
  endfacet
  facet normal -0.831444 0.555608 0
    outer loop
      vertex -4.18495 89.3335 0
      vertex -3.74892 89.986 16
      vertex -3.74892 89.986 0
    endloop
  endfacet
  facet normal -0.831444 0.555608 0
    outer loop
      vertex -3.74892 89.986 16
      vertex -4.18495 89.3335 0
      vertex -4.18495 89.3335 16
    endloop
  endfacet
  facet normal -0.997859 -0.0654018 0
    outer loop
      vertex -5.93582 4.82443 0
      vertex -5.98715 5.60759 16
      vertex -5.98715 5.60759 0
    endloop
  endfacet
  facet normal -0.997859 -0.0654018 0
    outer loop
      vertex -5.98715 5.60759 16
      vertex -5.93582 4.82443 0
      vertex -5.93582 4.82443 16
    endloop
  endfacet
  facet normal -0.831472 -0.555566 0
    outer loop
      vertex -3.74895 -0.985992 0
      vertex -4.18498 -0.33342 16
      vertex -4.18498 -0.33342 0
    endloop
  endfacet
  facet normal -0.831472 -0.555566 0
    outer loop
      vertex -4.18498 -0.33342 16
      vertex -3.74895 -0.985992 0
      vertex -3.74895 -0.985992 16
    endloop
  endfacet
  facet normal -0.793352 -0.608763 0
    outer loop
      vertex -3.27115 -1.60867 0
      vertex -3.74895 -0.985992 16
      vertex -3.74895 -0.985992 0
    endloop
  endfacet
  facet normal -0.793352 -0.608763 0
    outer loop
      vertex -3.74895 -0.985992 16
      vertex -3.27115 -1.60867 0
      vertex -3.27115 -1.60867 16
    endloop
  endfacet
  facet normal -0.999464 -0.0327288 0
    outer loop
      vertex -5.98715 5.60759 0
      vertex -6 6 16
      vertex -6 6 0
    endloop
  endfacet
  facet normal -0.999464 -0.0327288 0
    outer loop
      vertex -6 6 16
      vertex -5.98715 5.60759 0
      vertex -5.98715 5.60759 16
    endloop
  endfacet
  facet normal -0.500001 -0.866025 0
    outer loop
      vertex -0.33342 -4.18498 0
      vertex 0.346252 -4.57739 16
      vertex -0.33342 -4.18498 16
    endloop
  endfacet
  facet normal -0.500001 -0.866025 -0
    outer loop
      vertex 0.346252 -4.57739 16
      vertex -0.33342 -4.18498 0
      vertex 0.346252 -4.57739 0
    endloop
  endfacet
  facet normal -0.382682 -0.92388 0
    outer loop
      vertex 1.05014 -4.92451 0
      vertex 1.7753 -5.22488 16
      vertex 1.05014 -4.92451 16
    endloop
  endfacet
  facet normal -0.382682 -0.92388 -0
    outer loop
      vertex 1.7753 -5.22488 16
      vertex 1.05014 -4.92451 0
      vertex 1.7753 -5.22488 0
    endloop
  endfacet
  facet normal -0.44229 -0.896872 0
    outer loop
      vertex 0.346252 -4.57739 0
      vertex 1.05014 -4.92451 16
      vertex 0.346252 -4.57739 16
    endloop
  endfacet
  facet normal -0.44229 -0.896872 -0
    outer loop
      vertex 1.05014 -4.92451 16
      vertex 0.346252 -4.57739 0
      vertex 1.05014 -4.92451 0
    endloop
  endfacet
  facet normal -0.0654018 -0.997859 0
    outer loop
      vertex 4.82443 -5.93582 0
      vertex 5.60759 -5.98715 16
      vertex 4.82443 -5.93582 16
    endloop
  endfacet
  facet normal -0.0654018 -0.997859 -0
    outer loop
      vertex 5.60759 -5.98715 16
      vertex 4.82443 -5.93582 0
      vertex 5.60759 -5.98715 0
    endloop
  endfacet
  facet normal -0.258801 -0.965931 0
    outer loop
      vertex 2.51849 -5.47716 0
      vertex 3.2766 -5.68028 16
      vertex 2.51849 -5.47716 16
    endloop
  endfacet
  facet normal -0.258801 -0.965931 -0
    outer loop
      vertex 3.2766 -5.68028 16
      vertex 2.51849 -5.47716 0
      vertex 3.2766 -5.68028 0
    endloop
  endfacet
  facet normal 0.659406 0.751787 -0
    outer loop
      vertex 115.199 91.7536 0
      vertex 114.609 92.2711 16
      vertex 115.199 91.7536 16
    endloop
  endfacet
  facet normal 0.659406 0.751787 0
    outer loop
      vertex 114.609 92.2711 16
      vertex 115.199 91.7536 0
      vertex 114.609 92.2711 0
    endloop
  endfacet
  facet normal 0.831462 0.555582 0
    outer loop
      vertex 117.185 89.3335 16
      vertex 116.749 89.986 0
      vertex 116.749 89.986 16
    endloop
  endfacet
  facet normal 0.831462 0.555582 0
    outer loop
      vertex 116.749 89.986 0
      vertex 117.185 89.3335 16
      vertex 117.185 89.3335 0
    endloop
  endfacet
  facet normal 0.752147 -0.658995 0
    outer loop
      vertex 115.754 -2.19875 16
      vertex 116.271 -1.60867 0
      vertex 116.271 -1.60867 16
    endloop
  endfacet
  facet normal 0.752147 -0.658995 0
    outer loop
      vertex 116.271 -1.60867 0
      vertex 115.754 -2.19875 16
      vertex 115.754 -2.19875 0
    endloop
  endfacet
  facet normal 0.793229 -0.608924 0
    outer loop
      vertex 116.271 -1.60867 16
      vertex 116.749 -0.985992 0
      vertex 116.749 -0.985992 16
    endloop
  endfacet
  facet normal 0.793229 -0.608924 0
    outer loop
      vertex 116.749 -0.985992 0
      vertex 116.271 -1.60867 16
      vertex 116.271 -1.60867 0
    endloop
  endfacet
  facet normal 0.923596 -0.383367 0
    outer loop
      vertex 117.924 1.05014 16
      vertex 118.225 1.7753 0
      vertex 118.225 1.7753 16
    endloop
  endfacet
  facet normal 0.923596 -0.383367 0
    outer loop
      vertex 118.225 1.7753 0
      vertex 117.924 1.05014 16
      vertex 117.924 1.05014 0
    endloop
  endfacet
  facet normal 0.555314 -0.831641 0
    outer loop
      vertex 113.333 -4.18495 0
      vertex 113.986 -3.74892 16
      vertex 113.333 -4.18495 16
    endloop
  endfacet
  facet normal 0.555314 -0.831641 0
    outer loop
      vertex 113.986 -3.74892 16
      vertex 113.333 -4.18495 0
      vertex 113.986 -3.74892 0
    endloop
  endfacet
  facet normal 0.500429 -0.865777 0
    outer loop
      vertex 112.654 -4.57742 0
      vertex 113.333 -4.18495 16
      vertex 112.654 -4.57742 16
    endloop
  endfacet
  facet normal 0.500429 -0.865777 0
    outer loop
      vertex 113.333 -4.18495 16
      vertex 112.654 -4.57742 0
      vertex 113.333 -4.18495 0
    endloop
  endfacet
  facet normal 0.608541 -0.793522 0
    outer loop
      vertex 113.986 -3.74892 0
      vertex 114.609 -3.27115 16
      vertex 113.986 -3.74892 16
    endloop
  endfacet
  facet normal 0.608541 -0.793522 0
    outer loop
      vertex 114.609 -3.27115 16
      vertex 113.986 -3.74892 0
      vertex 114.609 -3.27115 0
    endloop
  endfacet
  facet normal 0.442243 -0.896895 0
    outer loop
      vertex 111.95 -4.92455 0
      vertex 112.654 -4.57742 16
      vertex 111.95 -4.92455 16
    endloop
  endfacet
  facet normal 0.442243 -0.896895 0
    outer loop
      vertex 112.654 -4.57742 16
      vertex 111.95 -4.92455 0
      vertex 112.654 -4.57742 0
    endloop
  endfacet
  facet normal 0.19527 -0.98075 0
    outer loop
      vertex 108.954 -5.83339 0
      vertex 109.723 -5.68028 16
      vertex 108.954 -5.83339 16
    endloop
  endfacet
  facet normal 0.19527 -0.98075 0
    outer loop
      vertex 109.723 -5.68028 16
      vertex 108.954 -5.83339 0
      vertex 109.723 -5.68028 0
    endloop
  endfacet
  facet normal -0.195072 0.980789 0
    outer loop
      vertex 4.04636 94.8334 0
      vertex 3.2766 94.6803 16
      vertex 4.04636 94.8334 16
    endloop
  endfacet
  facet normal -0.195072 0.980789 0
    outer loop
      vertex 3.2766 94.6803 16
      vertex 4.04636 94.8334 0
      vertex 3.2766 94.6803 0
    endloop
  endfacet
  facet normal -0.130502 0.991448 0
    outer loop
      vertex 4.82431 94.9358 0
      vertex 4.04636 94.8334 16
      vertex 4.82431 94.9358 16
    endloop
  endfacet
  facet normal -0.130502 0.991448 0
    outer loop
      vertex 4.04636 94.8334 16
      vertex 4.82431 94.9358 0
      vertex 4.04636 94.8334 0
    endloop
  endfacet
  facet normal -0.499992 0.86603 0
    outer loop
      vertex 0.346252 93.5774 0
      vertex -0.33342 93.185 16
      vertex 0.346252 93.5774 16
    endloop
  endfacet
  facet normal -0.499992 0.86603 0
    outer loop
      vertex -0.33342 93.185 16
      vertex 0.346252 93.5774 0
      vertex -0.33342 93.185 0
    endloop
  endfacet
  facet normal -0.96593 0.258804 0
    outer loop
      vertex -5.68028 85.7234 0
      vertex -5.47716 86.4815 16
      vertex -5.47716 86.4815 0
    endloop
  endfacet
  facet normal -0.96593 0.258804 0
    outer loop
      vertex -5.47716 86.4815 16
      vertex -5.68028 85.7234 0
      vertex -5.68028 85.7234 16
    endloop
  endfacet
  facet normal -0.866032 0.499988 0
    outer loop
      vertex -4.57742 88.6537 0
      vertex -4.18495 89.3335 16
      vertex -4.18495 89.3335 0
    endloop
  endfacet
  facet normal -0.866032 0.499988 0
    outer loop
      vertex -4.18495 89.3335 16
      vertex -4.57742 88.6537 0
      vertex -4.57742 88.6537 16
    endloop
  endfacet
  facet normal -0.751793 0.659399 0
    outer loop
      vertex -3.27115 90.6087 0
      vertex -2.75366 91.1987 16
      vertex -2.75366 91.1987 0
    endloop
  endfacet
  facet normal -0.751793 0.659399 0
    outer loop
      vertex -2.75366 91.1987 16
      vertex -3.27115 90.6087 0
      vertex -3.27115 90.6087 16
    endloop
  endfacet
  facet normal -0.991446 -0.13052 0
    outer loop
      vertex -5.83339 4.04636 0
      vertex -5.93582 4.82443 16
      vertex -5.93582 4.82443 0
    endloop
  endfacet
  facet normal -0.991446 -0.13052 0
    outer loop
      vertex -5.93582 4.82443 16
      vertex -5.83339 4.04636 0
      vertex -5.83339 4.04636 16
    endloop
  endfacet
  facet normal -0.92388 -0.382682 0
    outer loop
      vertex -4.92451 1.05014 0
      vertex -5.22488 1.7753 16
      vertex -5.22488 1.7753 0
    endloop
  endfacet
  facet normal -0.92388 -0.382682 0
    outer loop
      vertex -5.22488 1.7753 16
      vertex -4.92451 1.05014 0
      vertex -4.92451 1.05014 16
    endloop
  endfacet
  facet normal -0.896872 -0.44229 0
    outer loop
      vertex -4.57739 0.346252 0
      vertex -4.92451 1.05014 16
      vertex -4.92451 1.05014 0
    endloop
  endfacet
  facet normal -0.896872 -0.44229 0
    outer loop
      vertex -4.92451 1.05014 16
      vertex -4.57739 0.346252 0
      vertex -4.57739 0.346252 16
    endloop
  endfacet
  facet normal -0.866025 -0.500001 0
    outer loop
      vertex -4.18498 -0.33342 0
      vertex -4.57739 0.346252 16
      vertex -4.57739 0.346252 0
    endloop
  endfacet
  facet normal -0.866025 -0.500001 0
    outer loop
      vertex -4.57739 0.346252 16
      vertex -4.18498 -0.33342 0
      vertex -4.18498 -0.33342 16
    endloop
  endfacet
  facet normal -0.751837 -0.659349 0
    outer loop
      vertex -2.75366 -2.19875 0
      vertex -3.27115 -1.60867 16
      vertex -3.27115 -1.60867 0
    endloop
  endfacet
  facet normal -0.751837 -0.659349 0
    outer loop
      vertex -3.27115 -1.60867 16
      vertex -2.75366 -2.19875 0
      vertex -2.75366 -2.19875 16
    endloop
  endfacet
  facet normal -0.555566 -0.831472 0
    outer loop
      vertex -0.985992 -3.74895 0
      vertex -0.33342 -4.18498 16
      vertex -0.985992 -3.74895 16
    endloop
  endfacet
  facet normal -0.555566 -0.831472 -0
    outer loop
      vertex -0.33342 -4.18498 16
      vertex -0.985992 -3.74895 0
      vertex -0.33342 -4.18498 0
    endloop
  endfacet
  facet normal 0.442212 0.89691 -0
    outer loop
      vertex 112.654 93.5774 0
      vertex 111.95 93.9245 16
      vertex 112.654 93.5774 16
    endloop
  endfacet
  facet normal 0.442212 0.89691 0
    outer loop
      vertex 111.95 93.9245 16
      vertex 112.654 93.5774 0
      vertex 111.95 93.9245 0
    endloop
  endfacet
  facet normal 0.065504 0.997852 -0
    outer loop
      vertex 108.176 94.9358 0
      vertex 107.393 94.9872 16
      vertex 108.176 94.9358 16
    endloop
  endfacet
  facet normal 0.065504 0.997852 0
    outer loop
      vertex 107.393 94.9872 16
      vertex 108.176 94.9358 0
      vertex 107.393 94.9872 0
    endloop
  endfacet
  facet normal 0.258931 0.965896 -0
    outer loop
      vertex 110.481 94.4771 0
      vertex 109.723 94.6803 16
      vertex 110.481 94.4771 16
    endloop
  endfacet
  facet normal 0.258931 0.965896 0
    outer loop
      vertex 109.723 94.6803 16
      vertex 110.481 94.4771 0
      vertex 109.723 94.6803 0
    endloop
  endfacet
  facet normal 0.924035 0.382307 0
    outer loop
      vertex 118.225 87.2247 16
      vertex 117.925 87.9498 0
      vertex 117.925 87.9498 16
    endloop
  endfacet
  facet normal 0.924035 0.382307 0
    outer loop
      vertex 117.925 87.9498 0
      vertex 118.225 87.2247 16
      vertex 118.225 87.2247 0
    endloop
  endfacet
  facet normal 0.89643 0.443185 0
    outer loop
      vertex 117.925 87.9498 16
      vertex 117.577 88.6537 0
      vertex 117.577 88.6537 16
    endloop
  endfacet
  facet normal 0.89643 0.443185 0
    outer loop
      vertex 117.577 88.6537 0
      vertex 117.925 87.9498 16
      vertex 117.925 87.9498 0
    endloop
  endfacet
  facet normal 0.793239 0.60891 0
    outer loop
      vertex 116.749 89.986 16
      vertex 116.271 90.6087 0
      vertex 116.271 90.6087 16
    endloop
  endfacet
  facet normal 0.793239 0.60891 0
    outer loop
      vertex 116.271 90.6087 0
      vertex 116.749 89.986 16
      vertex 116.749 89.986 0
    endloop
  endfacet
  facet normal 0.866292 0.499539 0
    outer loop
      vertex 117.577 88.6537 16
      vertex 117.185 89.3335 0
      vertex 117.185 89.3335 16
    endloop
  endfacet
  facet normal 0.866292 0.499539 0
    outer loop
      vertex 117.185 89.3335 0
      vertex 117.577 88.6537 16
      vertex 117.577 88.6537 0
    endloop
  endfacet
  facet normal 0.866251 -0.499609 0
    outer loop
      vertex 117.185 -0.33342 16
      vertex 117.577 0.346252 0
      vertex 117.577 0.346252 16
    endloop
  endfacet
  facet normal 0.866251 -0.499609 0
    outer loop
      vertex 117.577 0.346252 0
      vertex 117.185 -0.33342 16
      vertex 117.185 -0.33342 0
    endloop
  endfacet
  facet normal 0.896933 -0.442167 0
    outer loop
      vertex 117.577 0.346252 16
      vertex 117.924 1.05014 0
      vertex 117.924 1.05014 16
    endloop
  endfacet
  facet normal 0.896933 -0.442167 0
    outer loop
      vertex 117.924 1.05014 0
      vertex 117.577 0.346252 16
      vertex 117.577 0.346252 0
    endloop
  endfacet
  facet normal 0.947038 -0.321121 0
    outer loop
      vertex 118.225 1.7753 16
      vertex 118.477 2.51849 0
      vertex 118.477 2.51849 16
    endloop
  endfacet
  facet normal 0.947038 -0.321121 0
    outer loop
      vertex 118.477 2.51849 0
      vertex 118.225 1.7753 16
      vertex 118.225 1.7753 0
    endloop
  endfacet
  facet normal 0.980813 -0.19495 0
    outer loop
      vertex 118.68 3.2766 16
      vertex 118.833 4.04636 0
      vertex 118.833 4.04636 16
    endloop
  endfacet
  facet normal 0.980813 -0.19495 0
    outer loop
      vertex 118.833 4.04636 0
      vertex 118.68 3.2766 16
      vertex 118.68 3.2766 0
    endloop
  endfacet
  facet normal 0.707049 -0.707164 0
    outer loop
      vertex 115.199 -2.75366 16
      vertex 115.754 -2.19875 0
      vertex 115.754 -2.19875 16
    endloop
  endfacet
  facet normal 0.707049 -0.707164 0
    outer loop
      vertex 115.754 -2.19875 0
      vertex 115.199 -2.75366 16
      vertex 115.199 -2.75366 0
    endloop
  endfacet
  facet normal 0.321127 -0.947036 0
    outer loop
      vertex 110.481 -5.47716 0
      vertex 111.225 -5.22488 16
      vertex 110.481 -5.47716 16
    endloop
  endfacet
  facet normal 0.321127 -0.947036 0
    outer loop
      vertex 111.225 -5.22488 16
      vertex 110.481 -5.47716 0
      vertex 111.225 -5.22488 0
    endloop
  endfacet
  facet normal 0.258836 -0.965921 0
    outer loop
      vertex 109.723 -5.68028 0
      vertex 110.481 -5.47716 16
      vertex 109.723 -5.68028 16
    endloop
  endfacet
  facet normal 0.258836 -0.965921 0
    outer loop
      vertex 110.481 -5.47716 16
      vertex 109.723 -5.68028 0
      vertex 110.481 -5.47716 0
    endloop
  endfacet
  facet normal -0.382715 0.923867 0
    outer loop
      vertex 1.7753 94.2249 0
      vertex 1.05014 93.9245 16
      vertex 1.7753 94.2249 16
    endloop
  endfacet
  facet normal -0.382715 0.923867 0
    outer loop
      vertex 1.05014 93.9245 16
      vertex 1.7753 94.2249 0
      vertex 1.05014 93.9245 0
    endloop
  endfacet
  facet normal -0.980788 0.195075 0
    outer loop
      vertex -5.83339 84.9536 0
      vertex -5.68028 85.7234 16
      vertex -5.68028 85.7234 0
    endloop
  endfacet
  facet normal -0.980788 0.195075 0
    outer loop
      vertex -5.68028 85.7234 16
      vertex -5.83339 84.9536 0
      vertex -5.83339 84.9536 16
    endloop
  endfacet
  facet normal -0.980786 -0.195084 0
    outer loop
      vertex -5.68028 3.2766 0
      vertex -5.83339 4.04636 16
      vertex -5.83339 4.04636 0
    endloop
  endfacet
  facet normal -0.980786 -0.195084 0
    outer loop
      vertex -5.83339 4.04636 16
      vertex -5.68028 3.2766 0
      vertex -5.68028 3.2766 16
    endloop
  endfacet
  facet normal -0.94693 -0.321441 0
    outer loop
      vertex -5.22488 1.7753 0
      vertex -5.47716 2.51849 16
      vertex -5.47716 2.51849 0
    endloop
  endfacet
  facet normal -0.94693 -0.321441 0
    outer loop
      vertex -5.47716 2.51849 16
      vertex -5.22488 1.7753 0
      vertex -5.22488 1.7753 16
    endloop
  endfacet
  facet normal -0.707107 -0.707107 0
    outer loop
      vertex -2.19875 -2.75366 0
      vertex -2.75366 -2.19875 16
      vertex -2.75366 -2.19875 0
    endloop
  endfacet
  facet normal -0.707107 -0.707107 0
    outer loop
      vertex -2.75366 -2.19875 16
      vertex -2.19875 -2.75366 0
      vertex -2.19875 -2.75366 16
    endloop
  endfacet
  facet normal 0.980815 0.19494 0
    outer loop
      vertex 118.833 84.9536 16
      vertex 118.68 85.7234 0
      vertex 118.68 85.7234 16
    endloop
  endfacet
  facet normal 0.980815 0.19494 0
    outer loop
      vertex 118.68 85.7234 0
      vertex 118.833 84.9536 16
      vertex 118.833 84.9536 0
    endloop
  endfacet
  facet normal 0.991348 0.131262 0
    outer loop
      vertex 118.936 84.1757 16
      vertex 118.833 84.9536 0
      vertex 118.833 84.9536 16
    endloop
  endfacet
  facet normal 0.991348 0.131262 0
    outer loop
      vertex 118.833 84.9536 0
      vertex 118.936 84.1757 16
      vertex 118.936 84.1757 0
    endloop
  endfacet
  facet normal 0.997887 0.0649798 0
    outer loop
      vertex 118.987 83.3925 16
      vertex 118.936 84.1757 0
      vertex 118.936 84.1757 16
    endloop
  endfacet
  facet normal 0.997887 0.0649798 0
    outer loop
      vertex 118.936 84.1757 0
      vertex 118.987 83.3925 16
      vertex 118.987 83.3925 0
    endloop
  endfacet
  facet normal 0.94704 0.321117 0
    outer loop
      vertex 118.477 86.4815 16
      vertex 118.225 87.2247 0
      vertex 118.225 87.2247 16
    endloop
  endfacet
  facet normal 0.94704 0.321117 0
    outer loop
      vertex 118.225 87.2247 0
      vertex 118.477 86.4815 16
      vertex 118.477 86.4815 0
    endloop
  endfacet
  facet normal 0.965969 -0.258659 0
    outer loop
      vertex 118.477 2.51849 16
      vertex 118.68 3.2766 0
      vertex 118.68 3.2766 16
    endloop
  endfacet
  facet normal 0.965969 -0.258659 0
    outer loop
      vertex 118.68 3.2766 0
      vertex 118.477 2.51849 16
      vertex 118.477 2.51849 0
    endloop
  endfacet
  facet normal 0.991349 -0.131254 0
    outer loop
      vertex 118.833 4.04636 16
      vertex 118.936 4.82431 0
      vertex 118.936 4.82431 16
    endloop
  endfacet
  facet normal 0.991349 -0.131254 0
    outer loop
      vertex 118.936 4.82431 0
      vertex 118.833 4.04636 16
      vertex 118.833 4.04636 0
    endloop
  endfacet
  facet normal 0.382711 -0.923868 0
    outer loop
      vertex 111.225 -5.22488 0
      vertex 111.95 -4.92455 16
      vertex 111.225 -5.22488 16
    endloop
  endfacet
  facet normal 0.382711 -0.923868 0
    outer loop
      vertex 111.95 -4.92455 16
      vertex 111.225 -5.22488 0
      vertex 111.95 -4.92455 0
    endloop
  endfacet
  facet normal 0 0 1
    outer loop
      vertex 113.957 82.7838 16
      vertex 119 83 16
      vertex 118.987 83.3925 16
    endloop
  endfacet
  facet normal 0 0 1
    outer loop
      vertex 119 83 16
      vertex 114 82 16
      vertex 119 6 16
    endloop
  endfacet
  facet normal 0 0 1
    outer loop
      vertex 113.889 83.3025 16
      vertex 118.987 83.3925 16
      vertex 118.936 84.1757 16
    endloop
  endfacet
  facet normal -0 0 1
    outer loop
      vertex 114 7 16
      vertex 119 6 16
      vertex 114 82 16
    endloop
  endfacet
  facet normal 0 0 1
    outer loop
      vertex 113.787 83.8157 16
      vertex 118.936 84.1757 16
      vertex 118.833 84.9536 16
    endloop
  endfacet
  facet normal -0 0 1
    outer loop
      vertex 113.991 6.73836 16
      vertex 119 6 16
      vertex 114 7 16
    endloop
  endfacet
  facet normal 0 0 1
    outer loop
      vertex 113.651 84.321 16
      vertex 118.833 84.9536 16
      vertex 118.68 85.7234 16
    endloop
  endfacet
  facet normal -0 0 1
    outer loop
      vertex 113.957 6.21625 16
      vertex 119 6 16
      vertex 113.991 6.73836 16
    endloop
  endfacet
  facet normal 0 0 1
    outer loop
      vertex 113.651 84.321 16
      vertex 118.68 85.7234 16
      vertex 118.477 86.4815 16
    endloop
  endfacet
  facet normal 0 0 1
    outer loop
      vertex 119 6 16
      vertex 113.957 6.21625 16
      vertex 118.987 5.60747 16
    endloop
  endfacet
  facet normal 0 0 1
    outer loop
      vertex 113.483 84.8165 16
      vertex 118.477 86.4815 16
      vertex 118.225 87.2247 16
    endloop
  endfacet
  facet normal -0 0 1
    outer loop
      vertex 113.889 5.69748 16
      vertex 118.987 5.60747 16
      vertex 113.957 6.21625 16
    endloop
  endfacet
  facet normal 0 0 1
    outer loop
      vertex 113.283 85.2999 16
      vertex 118.225 87.2247 16
      vertex 117.925 87.9498 16
    endloop
  endfacet
  facet normal 0 0 1
    outer loop
      vertex 118.987 5.60747 16
      vertex 113.889 5.69748 16
      vertex 118.936 4.82431 16
    endloop
  endfacet
  facet normal 0 0 1
    outer loop
      vertex 113.052 85.7691 16
      vertex 117.925 87.9498 16
      vertex 117.577 88.6537 16
    endloop
  endfacet
  facet normal -0 0 1
    outer loop
      vertex 113.787 5.18431 16
      vertex 118.936 4.82431 16
      vertex 113.889 5.69748 16
    endloop
  endfacet
  facet normal -0 0 1
    outer loop
      vertex 113.651 4.679 16
      vertex 118.833 4.04636 16
      vertex 113.787 5.18431 16
    endloop
  endfacet
  facet normal 0 0 1
    outer loop
      vertex 112.79 86.2223 16
      vertex 117.577 88.6537 16
      vertex 117.185 89.3335 16
    endloop
  endfacet
  facet normal 0 0 1
    outer loop
      vertex 118.833 4.04636 16
      vertex 113.651 4.679 16
      vertex 118.68 3.2766 16
    endloop
  endfacet
  facet normal 0 0 1
    outer loop
      vertex 112.499 86.6574 16
      vertex 117.185 89.3335 16
      vertex 116.749 89.986 16
    endloop
  endfacet
  facet normal 0 0 1
    outer loop
      vertex 112.181 87.0725 16
      vertex 116.749 89.986 16
      vertex 116.271 90.6087 16
    endloop
  endfacet
  facet normal 0 0 1
    outer loop
      vertex 118.936 4.82431 16
      vertex 113.787 5.18431 16
      vertex 118.833 4.04636 16
    endloop
  endfacet
  facet normal 0 0 1
    outer loop
      vertex 111.836 87.4658 16
      vertex 116.271 90.6087 16
      vertex 115.754 91.1987 16
    endloop
  endfacet
  facet normal 0 0 1
    outer loop
      vertex 118.68 3.2766 16
      vertex 113.651 4.679 16
      vertex 118.477 2.51849 16
    endloop
  endfacet
  facet normal 0 0 1
    outer loop
      vertex 111.836 87.4658 16
      vertex 115.754 91.1987 16
      vertex 115.199 91.7536 16
    endloop
  endfacet
  facet normal -0 0 1
    outer loop
      vertex 113.483 4.18353 16
      vertex 118.477 2.51849 16
      vertex 113.651 4.679 16
    endloop
  endfacet
  facet normal 0 0 1
    outer loop
      vertex 111.466 87.8357 16
      vertex 115.199 91.7536 16
      vertex 114.609 92.2711 16
    endloop
  endfacet
  facet normal 0 0 1
    outer loop
      vertex 118.477 2.51849 16
      vertex 113.483 4.18353 16
      vertex 118.225 1.7753 16
    endloop
  endfacet
  facet normal -0 0 1
    outer loop
      vertex 113.283 3.70007 16
      vertex 118.225 1.7753 16
      vertex 113.483 4.18353 16
    endloop
  endfacet
  facet normal 0 0 1
    outer loop
      vertex 119 83 16
      vertex 113.991 82.2617 16
      vertex 114 82 16
    endloop
  endfacet
  facet normal 0 0 1
    outer loop
      vertex 111.072 88.1807 16
      vertex 114.609 92.2711 16
      vertex 113.986 92.7489 16
    endloop
  endfacet
  facet normal 0 0 1
    outer loop
      vertex 119 83 16
      vertex 113.957 82.7838 16
      vertex 113.991 82.2617 16
    endloop
  endfacet
  facet normal 0 0 1
    outer loop
      vertex 118.987 83.3925 16
      vertex 113.889 83.3025 16
      vertex 113.957 82.7838 16
    endloop
  endfacet
  facet normal 0 0 1
    outer loop
      vertex 118.936 84.1757 16
      vertex 113.787 83.8157 16
      vertex 113.889 83.3025 16
    endloop
  endfacet
  facet normal 0 0 1
    outer loop
      vertex 118.833 84.9536 16
      vertex 113.651 84.321 16
      vertex 113.787 83.8157 16
    endloop
  endfacet
  facet normal 0 0 1
    outer loop
      vertex 118.477 86.4815 16
      vertex 113.483 84.8165 16
      vertex 113.651 84.321 16
    endloop
  endfacet
  facet normal 0 0 1
    outer loop
      vertex 110.657 88.4993 16
      vertex 113.986 92.7489 16
      vertex 113.333 93.1849 16
    endloop
  endfacet
  facet normal 0 0 1
    outer loop
      vertex 118.225 87.2247 16
      vertex 113.283 85.2999 16
      vertex 113.483 84.8165 16
    endloop
  endfacet
  facet normal 0 0 1
    outer loop
      vertex 117.925 87.9498 16
      vertex 113.052 85.7691 16
      vertex 113.283 85.2999 16
    endloop
  endfacet
  facet normal 0 0 1
    outer loop
      vertex 117.577 88.6537 16
      vertex 112.79 86.2223 16
      vertex 113.052 85.7691 16
    endloop
  endfacet
  facet normal 0 0 1
    outer loop
      vertex 110.222 88.7899 16
      vertex 113.333 93.1849 16
      vertex 112.654 93.5774 16
    endloop
  endfacet
  facet normal 0 0 1
    outer loop
      vertex 117.185 89.3335 16
      vertex 112.499 86.6574 16
      vertex 112.79 86.2223 16
    endloop
  endfacet
  facet normal 0 0 1
    outer loop
      vertex 116.749 89.986 16
      vertex 112.181 87.0725 16
      vertex 112.499 86.6574 16
    endloop
  endfacet
  facet normal 0 0 1
    outer loop
      vertex 109.769 89.0516 16
      vertex 112.654 93.5774 16
      vertex 111.95 93.9245 16
    endloop
  endfacet
  facet normal 0 0 1
    outer loop
      vertex 116.271 90.6087 16
      vertex 111.836 87.4658 16
      vertex 112.181 87.0725 16
    endloop
  endfacet
  facet normal 0 0 1
    outer loop
      vertex 115.199 91.7536 16
      vertex 111.466 87.8357 16
      vertex 111.836 87.4658 16
    endloop
  endfacet
  facet normal 0 0 1
    outer loop
      vertex 109.3 89.283 16
      vertex 111.95 93.9245 16
      vertex 111.225 94.2249 16
    endloop
  endfacet
  facet normal 0 0 1
    outer loop
      vertex 114.609 92.2711 16
      vertex 111.072 88.1807 16
      vertex 111.466 87.8357 16
    endloop
  endfacet
  facet normal 0 0 1
    outer loop
      vertex 113.986 92.7489 16
      vertex 110.657 88.4993 16
      vertex 111.072 88.1807 16
    endloop
  endfacet
  facet normal 0 0 1
    outer loop
      vertex 108.816 89.4832 16
      vertex 111.225 94.2249 16
      vertex 110.481 94.4771 16
    endloop
  endfacet
  facet normal 0 0 1
    outer loop
      vertex 113.333 93.1849 16
      vertex 110.222 88.7899 16
      vertex 110.657 88.4993 16
    endloop
  endfacet
  facet normal 0 0 1
    outer loop
      vertex 112.654 93.5774 16
      vertex 109.769 89.0516 16
      vertex 110.222 88.7899 16
    endloop
  endfacet
  facet normal 0 0 1
    outer loop
      vertex 108.816 89.4832 16
      vertex 110.481 94.4771 16
      vertex 109.723 94.6803 16
    endloop
  endfacet
  facet normal 0 0 1
    outer loop
      vertex 111.95 93.9245 16
      vertex 109.3 89.283 16
      vertex 109.769 89.0516 16
    endloop
  endfacet
  facet normal 0 0 1
    outer loop
      vertex 108.321 89.6514 16
      vertex 109.723 94.6803 16
      vertex 108.954 94.8334 16
    endloop
  endfacet
  facet normal 0 0 1
    outer loop
      vertex 111.225 94.2249 16
      vertex 108.816 89.4832 16
      vertex 109.3 89.283 16
    endloop
  endfacet
  facet normal 0 0 1
    outer loop
      vertex 109.723 94.6803 16
      vertex 108.321 89.6514 16
      vertex 108.816 89.4832 16
    endloop
  endfacet
  facet normal 0 0 1
    outer loop
      vertex 107.816 89.7868 16
      vertex 108.954 94.8334 16
      vertex 108.176 94.9358 16
    endloop
  endfacet
  facet normal 0 0 1
    outer loop
      vertex 108.954 94.8334 16
      vertex 107.816 89.7868 16
      vertex 108.321 89.6514 16
    endloop
  endfacet
  facet normal 0 0 1
    outer loop
      vertex 107.303 89.8889 16
      vertex 108.176 94.9358 16
      vertex 107.393 94.9872 16
    endloop
  endfacet
  facet normal 0 0 1
    outer loop
      vertex 108.176 94.9358 16
      vertex 107.303 89.8889 16
      vertex 107.816 89.7868 16
    endloop
  endfacet
  facet normal 0 0 1
    outer loop
      vertex 106.784 89.9572 16
      vertex 107.393 94.9872 16
      vertex 107 95 16
    endloop
  endfacet
  facet normal 0 0 1
    outer loop
      vertex 107.393 94.9872 16
      vertex 106.784 89.9572 16
      vertex 107.303 89.8889 16
    endloop
  endfacet
  facet normal 0 0 1
    outer loop
      vertex 107 95 16
      vertex 106.262 89.9914 16
      vertex 106.784 89.9572 16
    endloop
  endfacet
  facet normal 0 0 1
    outer loop
      vertex 107 95 16
      vertex 106 90 16
      vertex 106.262 89.9914 16
    endloop
  endfacet
  facet normal 0 0 1
    outer loop
      vertex 107 95 16
      vertex 7 90 16
      vertex 106 90 16
    endloop
  endfacet
  facet normal -0 0 1
    outer loop
      vertex 6 95 16
      vertex 7 90 16
      vertex 107 95 16
    endloop
  endfacet
  facet normal 0 0 1
    outer loop
      vertex 7 90 16
      vertex 6 95 16
      vertex 6.73836 89.9914 16
    endloop
  endfacet
  facet normal 0 0 1
    outer loop
      vertex 6 95 16
      vertex 6.21625 89.9572 16
      vertex 6.73836 89.9914 16
    endloop
  endfacet
  facet normal -0 0 1
    outer loop
      vertex 5.60747 94.9872 16
      vertex 6.21625 89.9572 16
      vertex 6 95 16
    endloop
  endfacet
  facet normal 0 0 1
    outer loop
      vertex 6.21625 89.9572 16
      vertex 5.60747 94.9872 16
      vertex 5.69748 89.8889 16
    endloop
  endfacet
  facet normal -0 0 1
    outer loop
      vertex 4.82431 94.9358 16
      vertex 5.69748 89.8889 16
      vertex 5.60747 94.9872 16
    endloop
  endfacet
  facet normal 0 0 1
    outer loop
      vertex 5.69748 89.8889 16
      vertex 4.82431 94.9358 16
      vertex 5.18431 89.7868 16
    endloop
  endfacet
  facet normal -0 0 1
    outer loop
      vertex 4.04636 94.8334 16
      vertex 5.18431 89.7868 16
      vertex 4.82431 94.9358 16
    endloop
  endfacet
  facet normal 0 0 1
    outer loop
      vertex 5.18431 89.7868 16
      vertex 4.04636 94.8334 16
      vertex 4.679 89.6514 16
    endloop
  endfacet
  facet normal -0 0 1
    outer loop
      vertex 3.2766 94.6803 16
      vertex 4.679 89.6514 16
      vertex 4.04636 94.8334 16
    endloop
  endfacet
  facet normal 0 0 1
    outer loop
      vertex 4.679 89.6514 16
      vertex 3.2766 94.6803 16
      vertex 4.18353 89.4832 16
    endloop
  endfacet
  facet normal -0 0 1
    outer loop
      vertex 2.51849 94.4771 16
      vertex 4.18353 89.4832 16
      vertex 3.2766 94.6803 16
    endloop
  endfacet
  facet normal -0 0 1
    outer loop
      vertex 1.7753 94.2249 16
      vertex 4.18353 89.4832 16
      vertex 2.51849 94.4771 16
    endloop
  endfacet
  facet normal 0 0 1
    outer loop
      vertex 4.18353 89.4832 16
      vertex 1.7753 94.2249 16
      vertex 3.70007 89.283 16
    endloop
  endfacet
  facet normal -0 0 1
    outer loop
      vertex 1.05014 93.9245 16
      vertex 3.70007 89.283 16
      vertex 1.7753 94.2249 16
    endloop
  endfacet
  facet normal 0 0 1
    outer loop
      vertex 3.70007 89.283 16
      vertex 1.05014 93.9245 16
      vertex 3.23082 89.0516 16
    endloop
  endfacet
  facet normal -0 0 1
    outer loop
      vertex 0.346252 93.5774 16
      vertex 3.23082 89.0516 16
      vertex 1.05014 93.9245 16
    endloop
  endfacet
  facet normal 0 0 1
    outer loop
      vertex 3.23082 89.0516 16
      vertex 0.346252 93.5774 16
      vertex 2.77773 88.79 16
    endloop
  endfacet
  facet normal -0 0 1
    outer loop
      vertex -0.33342 93.185 16
      vertex 2.77773 88.79 16
      vertex 0.346252 93.5774 16
    endloop
  endfacet
  facet normal 0 0 1
    outer loop
      vertex 2.77773 88.79 16
      vertex -0.33342 93.185 16
      vertex 2.34267 88.4993 16
    endloop
  endfacet
  facet normal -0 0 1
    outer loop
      vertex -0.985992 92.7489 16
      vertex 2.34267 88.4993 16
      vertex -0.33342 93.185 16
    endloop
  endfacet
  facet normal 0 0 1
    outer loop
      vertex 2.34267 88.4993 16
      vertex -0.985992 92.7489 16
      vertex 1.92752 88.1807 16
    endloop
  endfacet
  facet normal -0 0 1
    outer loop
      vertex -1.60867 92.2711 16
      vertex 1.92752 88.1807 16
      vertex -0.985992 92.7489 16
    endloop
  endfacet
  facet normal 0 0 1
    outer loop
      vertex 1.92752 88.1807 16
      vertex -1.60867 92.2711 16
      vertex 1.53415 87.8357 16
    endloop
  endfacet
  facet normal -0 0 1
    outer loop
      vertex -2.19875 91.7536 16
      vertex 1.53415 87.8357 16
      vertex -1.60867 92.2711 16
    endloop
  endfacet
  facet normal 0 0 1
    outer loop
      vertex 1.53415 87.8357 16
      vertex -2.19875 91.7536 16
      vertex 1.16425 87.4658 16
    endloop
  endfacet
  facet normal -0 0 1
    outer loop
      vertex -2.75366 91.1987 16
      vertex 1.16425 87.4658 16
      vertex -2.19875 91.7536 16
    endloop
  endfacet
  facet normal -0 0 1
    outer loop
      vertex -3.27115 90.6087 16
      vertex 1.16425 87.4658 16
      vertex -2.75366 91.1987 16
    endloop
  endfacet
  facet normal 0 0 1
    outer loop
      vertex 1.16425 87.4658 16
      vertex -3.27115 90.6087 16
      vertex 0.81926 87.0725 16
    endloop
  endfacet
  facet normal -0 0 1
    outer loop
      vertex -3.74892 89.986 16
      vertex 0.81926 87.0725 16
      vertex -3.27115 90.6087 16
    endloop
  endfacet
  facet normal 0 0 1
    outer loop
      vertex 0.81926 87.0725 16
      vertex -3.74892 89.986 16
      vertex 0.500732 86.6574 16
    endloop
  endfacet
  facet normal -0 0 1
    outer loop
      vertex -4.18495 89.3335 16
      vertex 0.500732 86.6574 16
      vertex -3.74892 89.986 16
    endloop
  endfacet
  facet normal 0 0 1
    outer loop
      vertex 0.500732 86.6574 16
      vertex -4.18495 89.3335 16
      vertex 0.210037 86.2223 16
    endloop
  endfacet
  facet normal -0 0 1
    outer loop
      vertex -4.57742 88.6537 16
      vertex 0.210037 86.2223 16
      vertex -4.18495 89.3335 16
    endloop
  endfacet
  facet normal 0 0 1
    outer loop
      vertex 0.210037 86.2223 16
      vertex -4.57742 88.6537 16
      vertex -0.0516052 85.7691 16
    endloop
  endfacet
  facet normal -0 0 1
    outer loop
      vertex -4.92455 87.9498 16
      vertex -0.0516052 85.7691 16
      vertex -4.57742 88.6537 16
    endloop
  endfacet
  facet normal -0 0 1
    outer loop
      vertex -5.22488 87.2247 16
      vertex -0.28302 85.2999 16
      vertex -4.92455 87.9498 16
    endloop
  endfacet
  facet normal 0 0 1
    outer loop
      vertex -0.0516052 85.7691 16
      vertex -4.92455 87.9498 16
      vertex -0.28302 85.2999 16
    endloop
  endfacet
  facet normal 0 0 1
    outer loop
      vertex 118.225 1.7753 16
      vertex 113.283 3.70007 16
      vertex 117.924 1.05014 16
    endloop
  endfacet
  facet normal -0 0 1
    outer loop
      vertex 113.052 3.23082 16
      vertex 117.924 1.05014 16
      vertex 113.283 3.70007 16
    endloop
  endfacet
  facet normal 0 0 1
    outer loop
      vertex 117.924 1.05014 16
      vertex 113.052 3.23082 16
      vertex 117.577 0.346252 16
    endloop
  endfacet
  facet normal -0 0 1
    outer loop
      vertex 112.79 2.77773 16
      vertex 117.577 0.346252 16
      vertex 113.052 3.23082 16
    endloop
  endfacet
  facet normal 0 0 1
    outer loop
      vertex 117.577 0.346252 16
      vertex 112.79 2.77773 16
      vertex 117.185 -0.33342 16
    endloop
  endfacet
  facet normal -0 0 1
    outer loop
      vertex 112.499 2.34267 16
      vertex 117.185 -0.33342 16
      vertex 112.79 2.77773 16
    endloop
  endfacet
  facet normal 0 0 1
    outer loop
      vertex 117.185 -0.33342 16
      vertex 112.499 2.34267 16
      vertex 116.749 -0.985992 16
    endloop
  endfacet
  facet normal -0 0 1
    outer loop
      vertex 112.181 1.92752 16
      vertex 116.749 -0.985992 16
      vertex 112.499 2.34267 16
    endloop
  endfacet
  facet normal 0 0 1
    outer loop
      vertex 116.749 -0.985992 16
      vertex 112.181 1.92752 16
      vertex 116.271 -1.60867 16
    endloop
  endfacet
  facet normal -0 0 1
    outer loop
      vertex 111.836 1.53415 16
      vertex 116.271 -1.60867 16
      vertex 112.181 1.92752 16
    endloop
  endfacet
  facet normal 0 0 1
    outer loop
      vertex 116.271 -1.60867 16
      vertex 111.836 1.53415 16
      vertex 115.754 -2.19875 16
    endloop
  endfacet
  facet normal 0 0 1
    outer loop
      vertex 115.754 -2.19875 16
      vertex 111.836 1.53415 16
      vertex 115.199 -2.75366 16
    endloop
  endfacet
  facet normal -0 0 1
    outer loop
      vertex 111.466 1.16425 16
      vertex 115.199 -2.75366 16
      vertex 111.836 1.53415 16
    endloop
  endfacet
  facet normal 0 0 1
    outer loop
      vertex 115.199 -2.75366 16
      vertex 111.466 1.16425 16
      vertex 114.609 -3.27115 16
    endloop
  endfacet
  facet normal -0 0 1
    outer loop
      vertex 111.072 0.81926 16
      vertex 114.609 -3.27115 16
      vertex 111.466 1.16425 16
    endloop
  endfacet
  facet normal 0 0 1
    outer loop
      vertex 114.609 -3.27115 16
      vertex 111.072 0.81926 16
      vertex 113.986 -3.74892 16
    endloop
  endfacet
  facet normal -0 0 1
    outer loop
      vertex 110.657 0.500732 16
      vertex 113.986 -3.74892 16
      vertex 111.072 0.81926 16
    endloop
  endfacet
  facet normal 0 0 1
    outer loop
      vertex 113.986 -3.74892 16
      vertex 110.657 0.500732 16
      vertex 113.333 -4.18495 16
    endloop
  endfacet
  facet normal -0 0 1
    outer loop
      vertex 110.222 0.210037 16
      vertex 113.333 -4.18495 16
      vertex 110.657 0.500732 16
    endloop
  endfacet
  facet normal 0 0 1
    outer loop
      vertex 113.333 -4.18495 16
      vertex 110.222 0.210037 16
      vertex 112.654 -4.57742 16
    endloop
  endfacet
  facet normal -0 0 1
    outer loop
      vertex 109.769 -0.0516052 16
      vertex 112.654 -4.57742 16
      vertex 110.222 0.210037 16
    endloop
  endfacet
  facet normal 0 0 1
    outer loop
      vertex 112.654 -4.57742 16
      vertex 109.769 -0.0516052 16
      vertex 111.95 -4.92455 16
    endloop
  endfacet
  facet normal -0 0 1
    outer loop
      vertex 109.3 -0.28302 16
      vertex 111.95 -4.92455 16
      vertex 109.769 -0.0516052 16
    endloop
  endfacet
  facet normal 0 0 1
    outer loop
      vertex 111.95 -4.92455 16
      vertex 109.3 -0.28302 16
      vertex 111.225 -5.22488 16
    endloop
  endfacet
  facet normal -0 0 1
    outer loop
      vertex 108.816 -0.483261 16
      vertex 111.225 -5.22488 16
      vertex 109.3 -0.28302 16
    endloop
  endfacet
  facet normal 0 0 1
    outer loop
      vertex 111.225 -5.22488 16
      vertex 108.816 -0.483261 16
      vertex 110.481 -5.47716 16
    endloop
  endfacet
  facet normal 0 0 1
    outer loop
      vertex 110.481 -5.47716 16
      vertex 108.816 -0.483261 16
      vertex 109.723 -5.68028 16
    endloop
  endfacet
  facet normal -0 0 1
    outer loop
      vertex 108.321 -0.651443 16
      vertex 109.723 -5.68028 16
      vertex 108.816 -0.483261 16
    endloop
  endfacet
  facet normal 0 0 1
    outer loop
      vertex 109.723 -5.68028 16
      vertex 108.321 -0.651443 16
      vertex 108.954 -5.83339 16
    endloop
  endfacet
  facet normal -0 0 1
    outer loop
      vertex 107.816 -0.786835 16
      vertex 108.954 -5.83339 16
      vertex 108.321 -0.651443 16
    endloop
  endfacet
  facet normal 0 0 1
    outer loop
      vertex 108.954 -5.83339 16
      vertex 107.816 -0.786835 16
      vertex 108.176 -5.93582 16
    endloop
  endfacet
  facet normal -0 0 1
    outer loop
      vertex 107.303 -0.888916 16
      vertex 108.176 -5.93582 16
      vertex 107.816 -0.786835 16
    endloop
  endfacet
  facet normal 0 0 1
    outer loop
      vertex 108.176 -5.93582 16
      vertex 107.303 -0.888916 16
      vertex 107.392 -5.98715 16
    endloop
  endfacet
  facet normal -0 0 1
    outer loop
      vertex 106.784 -0.95723 16
      vertex 107.392 -5.98715 16
      vertex 107.303 -0.888916 16
    endloop
  endfacet
  facet normal 0 0 1
    outer loop
      vertex 107.392 -5.98715 16
      vertex 106.784 -0.95723 16
      vertex 107 -6 16
    endloop
  endfacet
  facet normal -0 0 1
    outer loop
      vertex 106.262 -0.99144 16
      vertex 107 -6 16
      vertex 106.784 -0.95723 16
    endloop
  endfacet
  facet normal -0 0 1
    outer loop
      vertex 106 -1 16
      vertex 107 -6 16
      vertex 106.262 -0.99144 16
    endloop
  endfacet
  facet normal -0 0 1
    outer loop
      vertex 7 -1 16
      vertex 107 -6 16
      vertex 106 -1 16
    endloop
  endfacet
  facet normal 0 0 1
    outer loop
      vertex 6 -6 16
      vertex 7 -1 16
      vertex 6.73846 -0.99144 16
    endloop
  endfacet
  facet normal 0 0 1
    outer loop
      vertex 7 -1 16
      vertex 6 -6 16
      vertex 107 -6 16
    endloop
  endfacet
  facet normal 0 0 1
    outer loop
      vertex 6.21635 -0.95723 16
      vertex 6 -6 16
      vertex 6.73846 -0.99144 16
    endloop
  endfacet
  facet normal 0 0 1
    outer loop
      vertex 5.60759 -5.98715 16
      vertex 6.21635 -0.95723 16
      vertex 5.69748 -0.888916 16
    endloop
  endfacet
  facet normal 0 0 1
    outer loop
      vertex 6.21635 -0.95723 16
      vertex 5.60759 -5.98715 16
      vertex 6 -6 16
    endloop
  endfacet
  facet normal 0 0 1
    outer loop
      vertex 4.82443 -5.93582 16
      vertex 5.69748 -0.888916 16
      vertex 5.18431 -0.786835 16
    endloop
  endfacet
  facet normal 0 0 1
    outer loop
      vertex 5.69748 -0.888916 16
      vertex 4.82443 -5.93582 16
      vertex 5.60759 -5.98715 16
    endloop
  endfacet
  facet normal 0 0 1
    outer loop
      vertex 4.04636 -5.83339 16
      vertex 5.18431 -0.786835 16
      vertex 4.679 -0.651443 16
    endloop
  endfacet
  facet normal 0 0 1
    outer loop
      vertex 3.2766 -5.68028 16
      vertex 4.679 -0.651443 16
      vertex 4.18353 -0.483261 16
    endloop
  endfacet
  facet normal 0 0 1
    outer loop
      vertex 5.18431 -0.786835 16
      vertex 4.04636 -5.83339 16
      vertex 4.82443 -5.93582 16
    endloop
  endfacet
  facet normal 0 0 1
    outer loop
      vertex 1.7753 -5.22488 16
      vertex 4.18353 -0.483261 16
      vertex 3.70007 -0.283005 16
    endloop
  endfacet
  facet normal 0 0 1
    outer loop
      vertex 4.679 -0.651443 16
      vertex 3.2766 -5.68028 16
      vertex 4.04636 -5.83339 16
    endloop
  endfacet
  facet normal 0 0 1
    outer loop
      vertex 1.05014 -4.92451 16
      vertex 3.70007 -0.283005 16
      vertex 3.23082 -0.05159 16
    endloop
  endfacet
  facet normal 0 0 1
    outer loop
      vertex 0.346252 -4.57739 16
      vertex 3.23082 -0.05159 16
      vertex 2.77773 0.210007 16
    endloop
  endfacet
  facet normal 0 0 1
    outer loop
      vertex 4.18353 -0.483261 16
      vertex 2.51849 -5.47716 16
      vertex 3.2766 -5.68028 16
    endloop
  endfacet
  facet normal 0 0 1
    outer loop
      vertex -0.33342 -4.18498 16
      vertex 2.77773 0.210007 16
      vertex 2.34267 0.500702 16
    endloop
  endfacet
  facet normal 0 0 1
    outer loop
      vertex -0.985992 -3.74895 16
      vertex 2.34267 0.500702 16
      vertex 1.92752 0.81926 16
    endloop
  endfacet
  facet normal 0 0 1
    outer loop
      vertex 4.18353 -0.483261 16
      vertex 1.7753 -5.22488 16
      vertex 2.51849 -5.47716 16
    endloop
  endfacet
  facet normal 0 0 1
    outer loop
      vertex -1.60867 -3.27115 16
      vertex 1.92752 0.81926 16
      vertex 1.53415 1.16425 16
    endloop
  endfacet
  facet normal 0 0 1
    outer loop
      vertex -2.19875 -2.75366 16
      vertex 1.53415 1.16425 16
      vertex 1.16425 1.53415 16
    endloop
  endfacet
  facet normal 0 0 1
    outer loop
      vertex 3.70007 -0.283005 16
      vertex 1.05014 -4.92451 16
      vertex 1.7753 -5.22488 16
    endloop
  endfacet
  facet normal 0 0 1
    outer loop
      vertex -3.27115 -1.60867 16
      vertex 1.16425 1.53415 16
      vertex 0.81926 1.92752 16
    endloop
  endfacet
  facet normal 0 0 1
    outer loop
      vertex -3.74895 -0.985992 16
      vertex 0.81926 1.92752 16
      vertex 0.500702 2.34267 16
    endloop
  endfacet
  facet normal 0 0 1
    outer loop
      vertex 3.23082 -0.05159 16
      vertex 0.346252 -4.57739 16
      vertex 1.05014 -4.92451 16
    endloop
  endfacet
  facet normal 0 0 1
    outer loop
      vertex -4.18498 -0.33342 16
      vertex 0.500702 2.34267 16
      vertex 0.210007 2.77773 16
    endloop
  endfacet
  facet normal 0 0 1
    outer loop
      vertex -4.57739 0.346252 16
      vertex 0.210007 2.77773 16
      vertex -0.05159 3.23082 16
    endloop
  endfacet
  facet normal 0 0 1
    outer loop
      vertex -4.92451 1.05014 16
      vertex -0.05159 3.23082 16
      vertex -0.283005 3.70007 16
    endloop
  endfacet
  facet normal 0 0 1
    outer loop
      vertex 2.77773 0.210007 16
      vertex -0.33342 -4.18498 16
      vertex 0.346252 -4.57739 16
    endloop
  endfacet
  facet normal 0 0 1
    outer loop
      vertex -5.22488 1.7753 16
      vertex -0.283005 3.70007 16
      vertex -0.483261 4.18353 16
    endloop
  endfacet
  facet normal 0 0 1
    outer loop
      vertex -5.47716 2.51849 16
      vertex -0.483261 4.18353 16
      vertex -0.651443 4.679 16
    endloop
  endfacet
  facet normal 0 0 1
    outer loop
      vertex -5.83339 4.04636 16
      vertex -0.651443 4.679 16
      vertex -0.786835 5.18431 16
    endloop
  endfacet
  facet normal 0 0 1
    outer loop
      vertex -5.93582 4.82443 16
      vertex -0.786835 5.18431 16
      vertex -0.888916 5.69748 16
    endloop
  endfacet
  facet normal 0 0 1
    outer loop
      vertex -5.98715 5.60759 16
      vertex -0.888916 5.69748 16
      vertex -0.95723 6.21635 16
    endloop
  endfacet
  facet normal 0 0 1
    outer loop
      vertex 2.34267 0.500702 16
      vertex -0.985992 -3.74895 16
      vertex -0.33342 -4.18498 16
    endloop
  endfacet
  facet normal 0 0 1
    outer loop
      vertex -6 6 16
      vertex -0.95723 6.21635 16
      vertex -0.99144 6.73846 16
    endloop
  endfacet
  facet normal 0 0 1
    outer loop
      vertex -6 6 16
      vertex -0.99144 6.73846 16
      vertex -1 7 16
    endloop
  endfacet
  facet normal 0 0 1
    outer loop
      vertex -1 82 16
      vertex -6 83 16
      vertex -1 7 16
    endloop
  endfacet
  facet normal 0 0 1
    outer loop
      vertex -6 6 16
      vertex -1 7 16
      vertex -6 83 16
    endloop
  endfacet
  facet normal 0 0 1
    outer loop
      vertex -0.28302 85.2999 16
      vertex -5.22488 87.2247 16
      vertex -0.483261 84.8165 16
    endloop
  endfacet
  facet normal 0 0 1
    outer loop
      vertex -0.95723 6.21635 16
      vertex -6 6 16
      vertex -5.98715 5.60759 16
    endloop
  endfacet
  facet normal -0 0 1
    outer loop
      vertex -5.47716 86.4815 16
      vertex -0.483261 84.8165 16
      vertex -5.22488 87.2247 16
    endloop
  endfacet
  facet normal 0 0 1
    outer loop
      vertex -0.888916 5.69748 16
      vertex -5.98715 5.60759 16
      vertex -5.93582 4.82443 16
    endloop
  endfacet
  facet normal 0 0 1
    outer loop
      vertex -0.483261 84.8165 16
      vertex -5.47716 86.4815 16
      vertex -0.651443 84.321 16
    endloop
  endfacet
  facet normal 0 0 1
    outer loop
      vertex 1.92752 0.81926 16
      vertex -1.60867 -3.27115 16
      vertex -0.985992 -3.74895 16
    endloop
  endfacet
  facet normal -0 0 1
    outer loop
      vertex -5.68028 85.7234 16
      vertex -0.651443 84.321 16
      vertex -5.47716 86.4815 16
    endloop
  endfacet
  facet normal 0 0 1
    outer loop
      vertex 1.53415 1.16425 16
      vertex -2.19875 -2.75366 16
      vertex -1.60867 -3.27115 16
    endloop
  endfacet
  facet normal -0 0 1
    outer loop
      vertex -5.83339 84.9536 16
      vertex -0.651443 84.321 16
      vertex -5.68028 85.7234 16
    endloop
  endfacet
  facet normal 0 0 1
    outer loop
      vertex 1.16425 1.53415 16
      vertex -2.75366 -2.19875 16
      vertex -2.19875 -2.75366 16
    endloop
  endfacet
  facet normal 0 0 1
    outer loop
      vertex 0.81926 1.92752 16
      vertex -3.74895 -0.985992 16
      vertex -3.27115 -1.60867 16
    endloop
  endfacet
  facet normal 0 0 1
    outer loop
      vertex -0.651443 84.321 16
      vertex -5.83339 84.9536 16
      vertex -0.786835 83.8157 16
    endloop
  endfacet
  facet normal 0 0 1
    outer loop
      vertex 0.500702 2.34267 16
      vertex -4.18498 -0.33342 16
      vertex -3.74895 -0.985992 16
    endloop
  endfacet
  facet normal -0 0 1
    outer loop
      vertex -5.93582 84.1756 16
      vertex -0.786835 83.8157 16
      vertex -5.83339 84.9536 16
    endloop
  endfacet
  facet normal 0 0 1
    outer loop
      vertex -0.786835 83.8157 16
      vertex -5.93582 84.1756 16
      vertex -0.888916 83.3025 16
    endloop
  endfacet
  facet normal 0 0 1
    outer loop
      vertex 1.16425 1.53415 16
      vertex -3.27115 -1.60867 16
      vertex -2.75366 -2.19875 16
    endloop
  endfacet
  facet normal -0 0 1
    outer loop
      vertex -5.98715 83.3924 16
      vertex -0.888916 83.3025 16
      vertex -5.93582 84.1756 16
    endloop
  endfacet
  facet normal 0 0 1
    outer loop
      vertex 0.210007 2.77773 16
      vertex -4.57739 0.346252 16
      vertex -4.18498 -0.33342 16
    endloop
  endfacet
  facet normal 0 0 1
    outer loop
      vertex -0.888916 83.3025 16
      vertex -5.98715 83.3924 16
      vertex -0.95723 82.7836 16
    endloop
  endfacet
  facet normal 0 0 1
    outer loop
      vertex -0.05159 3.23082 16
      vertex -4.92451 1.05014 16
      vertex -4.57739 0.346252 16
    endloop
  endfacet
  facet normal -0 0 1
    outer loop
      vertex -6 83 16
      vertex -0.95723 82.7836 16
      vertex -5.98715 83.3924 16
    endloop
  endfacet
  facet normal 0 0 1
    outer loop
      vertex -0.283005 3.70007 16
      vertex -5.22488 1.7753 16
      vertex -4.92451 1.05014 16
    endloop
  endfacet
  facet normal 0 0 1
    outer loop
      vertex -0.95723 82.7836 16
      vertex -6 83 16
      vertex -0.99144 82.2615 16
    endloop
  endfacet
  facet normal 0 0 1
    outer loop
      vertex -0.483261 4.18353 16
      vertex -5.47716 2.51849 16
      vertex -5.22488 1.7753 16
    endloop
  endfacet
  facet normal 0 0 1
    outer loop
      vertex -0.99144 82.2615 16
      vertex -6 83 16
      vertex -1 82 16
    endloop
  endfacet
  facet normal 0 0 1
    outer loop
      vertex -0.651443 4.679 16
      vertex -5.68028 3.2766 16
      vertex -5.47716 2.51849 16
    endloop
  endfacet
  facet normal 0 0 1
    outer loop
      vertex -0.651443 4.679 16
      vertex -5.83339 4.04636 16
      vertex -5.68028 3.2766 16
    endloop
  endfacet
  facet normal 0 0 1
    outer loop
      vertex -0.786835 5.18431 16
      vertex -5.93582 4.82443 16
      vertex -5.83339 4.04636 16
    endloop
  endfacet
  facet normal -0.965927 -0.258815 0
    outer loop
      vertex 11.6 8 0
      vertex 11.1177 9.8 2.5
      vertex 11.1177 9.8 0
    endloop
  endfacet
  facet normal -0.965927 -0.258815 0
    outer loop
      vertex 11.1177 9.8 2.5
      vertex 11.6 8 0
      vertex 11.6 8 2.5
    endloop
  endfacet
  facet normal 0.258815 -0.965927 0
    outer loop
      vertex 6.2 11.1177 0
      vertex 8 11.6 2.5
      vertex 6.2 11.1177 2.5
    endloop
  endfacet
  facet normal 0.258815 -0.965927 0
    outer loop
      vertex 8 11.6 2.5
      vertex 6.2 11.1177 0
      vertex 8 11.6 0
    endloop
  endfacet
  facet normal -0.707107 -0.707107 0
    outer loop
      vertex 11.1177 9.8 0
      vertex 9.8 11.1177 2.5
      vertex 9.8 11.1177 0
    endloop
  endfacet
  facet normal -0.707107 -0.707107 0
    outer loop
      vertex 9.8 11.1177 2.5
      vertex 11.1177 9.8 0
      vertex 11.1177 9.8 2.5
    endloop
  endfacet
  facet normal 0.707109 -0.707104 0
    outer loop
      vertex 4.88231 9.8 2.5
      vertex 6.2 11.1177 0
      vertex 6.2 11.1177 2.5
    endloop
  endfacet
  facet normal 0.707109 -0.707104 0
    outer loop
      vertex 6.2 11.1177 0
      vertex 4.88231 9.8 2.5
      vertex 4.88231 9.8 0
    endloop
  endfacet
  facet normal -0.707104 0.707109 0
    outer loop
      vertex 9.8 4.88231 0
      vertex 11.1177 6.2 2.5
      vertex 11.1177 6.2 0
    endloop
  endfacet
  facet normal -0.707104 0.707109 0
    outer loop
      vertex 11.1177 6.2 2.5
      vertex 9.8 4.88231 0
      vertex 9.8 4.88231 2.5
    endloop
  endfacet
  facet normal 0.707107 0.707107 0
    outer loop
      vertex 6.2 4.88231 2.5
      vertex 4.88231 6.2 0
      vertex 4.88231 6.2 2.5
    endloop
  endfacet
  facet normal 0.707107 0.707107 0
    outer loop
      vertex 4.88231 6.2 0
      vertex 6.2 4.88231 2.5
      vertex 6.2 4.88231 0
    endloop
  endfacet
  facet normal -0.258815 -0.965927 0
    outer loop
      vertex 8 11.6 0
      vertex 9.8 11.1177 2.5
      vertex 8 11.6 2.5
    endloop
  endfacet
  facet normal -0.258815 -0.965927 -0
    outer loop
      vertex 9.8 11.1177 2.5
      vertex 8 11.6 0
      vertex 9.8 11.1177 0
    endloop
  endfacet
  facet normal 0.965926 -0.25882 0
    outer loop
      vertex 4.4 8 2.5
      vertex 4.88231 9.8 0
      vertex 4.88231 9.8 2.5
    endloop
  endfacet
  facet normal 0.965926 -0.25882 0
    outer loop
      vertex 4.88231 9.8 0
      vertex 4.4 8 2.5
      vertex 4.4 8 0
    endloop
  endfacet
  facet normal -0.965927 0.258815 0
    outer loop
      vertex 11.1177 6.2 0
      vertex 11.6 8 2.5
      vertex 11.6 8 0
    endloop
  endfacet
  facet normal -0.965927 0.258815 0
    outer loop
      vertex 11.6 8 2.5
      vertex 11.1177 6.2 0
      vertex 11.1177 6.2 2.5
    endloop
  endfacet
  facet normal 0.25882 0.965926 -0
    outer loop
      vertex 8 4.4 0
      vertex 6.2 4.88231 2.5
      vertex 8 4.4 2.5
    endloop
  endfacet
  facet normal 0.25882 0.965926 0
    outer loop
      vertex 6.2 4.88231 2.5
      vertex 8 4.4 0
      vertex 6.2 4.88231 0
    endloop
  endfacet
  facet normal 0.965926 0.25882 0
    outer loop
      vertex 4.88231 6.2 2.5
      vertex 4.4 8 0
      vertex 4.4 8 2.5
    endloop
  endfacet
  facet normal 0.965926 0.25882 0
    outer loop
      vertex 4.4 8 0
      vertex 4.88231 6.2 2.5
      vertex 4.88231 6.2 0
    endloop
  endfacet
  facet normal -0.25882 0.965926 0
    outer loop
      vertex 9.8 4.88231 0
      vertex 8 4.4 2.5
      vertex 9.8 4.88231 2.5
    endloop
  endfacet
  facet normal -0.25882 0.965926 0
    outer loop
      vertex 8 4.4 2.5
      vertex 9.8 4.88231 0
      vertex 8 4.4 0
    endloop
  endfacet
  facet normal -0.965927 -0.258815 0
    outer loop
      vertex 11.6 81 0
      vertex 11.1177 82.8 2.5
      vertex 11.1177 82.8 0
    endloop
  endfacet
  facet normal -0.965927 -0.258815 0
    outer loop
      vertex 11.1177 82.8 2.5
      vertex 11.6 81 0
      vertex 11.6 81 2.5
    endloop
  endfacet
  facet normal 0.258815 -0.965927 0
    outer loop
      vertex 6.2 84.1177 0
      vertex 8 84.6 2.5
      vertex 6.2 84.1177 2.5
    endloop
  endfacet
  facet normal 0.258815 -0.965927 0
    outer loop
      vertex 8 84.6 2.5
      vertex 6.2 84.1177 0
      vertex 8 84.6 0
    endloop
  endfacet
  facet normal -0.707107 -0.707107 0
    outer loop
      vertex 9.8 84.1177 0
      vertex 11.1177 82.8 2.5
      vertex 9.8 84.1177 2.5
    endloop
  endfacet
  facet normal -0.707107 -0.707107 -0
    outer loop
      vertex 11.1177 82.8 2.5
      vertex 9.8 84.1177 0
      vertex 11.1177 82.8 0
    endloop
  endfacet
  facet normal 0.707109 -0.707104 0
    outer loop
      vertex 4.88231 82.8 0
      vertex 6.2 84.1177 2.5
      vertex 4.88231 82.8 2.5
    endloop
  endfacet
  facet normal 0.707109 -0.707104 0
    outer loop
      vertex 6.2 84.1177 2.5
      vertex 4.88231 82.8 0
      vertex 6.2 84.1177 0
    endloop
  endfacet
  facet normal -0.707107 0.707107 0
    outer loop
      vertex 11.1177 79.2 0
      vertex 9.8 77.8823 2.5
      vertex 11.1177 79.2 2.5
    endloop
  endfacet
  facet normal -0.707107 0.707107 0
    outer loop
      vertex 9.8 77.8823 2.5
      vertex 11.1177 79.2 0
      vertex 9.8 77.8823 0
    endloop
  endfacet
  facet normal 0.707109 0.707104 -0
    outer loop
      vertex 6.2 77.8823 0
      vertex 4.88231 79.2 2.5
      vertex 6.2 77.8823 2.5
    endloop
  endfacet
  facet normal 0.707109 0.707104 0
    outer loop
      vertex 4.88231 79.2 2.5
      vertex 6.2 77.8823 0
      vertex 4.88231 79.2 0
    endloop
  endfacet
  facet normal -0.258815 -0.965927 0
    outer loop
      vertex 8 84.6 0
      vertex 9.8 84.1177 2.5
      vertex 8 84.6 2.5
    endloop
  endfacet
  facet normal -0.258815 -0.965927 -0
    outer loop
      vertex 9.8 84.1177 2.5
      vertex 8 84.6 0
      vertex 9.8 84.1177 0
    endloop
  endfacet
  facet normal 0.965926 -0.25882 0
    outer loop
      vertex 4.4 81 2.5
      vertex 4.88231 82.8 0
      vertex 4.88231 82.8 2.5
    endloop
  endfacet
  facet normal 0.965926 -0.25882 0
    outer loop
      vertex 4.88231 82.8 0
      vertex 4.4 81 2.5
      vertex 4.4 81 0
    endloop
  endfacet
  facet normal -0.965927 0.258815 0
    outer loop
      vertex 11.1177 79.2 0
      vertex 11.6 81 2.5
      vertex 11.6 81 0
    endloop
  endfacet
  facet normal -0.965927 0.258815 0
    outer loop
      vertex 11.6 81 2.5
      vertex 11.1177 79.2 0
      vertex 11.1177 79.2 2.5
    endloop
  endfacet
  facet normal 0.258815 0.965927 -0
    outer loop
      vertex 8 77.4 0
      vertex 6.2 77.8823 2.5
      vertex 8 77.4 2.5
    endloop
  endfacet
  facet normal 0.258815 0.965927 0
    outer loop
      vertex 6.2 77.8823 2.5
      vertex 8 77.4 0
      vertex 6.2 77.8823 0
    endloop
  endfacet
  facet normal 0.965926 0.25882 0
    outer loop
      vertex 4.88231 79.2 2.5
      vertex 4.4 81 0
      vertex 4.4 81 2.5
    endloop
  endfacet
  facet normal 0.965926 0.25882 0
    outer loop
      vertex 4.4 81 0
      vertex 4.88231 79.2 2.5
      vertex 4.88231 79.2 0
    endloop
  endfacet
  facet normal -0.258815 0.965927 0
    outer loop
      vertex 9.8 77.8823 0
      vertex 8 77.4 2.5
      vertex 9.8 77.8823 2.5
    endloop
  endfacet
  facet normal -0.258815 0.965927 0
    outer loop
      vertex 8 77.4 2.5
      vertex 9.8 77.8823 0
      vertex 8 77.4 0
    endloop
  endfacet
  facet normal -0.965967 -0.258665 0
    outer loop
      vertex 108.6 8 0
      vertex 108.118 9.8 2.5
      vertex 108.118 9.8 0
    endloop
  endfacet
  facet normal -0.965967 -0.258665 0
    outer loop
      vertex 108.118 9.8 2.5
      vertex 108.6 8 0
      vertex 108.6 8 2.5
    endloop
  endfacet
  facet normal 0.965967 0.258665 0
    outer loop
      vertex 101.882 6.2 2.5
      vertex 101.4 8 0
      vertex 101.4 8 2.5
    endloop
  endfacet
  facet normal 0.965967 0.258665 0
    outer loop
      vertex 101.4 8 0
      vertex 101.882 6.2 2.5
      vertex 101.882 6.2 0
    endloop
  endfacet
  facet normal 0.258815 -0.965927 0
    outer loop
      vertex 103.2 11.1177 0
      vertex 105 11.6 2.5
      vertex 103.2 11.1177 2.5
    endloop
  endfacet
  facet normal 0.258815 -0.965927 0
    outer loop
      vertex 105 11.6 2.5
      vertex 103.2 11.1177 0
      vertex 105 11.6 0
    endloop
  endfacet
  facet normal -0.707026 -0.707187 0
    outer loop
      vertex 108.118 9.8 0
      vertex 106.8 11.1177 2.5
      vertex 106.8 11.1177 0
    endloop
  endfacet
  facet normal -0.707026 -0.707187 0
    outer loop
      vertex 106.8 11.1177 2.5
      vertex 108.118 9.8 0
      vertex 108.118 9.8 2.5
    endloop
  endfacet
  facet normal 0.707026 -0.707187 0
    outer loop
      vertex 101.882 9.8 2.5
      vertex 103.2 11.1177 0
      vertex 103.2 11.1177 2.5
    endloop
  endfacet
  facet normal 0.707026 -0.707187 0
    outer loop
      vertex 103.2 11.1177 0
      vertex 101.882 9.8 2.5
      vertex 101.882 9.8 0
    endloop
  endfacet
  facet normal -0.707024 0.70719 0
    outer loop
      vertex 106.8 4.88231 0
      vertex 108.118 6.2 2.5
      vertex 108.118 6.2 0
    endloop
  endfacet
  facet normal -0.707024 0.70719 0
    outer loop
      vertex 108.118 6.2 2.5
      vertex 106.8 4.88231 0
      vertex 106.8 4.88231 2.5
    endloop
  endfacet
  facet normal 0.707024 0.70719 0
    outer loop
      vertex 103.2 4.88231 2.5
      vertex 101.882 6.2 0
      vertex 101.882 6.2 2.5
    endloop
  endfacet
  facet normal 0.707024 0.70719 0
    outer loop
      vertex 101.882 6.2 0
      vertex 103.2 4.88231 2.5
      vertex 103.2 4.88231 0
    endloop
  endfacet
  facet normal -0.258815 -0.965927 0
    outer loop
      vertex 105 11.6 0
      vertex 106.8 11.1177 2.5
      vertex 105 11.6 2.5
    endloop
  endfacet
  facet normal -0.258815 -0.965927 -0
    outer loop
      vertex 106.8 11.1177 2.5
      vertex 105 11.6 0
      vertex 106.8 11.1177 0
    endloop
  endfacet
  facet normal 0.965967 -0.258665 0
    outer loop
      vertex 101.4 8 2.5
      vertex 101.882 9.8 0
      vertex 101.882 9.8 2.5
    endloop
  endfacet
  facet normal 0.965967 -0.258665 0
    outer loop
      vertex 101.882 9.8 0
      vertex 101.4 8 2.5
      vertex 101.4 8 0
    endloop
  endfacet
  facet normal -0.965967 0.258665 0
    outer loop
      vertex 108.118 6.2 0
      vertex 108.6 8 2.5
      vertex 108.6 8 0
    endloop
  endfacet
  facet normal -0.965967 0.258665 0
    outer loop
      vertex 108.6 8 2.5
      vertex 108.118 6.2 0
      vertex 108.118 6.2 2.5
    endloop
  endfacet
  facet normal 0.25882 0.965926 -0
    outer loop
      vertex 105 4.4 0
      vertex 103.2 4.88231 2.5
      vertex 105 4.4 2.5
    endloop
  endfacet
  facet normal 0.25882 0.965926 0
    outer loop
      vertex 103.2 4.88231 2.5
      vertex 105 4.4 0
      vertex 103.2 4.88231 0
    endloop
  endfacet
  facet normal -0.25882 0.965926 0
    outer loop
      vertex 106.8 4.88231 0
      vertex 105 4.4 2.5
      vertex 106.8 4.88231 2.5
    endloop
  endfacet
  facet normal -0.25882 0.965926 0
    outer loop
      vertex 105 4.4 2.5
      vertex 106.8 4.88231 0
      vertex 105 4.4 0
    endloop
  endfacet
  facet normal -0.965967 -0.258665 0
    outer loop
      vertex 108.6 81 0
      vertex 108.118 82.8 2.5
      vertex 108.118 82.8 0
    endloop
  endfacet
  facet normal -0.965967 -0.258665 0
    outer loop
      vertex 108.118 82.8 2.5
      vertex 108.6 81 0
      vertex 108.6 81 2.5
    endloop
  endfacet
  facet normal 0.965967 0.258665 0
    outer loop
      vertex 101.882 79.2 2.5
      vertex 101.4 81 0
      vertex 101.4 81 2.5
    endloop
  endfacet
  facet normal 0.965967 0.258665 0
    outer loop
      vertex 101.4 81 0
      vertex 101.882 79.2 2.5
      vertex 101.882 79.2 0
    endloop
  endfacet
  facet normal 0.258815 -0.965927 0
    outer loop
      vertex 103.2 84.1177 0
      vertex 105 84.6 2.5
      vertex 103.2 84.1177 2.5
    endloop
  endfacet
  facet normal 0.258815 -0.965927 0
    outer loop
      vertex 105 84.6 2.5
      vertex 103.2 84.1177 0
      vertex 105 84.6 0
    endloop
  endfacet
  facet normal -0.707026 -0.707187 0
    outer loop
      vertex 108.118 82.8 0
      vertex 106.8 84.1177 2.5
      vertex 106.8 84.1177 0
    endloop
  endfacet
  facet normal -0.707026 -0.707187 0
    outer loop
      vertex 106.8 84.1177 2.5
      vertex 108.118 82.8 0
      vertex 108.118 82.8 2.5
    endloop
  endfacet
  facet normal 0.707026 -0.707187 0
    outer loop
      vertex 101.882 82.8 2.5
      vertex 103.2 84.1177 0
      vertex 103.2 84.1177 2.5
    endloop
  endfacet
  facet normal 0.707026 -0.707187 0
    outer loop
      vertex 103.2 84.1177 0
      vertex 101.882 82.8 2.5
      vertex 101.882 82.8 0
    endloop
  endfacet
  facet normal -0.707026 0.707187 0
    outer loop
      vertex 106.8 77.8823 0
      vertex 108.118 79.2 2.5
      vertex 108.118 79.2 0
    endloop
  endfacet
  facet normal -0.707026 0.707187 0
    outer loop
      vertex 108.118 79.2 2.5
      vertex 106.8 77.8823 0
      vertex 106.8 77.8823 2.5
    endloop
  endfacet
  facet normal 0.707026 0.707187 0
    outer loop
      vertex 103.2 77.8823 2.5
      vertex 101.882 79.2 0
      vertex 101.882 79.2 2.5
    endloop
  endfacet
  facet normal 0.707026 0.707187 0
    outer loop
      vertex 101.882 79.2 0
      vertex 103.2 77.8823 2.5
      vertex 103.2 77.8823 0
    endloop
  endfacet
  facet normal -0.258815 -0.965927 0
    outer loop
      vertex 105 84.6 0
      vertex 106.8 84.1177 2.5
      vertex 105 84.6 2.5
    endloop
  endfacet
  facet normal -0.258815 -0.965927 -0
    outer loop
      vertex 106.8 84.1177 2.5
      vertex 105 84.6 0
      vertex 106.8 84.1177 0
    endloop
  endfacet
  facet normal 0.965967 -0.258665 0
    outer loop
      vertex 101.4 81 2.5
      vertex 101.882 82.8 0
      vertex 101.882 82.8 2.5
    endloop
  endfacet
  facet normal 0.965967 -0.258665 0
    outer loop
      vertex 101.882 82.8 0
      vertex 101.4 81 2.5
      vertex 101.4 81 0
    endloop
  endfacet
  facet normal -0.965967 0.258665 0
    outer loop
      vertex 108.118 79.2 0
      vertex 108.6 81 2.5
      vertex 108.6 81 0
    endloop
  endfacet
  facet normal -0.965967 0.258665 0
    outer loop
      vertex 108.6 81 2.5
      vertex 108.118 79.2 0
      vertex 108.118 79.2 2.5
    endloop
  endfacet
  facet normal 0.258815 0.965927 -0
    outer loop
      vertex 105 77.4 0
      vertex 103.2 77.8823 2.5
      vertex 105 77.4 2.5
    endloop
  endfacet
  facet normal 0.258815 0.965927 0
    outer loop
      vertex 103.2 77.8823 2.5
      vertex 105 77.4 0
      vertex 103.2 77.8823 0
    endloop
  endfacet
  facet normal -0.258815 0.965927 0
    outer loop
      vertex 106.8 77.8823 0
      vertex 105 77.4 2.5
      vertex 106.8 77.8823 2.5
    endloop
  endfacet
  facet normal -0.258815 0.965927 0
    outer loop
      vertex 105 77.4 2.5
      vertex 106.8 77.8823 0
      vertex 105 77.4 0
    endloop
  endfacet
  facet normal -0.130501 0.991448 0
    outer loop
      vertex 107.303 -0.888916 2.5
      vertex 106.784 -0.95723 16
      vertex 107.303 -0.888916 16
    endloop
  endfacet
  facet normal -0.130501 0.991448 0
    outer loop
      vertex 106.784 -0.95723 16
      vertex 107.303 -0.888916 2.5
      vertex 106.784 -0.95723 2.5
    endloop
  endfacet
  facet normal 0.0653634 -0.997862 0
    outer loop
      vertex 6.21625 89.9572 2.5
      vertex 6.73836 89.9914 16
      vertex 6.21625 89.9572 16
    endloop
  endfacet
  facet normal 0.0653634 -0.997862 0
    outer loop
      vertex 6.73836 89.9914 16
      vertex 6.21625 89.9572 2.5
      vertex 6.73836 89.9914 2.5
    endloop
  endfacet
  facet normal -0.0653961 0.997859 0
    outer loop
      vertex 106.784 -0.95723 2.5
      vertex 106.262 -0.99144 16
      vertex 106.784 -0.95723 16
    endloop
  endfacet
  facet normal -0.0653961 0.997859 0
    outer loop
      vertex 106.262 -0.99144 16
      vertex 106.784 -0.95723 2.5
      vertex 106.262 -0.99144 2.5
    endloop
  endfacet
  facet normal 0.99786 -0.0653836 0
    outer loop
      vertex -0.99144 82.2615 16
      vertex -0.95723 82.7836 2.5
      vertex -0.95723 82.7836 16
    endloop
  endfacet
  facet normal 0.99786 -0.0653836 0
    outer loop
      vertex -0.95723 82.7836 2.5
      vertex -0.99144 82.2615 16
      vertex -0.99144 82.2615 2.5
    endloop
  endfacet
  facet normal 0 1 -0
    outer loop
      vertex 106 -1 2.5
      vertex 7 -1 16
      vertex 106 -1 16
    endloop
  endfacet
  facet normal 0 1 0
    outer loop
      vertex 7 -1 16
      vertex 106 -1 2.5
      vertex 7 -1 2.5
    endloop
  endfacet
  facet normal -0.0328068 -0.999462 0
    outer loop
      vertex 106 90 2.5
      vertex 106.262 89.9914 16
      vertex 106 90 16
    endloop
  endfacet
  facet normal -0.0328068 -0.999462 -0
    outer loop
      vertex 106.262 89.9914 16
      vertex 106 90 2.5
      vertex 106.262 89.9914 2.5
    endloop
  endfacet
  facet normal -0.608953 -0.793206 0
    outer loop
      vertex 110.657 88.4993 2.5
      vertex 111.072 88.1807 16
      vertex 110.657 88.4993 16
    endloop
  endfacet
  facet normal -0.608953 -0.793206 -0
    outer loop
      vertex 111.072 88.1807 16
      vertex 110.657 88.4993 2.5
      vertex 111.072 88.1807 2.5
    endloop
  endfacet
  facet normal 0 -1 0
    outer loop
      vertex 7 90 16
      vertex 50 90 13.5
      vertex 106 90 16
    endloop
  endfacet
  facet normal 0 -1 0
    outer loop
      vertex 7 90 16
      vertex 50 90 5.5
      vertex 50 90 13.5
    endloop
  endfacet
  facet normal 0 -1 -0
    outer loop
      vertex 50 90 5.5
      vertex 7 90 2.5
      vertex 63 90 5.5
    endloop
  endfacet
  facet normal 0 -1 0
    outer loop
      vertex 7 90 2.5
      vertex 50 90 5.5
      vertex 7 90 16
    endloop
  endfacet
  facet normal 0 -1 0
    outer loop
      vertex 63 90 13.5
      vertex 106 90 16
      vertex 50 90 13.5
    endloop
  endfacet
  facet normal 0 -1 0
    outer loop
      vertex 63 90 5.5
      vertex 106 90 16
      vertex 63 90 13.5
    endloop
  endfacet
  facet normal 0 -1 0
    outer loop
      vertex 63 90 5.5
      vertex 106 90 2.5
      vertex 106 90 16
    endloop
  endfacet
  facet normal 0 -1 0
    outer loop
      vertex 106 90 2.5
      vertex 63 90 5.5
      vertex 7 90 2.5
    endloop
  endfacet
  facet normal 0.707107 -0.707107 0
    outer loop
      vertex 1.16425 87.4658 16
      vertex 1.53415 87.8357 2.5
      vertex 1.53415 87.8357 16
    endloop
  endfacet
  facet normal 0.707107 -0.707107 0
    outer loop
      vertex 1.53415 87.8357 2.5
      vertex 1.16425 87.4658 16
      vertex 1.16425 87.4658 2.5
    endloop
  endfacet
  facet normal 1 -0 0
    outer loop
      vertex -1 7 16
      vertex -1 82 2.5
      vertex -1 82 16
    endloop
  endfacet
  facet normal 1 0 0
    outer loop
      vertex -1 82 2.5
      vertex -1 7 16
      vertex -1 7 2.5
    endloop
  endfacet
  facet normal 0.999465 -0.0327167 0
    outer loop
      vertex -1 82 16
      vertex -0.99144 82.2615 2.5
      vertex -0.99144 82.2615 16
    endloop
  endfacet
  facet normal 0.999465 -0.0327167 0
    outer loop
      vertex -0.99144 82.2615 2.5
      vertex -1 82 16
      vertex -1 82 2.5
    endloop
  endfacet
  facet normal -0.0326543 0.999467 0
    outer loop
      vertex 106.262 -0.99144 2.5
      vertex 106 -1 16
      vertex 106.262 -0.99144 16
    endloop
  endfacet
  facet normal -0.0326543 0.999467 0
    outer loop
      vertex 106 -1 16
      vertex 106.262 -0.99144 2.5
      vertex 106 -1 2.5
    endloop
  endfacet
  facet normal -0.382228 -0.924068 0
    outer loop
      vertex 108.816 89.4832 2.5
      vertex 109.3 89.283 16
      vertex 108.816 89.4832 16
    endloop
  endfacet
  facet normal -0.382228 -0.924068 -0
    outer loop
      vertex 109.3 89.283 16
      vertex 108.816 89.4832 2.5
      vertex 109.3 89.283 2.5
    endloop
  endfacet
  facet normal 0.0328518 -0.99946 0
    outer loop
      vertex 6.73836 89.9914 2.5
      vertex 7 90 16
      vertex 6.73836 89.9914 16
    endloop
  endfacet
  facet normal 0.0328518 -0.99946 0
    outer loop
      vertex 7 90 16
      vertex 6.73836 89.9914 2.5
      vertex 7 90 2.5
    endloop
  endfacet
  facet normal -0.999409 0.0343781 0
    outer loop
      vertex 113.991 6.73836 2.5
      vertex 114 7 16
      vertex 114 7 2.5
    endloop
  endfacet
  facet normal -0.999409 0.0343781 0
    outer loop
      vertex 114 7 16
      vertex 113.991 6.73836 2.5
      vertex 113.991 6.73836 16
    endloop
  endfacet
  facet normal 0.382593 -0.923917 0
    outer loop
      vertex 3.70007 89.283 2.5
      vertex 4.18353 89.4832 16
      vertex 3.70007 89.283 16
    endloop
  endfacet
  facet normal 0.382593 -0.923917 0
    outer loop
      vertex 4.18353 89.4832 16
      vertex 3.70007 89.283 2.5
      vertex 4.18353 89.4832 2.5
    endloop
  endfacet
  facet normal 0.965928 0.258809 0
    outer loop
      vertex -0.651443 4.679 16
      vertex -0.786835 5.18431 2.5
      vertex -0.786835 5.18431 16
    endloop
  endfacet
  facet normal 0.965928 0.258809 0
    outer loop
      vertex -0.786835 5.18431 2.5
      vertex -0.651443 4.679 16
      vertex -0.651443 4.679 2.5
    endloop
  endfacet
  facet normal 0.751827 0.659361 0
    outer loop
      vertex 1.16425 1.53415 16
      vertex 0.81926 1.92752 2.5
      vertex 0.81926 1.92752 16
    endloop
  endfacet
  facet normal 0.751827 0.659361 0
    outer loop
      vertex 0.81926 1.92752 2.5
      vertex 1.16425 1.53415 16
      vertex 1.16425 1.53415 2.5
    endloop
  endfacet
  facet normal 0.130533 0.991444 -0
    outer loop
      vertex 6.21635 -0.95723 2.5
      vertex 5.69748 -0.888916 16
      vertex 6.21635 -0.95723 16
    endloop
  endfacet
  facet normal 0.130533 0.991444 0
    outer loop
      vertex 5.69748 -0.888916 16
      vertex 6.21635 -0.95723 2.5
      vertex 5.69748 -0.888916 2.5
    endloop
  endfacet
  facet normal 0.0327117 0.999465 -0
    outer loop
      vertex 7 -1 2.5
      vertex 6.73846 -0.99144 16
      vertex 7 -1 16
    endloop
  endfacet
  facet normal 0.0327117 0.999465 0
    outer loop
      vertex 6.73846 -0.99144 16
      vertex 7 -1 2.5
      vertex 6.73846 -0.99144 2.5
    endloop
  endfacet
  facet normal 0.1951 0.980783 -0
    outer loop
      vertex 5.69748 -0.888916 2.5
      vertex 5.18431 -0.786835 16
      vertex 5.69748 -0.888916 16
    endloop
  endfacet
  facet normal 0.1951 0.980783 0
    outer loop
      vertex 5.18431 -0.786835 16
      vertex 5.69748 -0.888916 2.5
      vertex 5.18431 -0.786835 2.5
    endloop
  endfacet
  facet normal 0.321427 0.946934 -0
    outer loop
      vertex 4.679 -0.651443 2.5
      vertex 4.18353 -0.483261 16
      vertex 4.679 -0.651443 16
    endloop
  endfacet
  facet normal 0.321427 0.946934 0
    outer loop
      vertex 4.18353 -0.483261 16
      vertex 4.679 -0.651443 2.5
      vertex 4.18353 -0.483261 2.5
    endloop
  endfacet
  facet normal -0.555494 -0.831521 0
    outer loop
      vertex 110.222 88.7899 2.5
      vertex 110.657 88.4993 16
      vertex 110.222 88.7899 16
    endloop
  endfacet
  facet normal -0.555494 -0.831521 -0
    outer loop
      vertex 110.657 88.4993 16
      vertex 110.222 88.7899 2.5
      vertex 110.657 88.4993 2.5
    endloop
  endfacet
  facet normal -0.50023 -0.865893 0
    outer loop
      vertex 109.769 89.0516 2.5
      vertex 110.222 88.7899 16
      vertex 109.769 89.0516 16
    endloop
  endfacet
  facet normal -0.50023 -0.865893 -0
    outer loop
      vertex 110.222 88.7899 16
      vertex 109.769 89.0516 2.5
      vertex 110.222 88.7899 2.5
    endloop
  endfacet
  facet normal -0.195197 -0.980764 0
    outer loop
      vertex 107.303 89.8889 2.5
      vertex 107.816 89.7868 16
      vertex 107.303 89.8889 16
    endloop
  endfacet
  facet normal -0.195197 -0.980764 -0
    outer loop
      vertex 107.816 89.7868 16
      vertex 107.303 89.8889 2.5
      vertex 107.816 89.7868 2.5
    endloop
  endfacet
  facet normal -0.130474 -0.991452 0
    outer loop
      vertex 106.784 89.9572 2.5
      vertex 107.303 89.8889 16
      vertex 106.784 89.9572 16
    endloop
  endfacet
  facet normal -0.130474 -0.991452 -0
    outer loop
      vertex 107.303 89.8889 16
      vertex 106.784 89.9572 2.5
      vertex 107.303 89.8889 2.5
    endloop
  endfacet
  facet normal -0.321731 -0.946831 0
    outer loop
      vertex 108.321 89.6514 2.5
      vertex 108.816 89.4832 16
      vertex 108.321 89.6514 16
    endloop
  endfacet
  facet normal -0.321731 -0.946831 -0
    outer loop
      vertex 108.816 89.4832 16
      vertex 108.321 89.6514 2.5
      vertex 108.816 89.4832 2.5
    endloop
  endfacet
  facet normal -0.965636 -0.259898 0
    outer loop
      vertex 113.787 83.8157 2.5
      vertex 113.651 84.321 16
      vertex 113.651 84.321 2.5
    endloop
  endfacet
  facet normal -0.965636 -0.259898 0
    outer loop
      vertex 113.651 84.321 16
      vertex 113.787 83.8157 2.5
      vertex 113.787 83.8157 16
    endloop
  endfacet
  facet normal -1 0 0
    outer loop
      vertex 114 7 2.5
      vertex 114 82 16
      vertex 114 82 2.5
    endloop
  endfacet
  facet normal -1 -0 0
    outer loop
      vertex 114 82 16
      vertex 114 7 2.5
      vertex 114 7 16
    endloop
  endfacet
  facet normal -0.751759 -0.659438 0
    outer loop
      vertex 112.181 87.0725 2.5
      vertex 111.836 87.4658 16
      vertex 111.836 87.4658 2.5
    endloop
  endfacet
  facet normal -0.751759 -0.659438 0
    outer loop
      vertex 111.836 87.4658 16
      vertex 112.181 87.0725 2.5
      vertex 112.181 87.0725 16
    endloop
  endfacet
  facet normal -0.897182 0.44166 0
    outer loop
      vertex 113.052 3.23082 2.5
      vertex 113.283 3.70007 16
      vertex 113.283 3.70007 2.5
    endloop
  endfacet
  facet normal -0.897182 0.44166 0
    outer loop
      vertex 113.283 3.70007 16
      vertex 113.052 3.23082 2.5
      vertex 113.052 3.23082 16
    endloop
  endfacet
  facet normal -0.997886 0.0649827 0
    outer loop
      vertex 113.957 6.21625 2.5
      vertex 113.991 6.73836 16
      vertex 113.991 6.73836 2.5
    endloop
  endfacet
  facet normal -0.997886 0.0649827 0
    outer loop
      vertex 113.991 6.73836 16
      vertex 113.957 6.21625 2.5
      vertex 113.957 6.21625 16
    endloop
  endfacet
  facet normal -0.707011 0.707202 0
    outer loop
      vertex 111.466 1.16425 2.5
      vertex 111.836 1.53415 16
      vertex 111.836 1.53415 2.5
    endloop
  endfacet
  facet normal -0.707011 0.707202 0
    outer loop
      vertex 111.836 1.53415 16
      vertex 111.466 1.16425 2.5
      vertex 111.466 1.16425 16
    endloop
  endfacet
  facet normal -0.500147 0.865941 0
    outer loop
      vertex 110.222 0.210037 2.5
      vertex 109.769 -0.0516052 16
      vertex 110.222 0.210037 16
    endloop
  endfacet
  facet normal -0.500147 0.865941 0
    outer loop
      vertex 109.769 -0.0516052 16
      vertex 110.222 0.210037 2.5
      vertex 109.769 -0.0516052 2.5
    endloop
  endfacet
  facet normal 0.195135 -0.980776 0
    outer loop
      vertex 5.18431 89.7868 2.5
      vertex 5.69748 89.8889 16
      vertex 5.18431 89.7868 16
    endloop
  endfacet
  facet normal 0.195135 -0.980776 0
    outer loop
      vertex 5.69748 89.8889 16
      vertex 5.18431 89.7868 2.5
      vertex 5.69748 89.8889 2.5
    endloop
  endfacet
  facet normal 0.130531 -0.991444 0
    outer loop
      vertex 5.69748 89.8889 2.5
      vertex 6.21625 89.9572 16
      vertex 5.69748 89.8889 16
    endloop
  endfacet
  facet normal 0.130531 -0.991444 0
    outer loop
      vertex 6.21625 89.9572 16
      vertex 5.69748 89.8889 2.5
      vertex 6.21625 89.9572 2.5
    endloop
  endfacet
  facet normal 0.321458 -0.946924 0
    outer loop
      vertex 4.18353 89.4832 2.5
      vertex 4.679 89.6514 16
      vertex 4.18353 89.4832 16
    endloop
  endfacet
  facet normal 0.321458 -0.946924 0
    outer loop
      vertex 4.679 89.6514 16
      vertex 4.18353 89.4832 2.5
      vertex 4.679 89.6514 2.5
    endloop
  endfacet
  facet normal 0.555573 -0.831468 0
    outer loop
      vertex 2.34267 88.4993 2.5
      vertex 2.77773 88.79 16
      vertex 2.34267 88.4993 16
    endloop
  endfacet
  facet normal 0.555573 -0.831468 0
    outer loop
      vertex 2.77773 88.79 16
      vertex 2.34267 88.4993 2.5
      vertex 2.77773 88.79 2.5
    endloop
  endfacet
  facet normal 0.608815 -0.793313 0
    outer loop
      vertex 1.92752 88.1807 2.5
      vertex 2.34267 88.4993 16
      vertex 1.92752 88.1807 16
    endloop
  endfacet
  facet normal 0.608815 -0.793313 0
    outer loop
      vertex 2.34267 88.4993 16
      vertex 1.92752 88.1807 2.5
      vertex 2.34267 88.4993 2.5
    endloop
  endfacet
  facet normal 0.442276 -0.896879 0
    outer loop
      vertex 3.23082 89.0516 2.5
      vertex 3.70007 89.283 16
      vertex 3.23082 89.0516 16
    endloop
  endfacet
  facet normal 0.442276 -0.896879 0
    outer loop
      vertex 3.70007 89.283 16
      vertex 3.23082 89.0516 2.5
      vertex 3.70007 89.283 2.5
    endloop
  endfacet
  facet normal 0.94694 -0.321409 0
    outer loop
      vertex -0.651443 84.321 16
      vertex -0.483261 84.8165 2.5
      vertex -0.483261 84.8165 16
    endloop
  endfacet
  facet normal 0.94694 -0.321409 0
    outer loop
      vertex -0.483261 84.8165 2.5
      vertex -0.651443 84.321 16
      vertex -0.651443 84.321 2.5
    endloop
  endfacet
  facet normal 0.991445 -0.130525 0
    outer loop
      vertex -0.95723 82.7836 16
      vertex -0.888916 83.3025 2.5
      vertex -0.888916 83.3025 16
    endloop
  endfacet
  facet normal 0.991445 -0.130525 0
    outer loop
      vertex -0.888916 83.3025 2.5
      vertex -0.95723 82.7836 16
      vertex -0.95723 82.7836 2.5
    endloop
  endfacet
  facet normal 0.793344 -0.608774 0
    outer loop
      vertex 0.500732 86.6574 16
      vertex 0.81926 87.0725 2.5
      vertex 0.81926 87.0725 16
    endloop
  endfacet
  facet normal 0.793344 -0.608774 0
    outer loop
      vertex 0.81926 87.0725 2.5
      vertex 0.500732 86.6574 16
      vertex 0.500732 86.6574 2.5
    endloop
  endfacet
  facet normal 0.866036 -0.499981 0
    outer loop
      vertex -0.0516052 85.7691 16
      vertex 0.210037 86.2223 2.5
      vertex 0.210037 86.2223 16
    endloop
  endfacet
  facet normal 0.866036 -0.499981 0
    outer loop
      vertex 0.210037 86.2223 2.5
      vertex -0.0516052 85.7691 16
      vertex -0.0516052 85.7691 2.5
    endloop
  endfacet
  facet normal 0.831496 -0.555531 0
    outer loop
      vertex 0.210037 86.2223 16
      vertex 0.500732 86.6574 2.5
      vertex 0.500732 86.6574 16
    endloop
  endfacet
  facet normal 0.831496 -0.555531 0
    outer loop
      vertex 0.500732 86.6574 2.5
      vertex 0.210037 86.2223 16
      vertex 0.210037 86.2223 2.5
    endloop
  endfacet
  facet normal 0.831472 0.555567 0
    outer loop
      vertex 0.500702 2.34267 16
      vertex 0.210007 2.77773 2.5
      vertex 0.210007 2.77773 16
    endloop
  endfacet
  facet normal 0.831472 0.555567 0
    outer loop
      vertex 0.210007 2.77773 2.5
      vertex 0.500702 2.34267 16
      vertex 0.500702 2.34267 2.5
    endloop
  endfacet
  facet normal 0.793351 0.608764 0
    outer loop
      vertex 0.81926 1.92752 16
      vertex 0.500702 2.34267 2.5
      vertex 0.500702 2.34267 16
    endloop
  endfacet
  facet normal 0.793351 0.608764 0
    outer loop
      vertex 0.500702 2.34267 2.5
      vertex 0.81926 1.92752 16
      vertex 0.81926 1.92752 2.5
    endloop
  endfacet
  facet normal 0.555567 0.831472 -0
    outer loop
      vertex 2.77773 0.210007 2.5
      vertex 2.34267 0.500702 16
      vertex 2.77773 0.210007 16
    endloop
  endfacet
  facet normal 0.555567 0.831472 0
    outer loop
      vertex 2.34267 0.500702 16
      vertex 2.77773 0.210007 2.5
      vertex 2.34267 0.500702 2.5
    endloop
  endfacet
  facet normal 0.659361 0.751827 -0
    outer loop
      vertex 1.92752 0.81926 2.5
      vertex 1.53415 1.16425 16
      vertex 1.92752 0.81926 16
    endloop
  endfacet
  facet normal 0.659361 0.751827 0
    outer loop
      vertex 1.53415 1.16425 16
      vertex 1.92752 0.81926 2.5
      vertex 1.53415 1.16425 2.5
    endloop
  endfacet
  facet normal 0.608764 0.793351 -0
    outer loop
      vertex 2.34267 0.500702 2.5
      vertex 1.92752 0.81926 16
      vertex 2.34267 0.500702 16
    endloop
  endfacet
  facet normal 0.608764 0.793351 0
    outer loop
      vertex 1.92752 0.81926 16
      vertex 2.34267 0.500702 2.5
      vertex 1.92752 0.81926 2.5
    endloop
  endfacet
  facet normal 0.500008 0.866021 -0
    outer loop
      vertex 3.23082 -0.05159 2.5
      vertex 2.77773 0.210007 16
      vertex 3.23082 -0.05159 16
    endloop
  endfacet
  facet normal 0.500008 0.866021 0
    outer loop
      vertex 2.77773 0.210007 16
      vertex 3.23082 -0.05159 2.5
      vertex 2.77773 0.210007 2.5
    endloop
  endfacet
  facet normal 0.382684 0.923879 -0
    outer loop
      vertex 4.18353 -0.483261 2.5
      vertex 3.70007 -0.283005 16
      vertex 4.18353 -0.483261 16
    endloop
  endfacet
  facet normal 0.382684 0.923879 0
    outer loop
      vertex 3.70007 -0.283005 16
      vertex 4.18353 -0.483261 2.5
      vertex 3.70007 -0.283005 2.5
    endloop
  endfacet
  facet normal 0.0653824 0.99786 -0
    outer loop
      vertex 6.73846 -0.99144 2.5
      vertex 6.21635 -0.95723 16
      vertex 6.73846 -0.99144 16
    endloop
  endfacet
  facet normal 0.0653824 0.99786 0
    outer loop
      vertex 6.21635 -0.95723 16
      vertex 6.73846 -0.99144 2.5
      vertex 6.21635 -0.95723 2.5
    endloop
  endfacet
  facet normal 0.258809 0.965928 -0
    outer loop
      vertex 5.18431 -0.786835 2.5
      vertex 4.679 -0.651443 16
      vertex 5.18431 -0.786835 16
    endloop
  endfacet
  facet normal 0.258809 0.965928 0
    outer loop
      vertex 4.679 -0.651443 16
      vertex 5.18431 -0.786835 2.5
      vertex 4.679 -0.651443 2.5
    endloop
  endfacet
  facet normal -0.442465 -0.896786 0
    outer loop
      vertex 109.3 89.283 2.5
      vertex 109.769 89.0516 16
      vertex 109.3 89.283 16
    endloop
  endfacet
  facet normal -0.442465 -0.896786 -0
    outer loop
      vertex 109.769 89.0516 16
      vertex 109.3 89.283 2.5
      vertex 109.769 89.0516 2.5
    endloop
  endfacet
  facet normal -0.0653771 -0.997861 0
    outer loop
      vertex 106.262 89.9914 2.5
      vertex 106.784 89.9572 16
      vertex 106.262 89.9914 16
    endloop
  endfacet
  facet normal -0.0653771 -0.997861 -0
    outer loop
      vertex 106.784 89.9572 16
      vertex 106.262 89.9914 2.5
      vertex 106.784 89.9572 2.5
    endloop
  endfacet
  facet normal -0.258972 -0.965885 0
    outer loop
      vertex 107.816 89.7868 2.5
      vertex 108.321 89.6514 16
      vertex 107.816 89.7868 16
    endloop
  endfacet
  facet normal -0.258972 -0.965885 -0
    outer loop
      vertex 108.321 89.6514 16
      vertex 107.816 89.7868 2.5
      vertex 108.321 89.6514 2.5
    endloop
  endfacet
  facet normal -0.924035 -0.382307 0
    outer loop
      vertex 113.483 84.8165 2.5
      vertex 113.283 85.2999 16
      vertex 113.283 85.2999 2.5
    endloop
  endfacet
  facet normal -0.924035 -0.382307 0
    outer loop
      vertex 113.283 85.2999 16
      vertex 113.483 84.8165 2.5
      vertex 113.483 84.8165 16
    endloop
  endfacet
  facet normal -0.831226 -0.555934 0
    outer loop
      vertex 112.79 86.2223 2.5
      vertex 112.499 86.6574 16
      vertex 112.499 86.6574 2.5
    endloop
  endfacet
  facet normal -0.831226 -0.555934 0
    outer loop
      vertex 112.499 86.6574 16
      vertex 112.79 86.2223 2.5
      vertex 112.79 86.2223 16
    endloop
  endfacet
  facet normal -0.980813 0.194951 0
    outer loop
      vertex 113.787 5.18431 2.5
      vertex 113.889 5.69748 16
      vertex 113.889 5.69748 2.5
    endloop
  endfacet
  facet normal -0.980813 0.194951 0
    outer loop
      vertex 113.889 5.69748 16
      vertex 113.787 5.18431 2.5
      vertex 113.787 5.18431 16
    endloop
  endfacet
  facet normal -0.793866 0.608092 0
    outer loop
      vertex 112.181 1.92752 2.5
      vertex 112.499 2.34267 16
      vertex 112.499 2.34267 2.5
    endloop
  endfacet
  facet normal -0.793866 0.608092 0
    outer loop
      vertex 112.499 2.34267 16
      vertex 112.181 1.92752 2.5
      vertex 112.181 1.92752 16
    endloop
  endfacet
  facet normal -0.94704 0.321115 0
    outer loop
      vertex 113.483 4.18353 2.5
      vertex 113.651 4.679 16
      vertex 113.651 4.679 2.5
    endloop
  endfacet
  facet normal -0.94704 0.321115 0
    outer loop
      vertex 113.651 4.679 16
      vertex 113.483 4.18353 2.5
      vertex 113.483 4.18353 16
    endloop
  endfacet
  facet normal -0.991518 0.129968 0
    outer loop
      vertex 113.889 5.69748 2.5
      vertex 113.957 6.21625 16
      vertex 113.957 6.21625 2.5
    endloop
  endfacet
  facet normal -0.991518 0.129968 0
    outer loop
      vertex 113.957 6.21625 16
      vertex 113.889 5.69748 2.5
      vertex 113.889 5.69748 16
    endloop
  endfacet
  facet normal -0.608866 0.793273 0
    outer loop
      vertex 111.072 0.81926 2.5
      vertex 110.657 0.500732 16
      vertex 111.072 0.81926 16
    endloop
  endfacet
  facet normal -0.608866 0.793273 0
    outer loop
      vertex 110.657 0.500732 16
      vertex 111.072 0.81926 2.5
      vertex 110.657 0.500732 2.5
    endloop
  endfacet
  facet normal -0.55562 0.831437 0
    outer loop
      vertex 110.657 0.500732 2.5
      vertex 110.222 0.210037 16
      vertex 110.657 0.500732 16
    endloop
  endfacet
  facet normal -0.55562 0.831437 0
    outer loop
      vertex 110.222 0.210037 16
      vertex 110.657 0.500732 2.5
      vertex 110.222 0.210037 2.5
    endloop
  endfacet
  facet normal -0.658764 0.75235 0
    outer loop
      vertex 111.466 1.16425 2.5
      vertex 111.072 0.81926 16
      vertex 111.466 1.16425 16
    endloop
  endfacet
  facet normal -0.658764 0.75235 0
    outer loop
      vertex 111.072 0.81926 16
      vertex 111.466 1.16425 2.5
      vertex 111.072 0.81926 2.5
    endloop
  endfacet
  facet normal 0.258824 -0.965925 0
    outer loop
      vertex 4.679 89.6514 2.5
      vertex 5.18431 89.7868 16
      vertex 4.679 89.6514 16
    endloop
  endfacet
  facet normal 0.258824 -0.965925 0
    outer loop
      vertex 5.18431 89.7868 16
      vertex 4.679 89.6514 2.5
      vertex 5.18431 89.7868 2.5
    endloop
  endfacet
  facet normal 0.659371 -0.751817 0
    outer loop
      vertex 1.53415 87.8357 2.5
      vertex 1.92752 88.1807 16
      vertex 1.53415 87.8357 16
    endloop
  endfacet
  facet normal 0.659371 -0.751817 0
    outer loop
      vertex 1.92752 88.1807 16
      vertex 1.53415 87.8357 2.5
      vertex 1.92752 88.1807 2.5
    endloop
  endfacet
  facet normal 0.500012 -0.866018 0
    outer loop
      vertex 2.77773 88.79 2.5
      vertex 3.23082 89.0516 16
      vertex 2.77773 88.79 16
    endloop
  endfacet
  facet normal 0.500012 -0.866018 0
    outer loop
      vertex 3.23082 89.0516 16
      vertex 2.77773 88.79 2.5
      vertex 3.23082 89.0516 2.5
    endloop
  endfacet
  facet normal 0.965927 -0.258814 0
    outer loop
      vertex -0.786835 83.8157 16
      vertex -0.651443 84.321 2.5
      vertex -0.651443 84.321 16
    endloop
  endfacet
  facet normal 0.965927 -0.258814 0
    outer loop
      vertex -0.651443 84.321 2.5
      vertex -0.786835 83.8157 16
      vertex -0.786835 83.8157 2.5
    endloop
  endfacet
  facet normal 0.980786 -0.195089 0
    outer loop
      vertex -0.888916 83.3025 16
      vertex -0.786835 83.8157 2.5
      vertex -0.786835 83.8157 16
    endloop
  endfacet
  facet normal 0.980786 -0.195089 0
    outer loop
      vertex -0.786835 83.8157 2.5
      vertex -0.888916 83.3025 16
      vertex -0.888916 83.3025 2.5
    endloop
  endfacet
  facet normal 0.923873 -0.3827 0
    outer loop
      vertex -0.483261 84.8165 16
      vertex -0.28302 85.2999 2.5
      vertex -0.28302 85.2999 16
    endloop
  endfacet
  facet normal 0.923873 -0.3827 0
    outer loop
      vertex -0.28302 85.2999 2.5
      vertex -0.483261 84.8165 16
      vertex -0.483261 84.8165 2.5
    endloop
  endfacet
  facet normal 0.751769 -0.659427 0
    outer loop
      vertex 0.81926 87.0725 16
      vertex 1.16425 87.4658 2.5
      vertex 1.16425 87.4658 16
    endloop
  endfacet
  facet normal 0.751769 -0.659427 0
    outer loop
      vertex 1.16425 87.4658 2.5
      vertex 0.81926 87.0725 16
      vertex 0.81926 87.0725 2.5
    endloop
  endfacet
  facet normal 0.707107 0.707107 0
    outer loop
      vertex 1.53415 1.16425 16
      vertex 1.16425 1.53415 2.5
      vertex 1.16425 1.53415 16
    endloop
  endfacet
  facet normal 0.707107 0.707107 0
    outer loop
      vertex 1.16425 1.53415 2.5
      vertex 1.53415 1.16425 16
      vertex 1.53415 1.16425 2.5
    endloop
  endfacet
  facet normal 0.999465 0.0327117 0
    outer loop
      vertex -0.99144 6.73846 16
      vertex -1 7 2.5
      vertex -1 7 16
    endloop
  endfacet
  facet normal 0.999465 0.0327117 0
    outer loop
      vertex -1 7 2.5
      vertex -0.99144 6.73846 16
      vertex -0.99144 6.73846 2.5
    endloop
  endfacet
  facet normal 0 0 1
    outer loop
      vertex 11.1177 9.8 2.5
      vertex 101.882 9.8 2.5
      vertex 11.1177 79.2 2.5
    endloop
  endfacet
  facet normal 0 0 1
    outer loop
      vertex 101.882 9.8 2.5
      vertex 11.1177 9.8 2.5
      vertex 11.6 8 2.5
    endloop
  endfacet
  facet normal -0 0 1
    outer loop
      vertex 9.8 77.8823 2.5
      vertex 11.1177 9.8 2.5
      vertex 11.1177 79.2 2.5
    endloop
  endfacet
  facet normal 0 0 1
    outer loop
      vertex 9.8 77.8823 2.5
      vertex 9.8 11.1177 2.5
      vertex 11.1177 9.8 2.5
    endloop
  endfacet
  facet normal -0 0 1
    outer loop
      vertex 8 77.4 2.5
      vertex 9.8 11.1177 2.5
      vertex 9.8 77.8823 2.5
    endloop
  endfacet
  facet normal 0 0 1
    outer loop
      vertex 8 77.4 2.5
      vertex 8 11.6 2.5
      vertex 9.8 11.1177 2.5
    endloop
  endfacet
  facet normal 0 0 1
    outer loop
      vertex 6.2 77.8823 2.5
      vertex 8 11.6 2.5
      vertex 8 77.4 2.5
    endloop
  endfacet
  facet normal 0 0 1
    outer loop
      vertex 6.2 77.8823 2.5
      vertex 6.2 11.1177 2.5
      vertex 8 11.6 2.5
    endloop
  endfacet
  facet normal 0 0 1
    outer loop
      vertex -1 82 2.5
      vertex 6.2 77.8823 2.5
      vertex 4.88231 79.2 2.5
    endloop
  endfacet
  facet normal 0 0 1
    outer loop
      vertex 6.2 77.8823 2.5
      vertex -1 82 2.5
      vertex 6.2 11.1177 2.5
    endloop
  endfacet
  facet normal 0 0 1
    outer loop
      vertex -1 82 2.5
      vertex 4.88231 79.2 2.5
      vertex 4.4 81 2.5
    endloop
  endfacet
  facet normal 0 0 1
    outer loop
      vertex -1 7 2.5
      vertex 6.2 11.1177 2.5
      vertex -1 82 2.5
    endloop
  endfacet
  facet normal 0 0 1
    outer loop
      vertex 114 82 2.5
      vertex 106.8 77.8823 2.5
      vertex 114 7 2.5
    endloop
  endfacet
  facet normal 0 0 1
    outer loop
      vertex 114 7 2.5
      vertex 108.118 9.8 2.5
      vertex 108.6 8 2.5
    endloop
  endfacet
  facet normal -0 0 1
    outer loop
      vertex 106.8 11.1177 2.5
      vertex 114 7 2.5
      vertex 106.8 77.8823 2.5
    endloop
  endfacet
  facet normal 0 0 1
    outer loop
      vertex 114 7 2.5
      vertex 106.8 11.1177 2.5
      vertex 108.118 9.8 2.5
    endloop
  endfacet
  facet normal -0 0 1
    outer loop
      vertex 105 77.4 2.5
      vertex 106.8 11.1177 2.5
      vertex 106.8 77.8823 2.5
    endloop
  endfacet
  facet normal 0 0 1
    outer loop
      vertex 105 77.4 2.5
      vertex 105 11.6 2.5
      vertex 106.8 11.1177 2.5
    endloop
  endfacet
  facet normal 0 0 1
    outer loop
      vertex 103.2 77.8823 2.5
      vertex 105 11.6 2.5
      vertex 105 77.4 2.5
    endloop
  endfacet
  facet normal 0 0 1
    outer loop
      vertex 103.2 77.8823 2.5
      vertex 103.2 11.1177 2.5
      vertex 105 11.6 2.5
    endloop
  endfacet
  facet normal 0 0 1
    outer loop
      vertex 101.882 79.2 2.5
      vertex 103.2 11.1177 2.5
      vertex 103.2 77.8823 2.5
    endloop
  endfacet
  facet normal 0 0 1
    outer loop
      vertex 101.882 79.2 2.5
      vertex 101.882 9.8 2.5
      vertex 103.2 11.1177 2.5
    endloop
  endfacet
  facet normal -0 0 1
    outer loop
      vertex 11.6 81 2.5
      vertex 101.882 79.2 2.5
      vertex 101.4 81 2.5
    endloop
  endfacet
  facet normal 0 0 1
    outer loop
      vertex 11.1177 79.2 2.5
      vertex 101.882 79.2 2.5
      vertex 11.6 81 2.5
    endloop
  endfacet
  facet normal 0 0 1
    outer loop
      vertex 108.6 81 2.5
      vertex 114 82 2.5
      vertex 113.991 82.2617 2.5
    endloop
  endfacet
  facet normal 0 0 1
    outer loop
      vertex 108.118 79.2 2.5
      vertex 114 82 2.5
      vertex 108.6 81 2.5
    endloop
  endfacet
  facet normal 0 0 1
    outer loop
      vertex 108.6 81 2.5
      vertex 113.991 82.2617 2.5
      vertex 113.957 82.7838 2.5
    endloop
  endfacet
  facet normal 0 0 1
    outer loop
      vertex 106.8 77.8823 2.5
      vertex 114 82 2.5
      vertex 108.118 79.2 2.5
    endloop
  endfacet
  facet normal -0 0 1
    outer loop
      vertex 108.118 82.8 2.5
      vertex 113.957 82.7838 2.5
      vertex 113.889 83.3025 2.5
    endloop
  endfacet
  facet normal 0 0 1
    outer loop
      vertex 114 7 2.5
      vertex 108.6 8 2.5
      vertex 113.991 6.73836 2.5
    endloop
  endfacet
  facet normal 0 0 1
    outer loop
      vertex 108.118 82.8 2.5
      vertex 113.889 83.3025 2.5
      vertex 113.787 83.8157 2.5
    endloop
  endfacet
  facet normal 0 0 1
    outer loop
      vertex 113.991 6.73836 2.5
      vertex 108.6 8 2.5
      vertex 113.957 6.21625 2.5
    endloop
  endfacet
  facet normal 0 0 1
    outer loop
      vertex 108.118 82.8 2.5
      vertex 113.787 83.8157 2.5
      vertex 113.651 84.321 2.5
    endloop
  endfacet
  facet normal 0 0 1
    outer loop
      vertex 108.118 6.2 2.5
      vertex 113.957 6.21625 2.5
      vertex 108.6 8 2.5
    endloop
  endfacet
  facet normal 0 0 1
    outer loop
      vertex 108.118 82.8 2.5
      vertex 113.651 84.321 2.5
      vertex 113.483 84.8165 2.5
    endloop
  endfacet
  facet normal 0 0 1
    outer loop
      vertex 113.957 6.21625 2.5
      vertex 108.118 6.2 2.5
      vertex 113.889 5.69748 2.5
    endloop
  endfacet
  facet normal 0 0 1
    outer loop
      vertex 108.118 82.8 2.5
      vertex 113.483 84.8165 2.5
      vertex 113.283 85.2999 2.5
    endloop
  endfacet
  facet normal 0 0 1
    outer loop
      vertex 113.889 5.69748 2.5
      vertex 108.118 6.2 2.5
      vertex 113.787 5.18431 2.5
    endloop
  endfacet
  facet normal 0 0 1
    outer loop
      vertex 108.118 82.8 2.5
      vertex 113.283 85.2999 2.5
      vertex 113.052 85.7691 2.5
    endloop
  endfacet
  facet normal 0 0 1
    outer loop
      vertex 113.787 5.18431 2.5
      vertex 108.118 6.2 2.5
      vertex 113.651 4.679 2.5
    endloop
  endfacet
  facet normal 0 0 1
    outer loop
      vertex 113.483 4.18353 2.5
      vertex 108.118 6.2 2.5
      vertex 113.283 3.70007 2.5
    endloop
  endfacet
  facet normal 0 0 1
    outer loop
      vertex 108.118 82.8 2.5
      vertex 113.052 85.7691 2.5
      vertex 112.79 86.2223 2.5
    endloop
  endfacet
  facet normal 0 0 1
    outer loop
      vertex 113.283 3.70007 2.5
      vertex 108.118 6.2 2.5
      vertex 113.052 3.23082 2.5
    endloop
  endfacet
  facet normal 0 0 1
    outer loop
      vertex 108.118 82.8 2.5
      vertex 112.79 86.2223 2.5
      vertex 112.499 86.6574 2.5
    endloop
  endfacet
  facet normal 0 0 1
    outer loop
      vertex 108.118 82.8 2.5
      vertex 112.499 86.6574 2.5
      vertex 112.181 87.0725 2.5
    endloop
  endfacet
  facet normal 0 0 1
    outer loop
      vertex 113.651 4.679 2.5
      vertex 108.118 6.2 2.5
      vertex 113.483 4.18353 2.5
    endloop
  endfacet
  facet normal 0 0 1
    outer loop
      vertex 108.118 82.8 2.5
      vertex 112.181 87.0725 2.5
      vertex 111.836 87.4658 2.5
    endloop
  endfacet
  facet normal 0 0 1
    outer loop
      vertex 113.052 3.23082 2.5
      vertex 108.118 6.2 2.5
      vertex 112.79 2.77773 2.5
    endloop
  endfacet
  facet normal 0 0 1
    outer loop
      vertex 108.118 82.8 2.5
      vertex 111.836 87.4658 2.5
      vertex 111.466 87.8357 2.5
    endloop
  endfacet
  facet normal 0 0 1
    outer loop
      vertex 112.79 2.77773 2.5
      vertex 108.118 6.2 2.5
      vertex 112.499 2.34267 2.5
    endloop
  endfacet
  facet normal 0 0 1
    outer loop
      vertex 106.8 84.1177 2.5
      vertex 111.466 87.8357 2.5
      vertex 111.072 88.1807 2.5
    endloop
  endfacet
  facet normal 0 0 1
    outer loop
      vertex 112.499 2.34267 2.5
      vertex 108.118 6.2 2.5
      vertex 112.181 1.92752 2.5
    endloop
  endfacet
  facet normal 0 0 1
    outer loop
      vertex 106.8 84.1177 2.5
      vertex 111.072 88.1807 2.5
      vertex 110.657 88.4993 2.5
    endloop
  endfacet
  facet normal 0 0 1
    outer loop
      vertex 112.181 1.92752 2.5
      vertex 108.118 6.2 2.5
      vertex 111.836 1.53415 2.5
    endloop
  endfacet
  facet normal 0 0 1
    outer loop
      vertex 106.8 84.1177 2.5
      vertex 110.657 88.4993 2.5
      vertex 110.222 88.7899 2.5
    endloop
  endfacet
  facet normal 0 0 1
    outer loop
      vertex 111.836 1.53415 2.5
      vertex 108.118 6.2 2.5
      vertex 111.466 1.16425 2.5
    endloop
  endfacet
  facet normal 0 0 1
    outer loop
      vertex 106.8 84.1177 2.5
      vertex 110.222 88.7899 2.5
      vertex 109.769 89.0516 2.5
    endloop
  endfacet
  facet normal -0 0 1
    outer loop
      vertex 106.8 4.88231 2.5
      vertex 111.466 1.16425 2.5
      vertex 108.118 6.2 2.5
    endloop
  endfacet
  facet normal 0 0 1
    outer loop
      vertex 106.8 84.1177 2.5
      vertex 109.769 89.0516 2.5
      vertex 109.3 89.283 2.5
    endloop
  endfacet
  facet normal 0 0 1
    outer loop
      vertex 111.466 1.16425 2.5
      vertex 106.8 4.88231 2.5
      vertex 111.072 0.81926 2.5
    endloop
  endfacet
  facet normal 0 0 1
    outer loop
      vertex 106.8 84.1177 2.5
      vertex 109.3 89.283 2.5
      vertex 108.816 89.4832 2.5
    endloop
  endfacet
  facet normal 0 0 1
    outer loop
      vertex 111.072 0.81926 2.5
      vertex 106.8 4.88231 2.5
      vertex 110.657 0.500732 2.5
    endloop
  endfacet
  facet normal 0 0 1
    outer loop
      vertex 110.657 0.500732 2.5
      vertex 106.8 4.88231 2.5
      vertex 110.222 0.210037 2.5
    endloop
  endfacet
  facet normal 0 0 1
    outer loop
      vertex 106.8 84.1177 2.5
      vertex 108.816 89.4832 2.5
      vertex 108.321 89.6514 2.5
    endloop
  endfacet
  facet normal 0 0 1
    outer loop
      vertex 113.957 82.7838 2.5
      vertex 108.118 82.8 2.5
      vertex 108.6 81 2.5
    endloop
  endfacet
  facet normal 0 0 1
    outer loop
      vertex 106.8 84.1177 2.5
      vertex 108.321 89.6514 2.5
      vertex 107.816 89.7868 2.5
    endloop
  endfacet
  facet normal 0 0 1
    outer loop
      vertex 106.8 84.1177 2.5
      vertex 107.816 89.7868 2.5
      vertex 107.303 89.8889 2.5
    endloop
  endfacet
  facet normal 0 0 1
    outer loop
      vertex 111.466 87.8357 2.5
      vertex 106.8 84.1177 2.5
      vertex 108.118 82.8 2.5
    endloop
  endfacet
  facet normal 0 0 1
    outer loop
      vertex 106.784 89.9572 2.5
      vertex 106.8 84.1177 2.5
      vertex 107.303 89.8889 2.5
    endloop
  endfacet
  facet normal 0 0 1
    outer loop
      vertex 105 84.6 2.5
      vertex 106.784 89.9572 2.5
      vertex 106.262 89.9914 2.5
    endloop
  endfacet
  facet normal 0 0 1
    outer loop
      vertex 105 84.6 2.5
      vertex 106.262 89.9914 2.5
      vertex 106 90 2.5
    endloop
  endfacet
  facet normal 0 0 1
    outer loop
      vertex 106.784 89.9572 2.5
      vertex 105 84.6 2.5
      vertex 106.8 84.1177 2.5
    endloop
  endfacet
  facet normal 0 0 1
    outer loop
      vertex 106 90 2.5
      vertex 103.2 84.1177 2.5
      vertex 105 84.6 2.5
    endloop
  endfacet
  facet normal 0 0 1
    outer loop
      vertex 106 90 2.5
      vertex 101.882 82.8 2.5
      vertex 103.2 84.1177 2.5
    endloop
  endfacet
  facet normal 0 0 1
    outer loop
      vertex 101.882 79.2 2.5
      vertex 11.1177 79.2 2.5
      vertex 101.882 9.8 2.5
    endloop
  endfacet
  facet normal 0 0 1
    outer loop
      vertex 101.882 82.8 2.5
      vertex 11.6 81 2.5
      vertex 101.4 81 2.5
    endloop
  endfacet
  facet normal 0 0 1
    outer loop
      vertex 11.1177 82.8 2.5
      vertex 101.882 82.8 2.5
      vertex 106 90 2.5
    endloop
  endfacet
  facet normal 0 0 1
    outer loop
      vertex 101.882 82.8 2.5
      vertex 11.1177 82.8 2.5
      vertex 11.6 81 2.5
    endloop
  endfacet
  facet normal -0 0 1
    outer loop
      vertex 7 90 2.5
      vertex 11.1177 82.8 2.5
      vertex 106 90 2.5
    endloop
  endfacet
  facet normal 0 0 1
    outer loop
      vertex 11.1177 82.8 2.5
      vertex 7 90 2.5
      vertex 9.8 84.1177 2.5
    endloop
  endfacet
  facet normal 0 0 1
    outer loop
      vertex 9.8 84.1177 2.5
      vertex 7 90 2.5
      vertex 8 84.6 2.5
    endloop
  endfacet
  facet normal -0 0 1
    outer loop
      vertex 6.73836 89.9914 2.5
      vertex 8 84.6 2.5
      vertex 7 90 2.5
    endloop
  endfacet
  facet normal -0 0 1
    outer loop
      vertex 6.21625 89.9572 2.5
      vertex 8 84.6 2.5
      vertex 6.73836 89.9914 2.5
    endloop
  endfacet
  facet normal 0 0 1
    outer loop
      vertex 6.21625 89.9572 2.5
      vertex 6.2 84.1177 2.5
      vertex 8 84.6 2.5
    endloop
  endfacet
  facet normal -0 0 1
    outer loop
      vertex 5.69748 89.8889 2.5
      vertex 6.2 84.1177 2.5
      vertex 6.21625 89.9572 2.5
    endloop
  endfacet
  facet normal -0 0 1
    outer loop
      vertex 5.18431 89.7868 2.5
      vertex 6.2 84.1177 2.5
      vertex 5.69748 89.8889 2.5
    endloop
  endfacet
  facet normal -0 0 1
    outer loop
      vertex 4.679 89.6514 2.5
      vertex 6.2 84.1177 2.5
      vertex 5.18431 89.7868 2.5
    endloop
  endfacet
  facet normal -0 0 1
    outer loop
      vertex 4.18353 89.4832 2.5
      vertex 6.2 84.1177 2.5
      vertex 4.679 89.6514 2.5
    endloop
  endfacet
  facet normal -0 0 1
    outer loop
      vertex 3.70007 89.283 2.5
      vertex 6.2 84.1177 2.5
      vertex 4.18353 89.4832 2.5
    endloop
  endfacet
  facet normal -0 0 1
    outer loop
      vertex 2.77773 88.79 2.5
      vertex 6.2 84.1177 2.5
      vertex 3.23082 89.0516 2.5
    endloop
  endfacet
  facet normal -0 0 1
    outer loop
      vertex 3.23082 89.0516 2.5
      vertex 6.2 84.1177 2.5
      vertex 3.70007 89.283 2.5
    endloop
  endfacet
  facet normal 0 0 1
    outer loop
      vertex 110.222 0.210037 2.5
      vertex 106.8 4.88231 2.5
      vertex 109.769 -0.0516052 2.5
    endloop
  endfacet
  facet normal 0 0 1
    outer loop
      vertex 109.769 -0.0516052 2.5
      vertex 106.8 4.88231 2.5
      vertex 109.3 -0.28302 2.5
    endloop
  endfacet
  facet normal 0 0 1
    outer loop
      vertex 109.3 -0.28302 2.5
      vertex 106.8 4.88231 2.5
      vertex 108.816 -0.483261 2.5
    endloop
  endfacet
  facet normal 0 0 1
    outer loop
      vertex 108.816 -0.483261 2.5
      vertex 106.8 4.88231 2.5
      vertex 108.321 -0.651443 2.5
    endloop
  endfacet
  facet normal 0 0 1
    outer loop
      vertex 108.321 -0.651443 2.5
      vertex 106.8 4.88231 2.5
      vertex 107.816 -0.786835 2.5
    endloop
  endfacet
  facet normal 0 0 1
    outer loop
      vertex 107.816 -0.786835 2.5
      vertex 106.8 4.88231 2.5
      vertex 107.303 -0.888916 2.5
    endloop
  endfacet
  facet normal 0 0 1
    outer loop
      vertex 106.8 4.88231 2.5
      vertex 106.784 -0.95723 2.5
      vertex 107.303 -0.888916 2.5
    endloop
  endfacet
  facet normal -0 0 1
    outer loop
      vertex 105 4.4 2.5
      vertex 106.784 -0.95723 2.5
      vertex 106.8 4.88231 2.5
    endloop
  endfacet
  facet normal 0 0 1
    outer loop
      vertex 106.784 -0.95723 2.5
      vertex 105 4.4 2.5
      vertex 106.262 -0.99144 2.5
    endloop
  endfacet
  facet normal 0 0 1
    outer loop
      vertex 106.262 -0.99144 2.5
      vertex 105 4.4 2.5
      vertex 106 -1 2.5
    endloop
  endfacet
  facet normal 0 0 1
    outer loop
      vertex 103.2 4.88231 2.5
      vertex 106 -1 2.5
      vertex 105 4.4 2.5
    endloop
  endfacet
  facet normal 0 0 1
    outer loop
      vertex 101.882 6.2 2.5
      vertex 106 -1 2.5
      vertex 103.2 4.88231 2.5
    endloop
  endfacet
  facet normal 0 0 1
    outer loop
      vertex 101.882 9.8 2.5
      vertex 11.6 8 2.5
      vertex 101.4 8 2.5
    endloop
  endfacet
  facet normal 0 0 1
    outer loop
      vertex 101.4 8 2.5
      vertex 11.6 8 2.5
      vertex 101.882 6.2 2.5
    endloop
  endfacet
  facet normal 0 0 1
    outer loop
      vertex 11.1177 6.2 2.5
      vertex 101.882 6.2 2.5
      vertex 11.6 8 2.5
    endloop
  endfacet
  facet normal 0 0 1
    outer loop
      vertex 101.882 6.2 2.5
      vertex 11.1177 6.2 2.5
      vertex 106 -1 2.5
    endloop
  endfacet
  facet normal 0 0 1
    outer loop
      vertex 7 -1 2.5
      vertex 11.1177 6.2 2.5
      vertex 9.8 4.88231 2.5
    endloop
  endfacet
  facet normal 0 0 1
    outer loop
      vertex 7 -1 2.5
      vertex 9.8 4.88231 2.5
      vertex 8 4.4 2.5
    endloop
  endfacet
  facet normal 0 0 1
    outer loop
      vertex 11.1177 6.2 2.5
      vertex 7 -1 2.5
      vertex 106 -1 2.5
    endloop
  endfacet
  facet normal 0 0 1
    outer loop
      vertex 8 4.4 2.5
      vertex 6.73846 -0.99144 2.5
      vertex 7 -1 2.5
    endloop
  endfacet
  facet normal 0 0 1
    outer loop
      vertex 8 4.4 2.5
      vertex 6.21635 -0.95723 2.5
      vertex 6.73846 -0.99144 2.5
    endloop
  endfacet
  facet normal 0 0 1
    outer loop
      vertex 6.2 4.88231 2.5
      vertex 6.21635 -0.95723 2.5
      vertex 8 4.4 2.5
    endloop
  endfacet
  facet normal 0 0 1
    outer loop
      vertex 6.2 4.88231 2.5
      vertex 5.69748 -0.888916 2.5
      vertex 6.21635 -0.95723 2.5
    endloop
  endfacet
  facet normal 0 0 1
    outer loop
      vertex 6.2 4.88231 2.5
      vertex 5.18431 -0.786835 2.5
      vertex 5.69748 -0.888916 2.5
    endloop
  endfacet
  facet normal 0 0 1
    outer loop
      vertex 1.53415 1.16425 2.5
      vertex 6.2 4.88231 2.5
      vertex 4.88231 6.2 2.5
    endloop
  endfacet
  facet normal 0 0 1
    outer loop
      vertex 6.2 4.88231 2.5
      vertex 4.679 -0.651443 2.5
      vertex 5.18431 -0.786835 2.5
    endloop
  endfacet
  facet normal -0 0 1
    outer loop
      vertex -0.95723 6.21635 2.5
      vertex 4.88231 6.2 2.5
      vertex 4.4 8 2.5
    endloop
  endfacet
  facet normal 0 0 1
    outer loop
      vertex 6.2 4.88231 2.5
      vertex 4.18353 -0.483261 2.5
      vertex 4.679 -0.651443 2.5
    endloop
  endfacet
  facet normal 0 0 1
    outer loop
      vertex 6.2 11.1177 2.5
      vertex -1 7 2.5
      vertex 4.88231 9.8 2.5
    endloop
  endfacet
  facet normal -0 0 1
    outer loop
      vertex 2.34267 88.4993 2.5
      vertex 6.2 84.1177 2.5
      vertex 2.77773 88.79 2.5
    endloop
  endfacet
  facet normal 0 0 1
    outer loop
      vertex 4.88231 9.8 2.5
      vertex -1 7 2.5
      vertex 4.4 8 2.5
    endloop
  endfacet
  facet normal -0 0 1
    outer loop
      vertex 1.92752 88.1807 2.5
      vertex 6.2 84.1177 2.5
      vertex 2.34267 88.4993 2.5
    endloop
  endfacet
  facet normal 0 -0 1
    outer loop
      vertex -0.99144 6.73846 2.5
      vertex 4.4 8 2.5
      vertex -1 7 2.5
    endloop
  endfacet
  facet normal -0 0 1
    outer loop
      vertex 1.53415 87.8357 2.5
      vertex 6.2 84.1177 2.5
      vertex 1.92752 88.1807 2.5
    endloop
  endfacet
  facet normal 0 -0 1
    outer loop
      vertex -0.95723 6.21635 2.5
      vertex 4.4 8 2.5
      vertex -0.99144 6.73846 2.5
    endloop
  endfacet
  facet normal 0 0 1
    outer loop
      vertex 6.2 84.1177 2.5
      vertex 1.53415 87.8357 2.5
      vertex 4.88231 82.8 2.5
    endloop
  endfacet
  facet normal 0 0 1
    outer loop
      vertex 6.2 4.88231 2.5
      vertex 3.70007 -0.283005 2.5
      vertex 4.18353 -0.483261 2.5
    endloop
  endfacet
  facet normal -0 0 1
    outer loop
      vertex 1.16425 87.4658 2.5
      vertex 4.88231 82.8 2.5
      vertex 1.53415 87.8357 2.5
    endloop
  endfacet
  facet normal 0 0 1
    outer loop
      vertex 6.2 4.88231 2.5
      vertex 3.23082 -0.05159 2.5
      vertex 3.70007 -0.283005 2.5
    endloop
  endfacet
  facet normal -0 0 1
    outer loop
      vertex 0.81926 87.0725 2.5
      vertex 4.88231 82.8 2.5
      vertex 1.16425 87.4658 2.5
    endloop
  endfacet
  facet normal 0 0 1
    outer loop
      vertex 6.2 4.88231 2.5
      vertex 2.77773 0.210007 2.5
      vertex 3.23082 -0.05159 2.5
    endloop
  endfacet
  facet normal -0 0 1
    outer loop
      vertex 0.500732 86.6574 2.5
      vertex 4.88231 82.8 2.5
      vertex 0.81926 87.0725 2.5
    endloop
  endfacet
  facet normal 0 0 1
    outer loop
      vertex 6.2 4.88231 2.5
      vertex 2.34267 0.500702 2.5
      vertex 2.77773 0.210007 2.5
    endloop
  endfacet
  facet normal -0 0 1
    outer loop
      vertex 0.210037 86.2223 2.5
      vertex 4.88231 82.8 2.5
      vertex 0.500732 86.6574 2.5
    endloop
  endfacet
  facet normal 0 0 1
    outer loop
      vertex 6.2 4.88231 2.5
      vertex 1.92752 0.81926 2.5
      vertex 2.34267 0.500702 2.5
    endloop
  endfacet
  facet normal -0 0 1
    outer loop
      vertex -0.0516052 85.7691 2.5
      vertex 4.88231 82.8 2.5
      vertex 0.210037 86.2223 2.5
    endloop
  endfacet
  facet normal 0 0 1
    outer loop
      vertex 6.2 4.88231 2.5
      vertex 1.53415 1.16425 2.5
      vertex 1.92752 0.81926 2.5
    endloop
  endfacet
  facet normal -0 0 1
    outer loop
      vertex -0.28302 85.2999 2.5
      vertex 4.88231 82.8 2.5
      vertex -0.0516052 85.7691 2.5
    endloop
  endfacet
  facet normal 0 0 1
    outer loop
      vertex 4.88231 6.2 2.5
      vertex 1.16425 1.53415 2.5
      vertex 1.53415 1.16425 2.5
    endloop
  endfacet
  facet normal 0 0 1
    outer loop
      vertex 4.88231 6.2 2.5
      vertex 0.500702 2.34267 2.5
      vertex 0.81926 1.92752 2.5
    endloop
  endfacet
  facet normal -0 0 1
    outer loop
      vertex -0.483261 84.8165 2.5
      vertex 4.88231 82.8 2.5
      vertex -0.28302 85.2999 2.5
    endloop
  endfacet
  facet normal 0 0 1
    outer loop
      vertex 4.88231 6.2 2.5
      vertex 0.210007 2.77773 2.5
      vertex 0.500702 2.34267 2.5
    endloop
  endfacet
  facet normal -0 0 1
    outer loop
      vertex -0.651443 84.321 2.5
      vertex 4.88231 82.8 2.5
      vertex -0.483261 84.8165 2.5
    endloop
  endfacet
  facet normal -0 0 1
    outer loop
      vertex -0.786835 83.8157 2.5
      vertex 4.88231 82.8 2.5
      vertex -0.651443 84.321 2.5
    endloop
  endfacet
  facet normal 0 0 1
    outer loop
      vertex 4.88231 6.2 2.5
      vertex 0.81926 1.92752 2.5
      vertex 1.16425 1.53415 2.5
    endloop
  endfacet
  facet normal -0 0 1
    outer loop
      vertex -0.888916 83.3025 2.5
      vertex 4.88231 82.8 2.5
      vertex -0.786835 83.8157 2.5
    endloop
  endfacet
  facet normal 0 0 1
    outer loop
      vertex 4.88231 6.2 2.5
      vertex -0.05159 3.23082 2.5
      vertex 0.210007 2.77773 2.5
    endloop
  endfacet
  facet normal 0 0 1
    outer loop
      vertex -0.95723 82.7836 2.5
      vertex 4.88231 82.8 2.5
      vertex -0.888916 83.3025 2.5
    endloop
  endfacet
  facet normal 0 0 1
    outer loop
      vertex 4.88231 6.2 2.5
      vertex -0.283005 3.70007 2.5
      vertex -0.05159 3.23082 2.5
    endloop
  endfacet
  facet normal 0 0 1
    outer loop
      vertex 4.88231 82.8 2.5
      vertex -0.95723 82.7836 2.5
      vertex 4.4 81 2.5
    endloop
  endfacet
  facet normal 0 0 1
    outer loop
      vertex 4.88231 6.2 2.5
      vertex -0.483261 4.18353 2.5
      vertex -0.283005 3.70007 2.5
    endloop
  endfacet
  facet normal 0 0 1
    outer loop
      vertex 4.4 81 2.5
      vertex -0.95723 82.7836 2.5
      vertex -0.99144 82.2615 2.5
    endloop
  endfacet
  facet normal 0 0 1
    outer loop
      vertex 4.88231 6.2 2.5
      vertex -0.651443 4.679 2.5
      vertex -0.483261 4.18353 2.5
    endloop
  endfacet
  facet normal 0 0 1
    outer loop
      vertex 4.4 81 2.5
      vertex -0.99144 82.2615 2.5
      vertex -1 82 2.5
    endloop
  endfacet
  facet normal 0 0 1
    outer loop
      vertex 4.88231 6.2 2.5
      vertex -0.786835 5.18431 2.5
      vertex -0.651443 4.679 2.5
    endloop
  endfacet
  facet normal 0 0 1
    outer loop
      vertex 4.88231 6.2 2.5
      vertex -0.888916 5.69748 2.5
      vertex -0.786835 5.18431 2.5
    endloop
  endfacet
  facet normal 0 0 1
    outer loop
      vertex 4.88231 6.2 2.5
      vertex -0.95723 6.21635 2.5
      vertex -0.888916 5.69748 2.5
    endloop
  endfacet
  facet normal 0.991444 0.130533 0
    outer loop
      vertex -0.888916 5.69748 16
      vertex -0.95723 6.21635 2.5
      vertex -0.95723 6.21635 16
    endloop
  endfacet
  facet normal 0.991444 0.130533 0
    outer loop
      vertex -0.95723 6.21635 2.5
      vertex -0.888916 5.69748 16
      vertex -0.888916 5.69748 2.5
    endloop
  endfacet
  facet normal 0.923879 0.382684 0
    outer loop
      vertex -0.283005 3.70007 16
      vertex -0.483261 4.18353 2.5
      vertex -0.483261 4.18353 16
    endloop
  endfacet
  facet normal 0.923879 0.382684 0
    outer loop
      vertex -0.483261 4.18353 2.5
      vertex -0.283005 3.70007 16
      vertex -0.283005 3.70007 2.5
    endloop
  endfacet
  facet normal 0.896868 0.442299 0
    outer loop
      vertex -0.05159 3.23082 16
      vertex -0.283005 3.70007 2.5
      vertex -0.283005 3.70007 16
    endloop
  endfacet
  facet normal 0.896868 0.442299 0
    outer loop
      vertex -0.283005 3.70007 2.5
      vertex -0.05159 3.23082 16
      vertex -0.05159 3.23082 2.5
    endloop
  endfacet
  facet normal 0.866021 0.500008 0
    outer loop
      vertex 0.210007 2.77773 16
      vertex -0.05159 3.23082 2.5
      vertex -0.05159 3.23082 16
    endloop
  endfacet
  facet normal 0.866021 0.500008 0
    outer loop
      vertex -0.05159 3.23082 2.5
      vertex 0.210007 2.77773 16
      vertex 0.210007 2.77773 2.5
    endloop
  endfacet
  facet normal 0.442299 0.896868 -0
    outer loop
      vertex 3.70007 -0.283005 2.5
      vertex 3.23082 -0.05159 16
      vertex 3.70007 -0.283005 16
    endloop
  endfacet
  facet normal 0.442299 0.896868 0
    outer loop
      vertex 3.23082 -0.05159 16
      vertex 3.70007 -0.283005 2.5
      vertex 3.23082 -0.05159 2.5
    endloop
  endfacet
  facet normal -0.658775 -0.75234 0
    outer loop
      vertex 111.072 88.1807 2.5
      vertex 111.466 87.8357 16
      vertex 111.072 88.1807 16
    endloop
  endfacet
  facet normal -0.658775 -0.75234 -0
    outer loop
      vertex 111.466 87.8357 16
      vertex 111.072 88.1807 2.5
      vertex 111.466 87.8357 2.5
    endloop
  endfacet
  facet normal -0.707011 -0.707202 0
    outer loop
      vertex 111.836 87.4658 2.5
      vertex 111.466 87.8357 16
      vertex 111.466 87.8357 2.5
    endloop
  endfacet
  facet normal -0.707011 -0.707202 0
    outer loop
      vertex 111.466 87.8357 16
      vertex 111.836 87.4658 2.5
      vertex 111.836 87.4658 16
    endloop
  endfacet
  facet normal -0.999409 -0.0343702 0
    outer loop
      vertex 114 82 2.5
      vertex 113.991 82.2617 16
      vertex 113.991 82.2617 2.5
    endloop
  endfacet
  facet normal -0.999409 -0.0343702 0
    outer loop
      vertex 113.991 82.2617 16
      vertex 114 82 2.5
      vertex 114 82 16
    endloop
  endfacet
  facet normal -0.947046 -0.321097 0
    outer loop
      vertex 113.651 84.321 2.5
      vertex 113.483 84.8165 16
      vertex 113.483 84.8165 2.5
    endloop
  endfacet
  facet normal -0.947046 -0.321097 0
    outer loop
      vertex 113.483 84.8165 16
      vertex 113.651 84.321 2.5
      vertex 113.651 84.321 16
    endloop
  endfacet
  facet normal -0.793831 -0.608138 0
    outer loop
      vertex 112.499 86.6574 2.5
      vertex 112.181 87.0725 16
      vertex 112.181 87.0725 2.5
    endloop
  endfacet
  facet normal -0.793831 -0.608138 0
    outer loop
      vertex 112.181 87.0725 16
      vertex 112.499 86.6574 2.5
      vertex 112.499 86.6574 16
    endloop
  endfacet
  facet normal -0.86574 -0.500494 0
    outer loop
      vertex 113.052 85.7691 2.5
      vertex 112.79 86.2223 16
      vertex 112.79 86.2223 2.5
    endloop
  endfacet
  facet normal -0.86574 -0.500494 0
    outer loop
      vertex 112.79 86.2223 16
      vertex 113.052 85.7691 2.5
      vertex 113.052 85.7691 16
    endloop
  endfacet
  facet normal -0.831203 0.555969 0
    outer loop
      vertex 112.499 2.34267 2.5
      vertex 112.79 2.77773 16
      vertex 112.79 2.77773 2.5
    endloop
  endfacet
  facet normal -0.831203 0.555969 0
    outer loop
      vertex 112.79 2.77773 16
      vertex 112.499 2.34267 2.5
      vertex 112.499 2.34267 16
    endloop
  endfacet
  facet normal -0.924052 0.382266 0
    outer loop
      vertex 113.283 3.70007 2.5
      vertex 113.483 4.18353 16
      vertex 113.483 4.18353 2.5
    endloop
  endfacet
  facet normal -0.924052 0.382266 0
    outer loop
      vertex 113.483 4.18353 16
      vertex 113.283 3.70007 2.5
      vertex 113.283 3.70007 16
    endloop
  endfacet
  facet normal -0.965637 0.259893 0
    outer loop
      vertex 113.651 4.679 2.5
      vertex 113.787 5.18431 16
      vertex 113.787 5.18431 2.5
    endloop
  endfacet
  facet normal -0.965637 0.259893 0
    outer loop
      vertex 113.787 5.18431 16
      vertex 113.651 4.679 2.5
      vertex 113.651 4.679 16
    endloop
  endfacet
  facet normal -0.751817 0.659371 0
    outer loop
      vertex 111.836 1.53415 2.5
      vertex 112.181 1.92752 16
      vertex 112.181 1.92752 2.5
    endloop
  endfacet
  facet normal -0.751817 0.659371 0
    outer loop
      vertex 112.181 1.92752 16
      vertex 111.836 1.53415 2.5
      vertex 111.836 1.53415 16
    endloop
  endfacet
  facet normal -0.382295 0.92404 0
    outer loop
      vertex 109.3 -0.28302 2.5
      vertex 108.816 -0.483261 16
      vertex 109.3 -0.28302 16
    endloop
  endfacet
  facet normal -0.382295 0.92404 0
    outer loop
      vertex 108.816 -0.483261 16
      vertex 109.3 -0.28302 2.5
      vertex 108.816 -0.483261 2.5
    endloop
  endfacet
  facet normal -0.3217 0.946842 0
    outer loop
      vertex 108.816 -0.483261 2.5
      vertex 108.321 -0.651443 16
      vertex 108.816 -0.483261 16
    endloop
  endfacet
  facet normal -0.3217 0.946842 0
    outer loop
      vertex 108.321 -0.651443 16
      vertex 108.816 -0.483261 2.5
      vertex 108.321 -0.651443 2.5
    endloop
  endfacet
  facet normal -0.195162 0.980771 0
    outer loop
      vertex 107.816 -0.786835 2.5
      vertex 107.303 -0.888916 16
      vertex 107.816 -0.786835 16
    endloop
  endfacet
  facet normal -0.195162 0.980771 0
    outer loop
      vertex 107.303 -0.888916 16
      vertex 107.816 -0.786835 2.5
      vertex 107.303 -0.888916 2.5
    endloop
  endfacet
  facet normal 0.896849 -0.442336 0
    outer loop
      vertex -0.28302 85.2999 16
      vertex -0.0516052 85.7691 2.5
      vertex -0.0516052 85.7691 16
    endloop
  endfacet
  facet normal 0.896849 -0.442336 0
    outer loop
      vertex -0.0516052 85.7691 2.5
      vertex -0.28302 85.2999 16
      vertex -0.28302 85.2999 2.5
    endloop
  endfacet
  facet normal 0.980783 0.1951 0
    outer loop
      vertex -0.786835 5.18431 16
      vertex -0.888916 5.69748 2.5
      vertex -0.888916 5.69748 16
    endloop
  endfacet
  facet normal 0.980783 0.1951 0
    outer loop
      vertex -0.888916 5.69748 2.5
      vertex -0.786835 5.18431 16
      vertex -0.786835 5.18431 2.5
    endloop
  endfacet
  facet normal 0.99786 0.0653824 0
    outer loop
      vertex -0.95723 6.21635 16
      vertex -0.99144 6.73846 2.5
      vertex -0.99144 6.73846 16
    endloop
  endfacet
  facet normal 0.99786 0.0653824 0
    outer loop
      vertex -0.99144 6.73846 2.5
      vertex -0.95723 6.21635 16
      vertex -0.95723 6.21635 2.5
    endloop
  endfacet
  facet normal 0.946934 0.321427 0
    outer loop
      vertex -0.483261 4.18353 16
      vertex -0.651443 4.679 2.5
      vertex -0.651443 4.679 16
    endloop
  endfacet
  facet normal 0.946934 0.321427 0
    outer loop
      vertex -0.651443 4.679 2.5
      vertex -0.483261 4.18353 16
      vertex -0.483261 4.18353 2.5
    endloop
  endfacet
  facet normal -0.980815 -0.19494 0
    outer loop
      vertex 113.889 83.3025 2.5
      vertex 113.787 83.8157 16
      vertex 113.787 83.8157 2.5
    endloop
  endfacet
  facet normal -0.980815 -0.19494 0
    outer loop
      vertex 113.787 83.8157 16
      vertex 113.889 83.3025 2.5
      vertex 113.889 83.3025 16
    endloop
  endfacet
  facet normal -0.991516 -0.129985 0
    outer loop
      vertex 113.957 82.7838 2.5
      vertex 113.889 83.3025 16
      vertex 113.889 83.3025 2.5
    endloop
  endfacet
  facet normal -0.991516 -0.129985 0
    outer loop
      vertex 113.889 83.3025 16
      vertex 113.957 82.7838 2.5
      vertex 113.957 82.7838 16
    endloop
  endfacet
  facet normal -0.997886 -0.064984 0
    outer loop
      vertex 113.991 82.2617 2.5
      vertex 113.957 82.7838 16
      vertex 113.957 82.7838 2.5
    endloop
  endfacet
  facet normal -0.997886 -0.064984 0
    outer loop
      vertex 113.957 82.7838 16
      vertex 113.991 82.2617 2.5
      vertex 113.991 82.2617 16
    endloop
  endfacet
  facet normal -0.897164 -0.441698 0
    outer loop
      vertex 113.283 85.2999 2.5
      vertex 113.052 85.7691 16
      vertex 113.052 85.7691 2.5
    endloop
  endfacet
  facet normal -0.897164 -0.441698 0
    outer loop
      vertex 113.052 85.7691 16
      vertex 113.283 85.2999 2.5
      vertex 113.283 85.2999 16
    endloop
  endfacet
  facet normal -0.865687 0.500585 0
    outer loop
      vertex 112.79 2.77773 2.5
      vertex 113.052 3.23082 16
      vertex 113.052 3.23082 2.5
    endloop
  endfacet
  facet normal -0.865687 0.500585 0
    outer loop
      vertex 113.052 3.23082 16
      vertex 112.79 2.77773 2.5
      vertex 112.79 2.77773 16
    endloop
  endfacet
  facet normal -0.442488 0.896774 0
    outer loop
      vertex 109.769 -0.0516052 2.5
      vertex 109.3 -0.28302 16
      vertex 109.769 -0.0516052 16
    endloop
  endfacet
  facet normal -0.442488 0.896774 0
    outer loop
      vertex 109.3 -0.28302 16
      vertex 109.769 -0.0516052 2.5
      vertex 109.3 -0.28302 2.5
    endloop
  endfacet
  facet normal -0.258958 0.965889 0
    outer loop
      vertex 108.321 -0.651443 2.5
      vertex 107.816 -0.786835 16
      vertex 108.321 -0.651443 16
    endloop
  endfacet
  facet normal -0.258958 0.965889 0
    outer loop
      vertex 107.816 -0.786835 16
      vertex 108.321 -0.651443 2.5
      vertex 107.816 -0.786835 2.5
    endloop
  endfacet
  facet normal 1 -0 0
    outer loop
      vertex 50 90 13.5
      vertex 50 92.5 5.5
      vertex 50 92.5 13.5
    endloop
  endfacet
  facet normal 1 0 0
    outer loop
      vertex 50 92.5 5.5
      vertex 50 90 13.5
      vertex 50 90 5.5
    endloop
  endfacet
  facet normal 0 0 -1
    outer loop
      vertex 50 90 13.5
      vertex 63 92.5 13.5
      vertex 63 90 13.5
    endloop
  endfacet
  facet normal -0 0 -1
    outer loop
      vertex 63 92.5 13.5
      vertex 50 90 13.5
      vertex 50 92.5 13.5
    endloop
  endfacet
  facet normal -1 0 0
    outer loop
      vertex 63 90 5.5
      vertex 63 92.5 13.5
      vertex 63 92.5 5.5
    endloop
  endfacet
  facet normal -1 -0 0
    outer loop
      vertex 63 92.5 13.5
      vertex 63 90 5.5
      vertex 63 90 13.5
    endloop
  endfacet
  facet normal -0 0 1
    outer loop
      vertex 50 92.5 5.5
      vertex 63 90 5.5
      vertex 63 92.5 5.5
    endloop
  endfacet
  facet normal 0 0 1
    outer loop
      vertex 63 90 5.5
      vertex 50 92.5 5.5
      vertex 50 90 5.5
    endloop
  endfacet
  facet normal 0 -1 0
    outer loop
      vertex 50 92.5 5.5
      vertex 63 92.5 13.5
      vertex 50 92.5 13.5
    endloop
  endfacet
  facet normal 0 -1 -0
    outer loop
      vertex 63 92.5 13.5
      vertex 50 92.5 5.5
      vertex 63 92.5 5.5
    endloop
  endfacet
endsolid OpenSCAD_Model
